2026-10-03 10:42:35 WARN  o.s.b.t.j.DuplicateJsonObjectContextCustomizerFactory$DuplicateJsonObjectContextCustomizer - 

Found multiple occurrences of org.json.JSONObject on the class path:

	jar:file:/Users/ch/.m2/repository/org/json/json/20140107/json-20140107.jar!/org/json/JSONObject.class
	jar:file:/Users/ch/.m2/repository/com/vaadin/external/google/android-json/0.0.20131108.vaadin1/android-json-0.0.20131108.vaadin1.jar!/org/json/JSONObject.class

You may wish to exclude one of them to ensure predictable runtime behavior

2026-10-03 10:42:35 INFO  c.d.f.r.DocumentDoubleFundingIndexTest - Starting DocumentDoubleFundingIndexTest using Java 21.0.8 with PID 78500 (started by ch in /Users/ch/Documents/Desarrollo de sistemas/FinCXPXC/CXP_DAV_SERVER_REFACTOR)
2026-10-03 10:42:35 INFO  c.d.f.r.DocumentDoubleFundingIndexTest - No active profile set, falling back to 1 default profile: "default"
2026-10-03 10:42:35 INFO  o.s.d.r.c.RepositoryConfigurationDelegate - Bootstrapping Spring Data JPA repositories in DEFAULT mode.
2026-10-03 10:42:35 INFO  o.s.d.r.c.RepositoryConfigurationDelegate - Finished Spring Data repository scanning in 47 ms. Found 26 JPA repository interfaces.
2026-10-03 10:42:36 INFO  org.flywaydb.core.FlywayExecutor - Database: jdbc:postgresql://localhost:51832/test (PostgreSQL 16.9)
2026-10-03 10:42:36 INFO  o.f.c.i.s.JdbcTableSchemaHistory - Schema history table "public"."flyway_schema_history" does not exist yet
2026-10-03 10:42:36 INFO  o.f.core.internal.command.DbValidate - Successfully validated 6 migrations (execution time 00:00.008s)
2026-10-03 10:42:36 INFO  o.f.c.i.s.JdbcTableSchemaHistory - Creating Schema History table "public"."flyway_schema_history" ...
2026-10-03 10:42:36 INFO  o.f.core.internal.command.DbMigrate - Current version of schema "public": << Empty Schema >>
2026-10-03 10:42:36 INFO  o.f.core.internal.command.DbMigrate - Migrating schema "public" to version "1 - esquema inicial"
2026-10-03 10:42:36 INFO  o.f.core.internal.command.DbMigrate - Migrating schema "public" to version "2 - datos de referencia"
2026-10-03 10:42:36 INFO  o.f.core.internal.command.DbMigrate - Migrating schema "public" to version "3 - montos calculados con todos los decimales"
2026-10-03 10:42:36 INFO  o.f.core.internal.command.DbMigrate - Migrating schema "public" to version "4 - estado inactivado por pagador"
2026-10-03 10:42:36 INFO  o.f.core.internal.command.DbMigrate - Migrating schema "public" to version "5 - lotes de dispersion"
2026-10-03 10:42:36 INFO  o.f.core.internal.command.DbMigrate - Migrating schema "public" to version "6 - alta de usuarios proveedor fuera de la carga"
2026-10-03 10:42:36 INFO  o.f.core.internal.command.DbMigrate - Successfully applied 6 migrations to schema "public", now at version v6 (execution time 00:00.084s)
2026-10-03 10:42:36 INFO  o.h.jpa.internal.util.LogHelper - HHH000204: Processing PersistenceUnitInfo [name: default]
2026-10-03 10:42:36 INFO  org.hibernate.Version - HHH000412: Hibernate ORM core version 6.5.2.Final
2026-10-03 10:42:36 INFO  o.h.c.i.RegionFactoryInitiator - HHH000026: Second-level cache disabled
2026-10-03 10:42:36 INFO  com.zaxxer.hikari.HikariDataSource - HikariPool-1 - Starting...
2026-10-03 10:42:36 INFO  com.zaxxer.hikari.pool.HikariPool - HikariPool-1 - Added connection org.postgresql.jdbc.PgConnection@311a09b2
2026-10-03 10:42:36 INFO  com.zaxxer.hikari.HikariDataSource - HikariPool-1 - Start completed.
2026-10-03 10:42:36 WARN  org.hibernate.orm.deprecation - HHH90000025: PostgreSQLDialect does not need to be specified explicitly using 'hibernate.dialect' (remove the property setting and it will be selected by default)
2026-10-03 10:42:36 INFO  o.s.o.j.p.SpringPersistenceUnitInfo - No LoadTimeWeaver setup: ignoring JPA class transformer
2026-10-03 10:42:37 INFO  o.h.e.t.j.p.i.JtaPlatformInitiator - HHH000489: No JTA platform available (set 'hibernate.transaction.jta.platform' to enable JTA platform integration)
2026-10-03 10:42:37 INFO  o.s.o.j.LocalContainerEntityManagerFactoryBean - Initialized JPA EntityManagerFactory for persistence unit 'default'
2026-10-03 10:42:37 INFO  o.s.d.j.r.query.QueryEnhancerFactory - Hibernate is in classpath; If applicable, HQL parser will be used.
2026-10-03 10:42:37 INFO  c.d.f.r.DocumentDoubleFundingIndexTest - Started DocumentDoubleFundingIndexTest in 2.157 seconds (process running for 6.905)
2026-10-03 10:42:38 WARN  o.h.e.jdbc.spi.SqlExceptionHelper - SQL Error: 0, SQLState: 23505
2026-10-03 10:42:38 ERROR o.h.e.jdbc.spi.SqlExceptionHelper - ERROR: duplicate key value violates unique constraint "uq_documents_generation_code"
  Detail: Key (upper(generation_code::text))=(AB12CD34-0000-4000-8000-000000000001) already exists.
2026-10-03 10:42:38 WARN  o.h.e.jdbc.spi.SqlExceptionHelper - SQL Error: 0, SQLState: 23505
2026-10-03 10:42:38 ERROR o.h.e.jdbc.spi.SqlExceptionHelper - ERROR: duplicate key value violates unique constraint "uq_documents_received_stamp"
  Detail: Key (upper(received_stamp::text))=(AAAAAAAAAAAAAAAAAAAAAAAAAAAAAAAAAAAAAAAA) already exists.
2026-10-03 10:42:38 WARN  o.h.e.jdbc.spi.SqlExceptionHelper - SQL Error: 0, SQLState: 23505
2026-10-03 10:42:38 ERROR o.h.e.jdbc.spi.SqlExceptionHelper - ERROR: duplicate key value violates unique constraint "uq_documents_control_number"
  Detail: Key (upper(control_number::text))=(DTE-03-ABCD1234-000000000000001) already exists.
2026-10-03 10:42:38 WARN  o.h.e.jdbc.spi.SqlExceptionHelper - SQL Error: 0, SQLState: 23505
2026-10-03 10:42:38 ERROR o.h.e.jdbc.spi.SqlExceptionHelper - ERROR: duplicate key value violates unique constraint "uq_documents_paper_number_year"
  Detail: Key (master_agreement_id, document_number, EXTRACT(year FROM issue_date))=(f464547b-9cd2-4876-92d2-e98dded898b9, F-100, 2026) already exists.
2026-10-03 10:42:38 INFO  c.d.f.s.impl.DocumentServiceImpl - Cupo null liberado por inactivación de 1 documento(s): consumo $5000.00 -> $4000.00.
2026-10-03 10:42:38 INFO  c.d.f.s.impl.DocumentServiceImpl - Documento 5d58954c-085f-45d2-98ef-27e2eb28aa19 inactivado manualmente por el usuario fc9b0dd6-d0c6-488e-8c3a-2be07825d36c.
2026-10-03 10:42:38 INFO  c.d.f.s.impl.DocumentServiceImpl - Cupo null liberado por inactivación de 1 documento(s): consumo $5000.00 -> $4000.00.
2026-10-03 10:42:38 INFO  c.d.f.s.impl.DocumentServiceImpl - Documento 2198f0f0-9f6f-42f8-929d-16debcd7fbe1 inactivado manualmente por el usuario c794dd06-a63a-4d84-8040-0d414b421a6d.
2026-10-03 10:42:38 INFO  c.d.f.s.impl.DocumentServiceImpl - Fetching financeable documents for master agreement ID: 6896f7c0-e934-4e6d-a5ab-e6b70a43bb5a
2026-10-03 10:42:38 INFO  c.d.f.s.impl.DocumentServiceImpl - Cupo null liberado por inactivación de 1 documento(s): consumo $5000.00 -> $4000.00.
2026-10-03 10:42:38 INFO  c.d.f.s.impl.DocumentServiceImpl - 1 documento(s) del convenio 6896f7c0-e934-4e6d-a5ab-e6b70a43bb5a pasaron a cuarentena por no ser financiables.
2026-10-03 10:42:38 INFO  c.d.f.s.i.DispersionBatchServiceImpl - Lote de dispersión DSP-20261002-11F207 creado: pagador b7572559-fe69-4c63-a1fa-fb34e924cdaf, vencimiento 2026-09-20, 1 documento(s), total 100.00.
2026-10-03 10:42:38 INFO  c.d.f.s.i.DispersionBatchServiceImpl - Lote de dispersión DSP-20261002-ABC123 confirmado por el usuario de0edde6-a81c-4379-b439-ad61755e2ce4: 2 documento(s) dispersados.
2026-10-03 10:42:38 INFO  c.d.f.s.i.DispersionBatchServiceImpl - Lote de dispersión DSP-20261002-2D16E2 creado: pagador cd606074-0b83-49c7-a358-1e8a6d22188e, vencimiento 2026-10-05, 2 documento(s), total 17347.00.
2026-10-03 10:42:38 ERROR c.d.f.service.impl.FundingCalculator - División por cero evitada: la base no puede ser cero.
2026-10-03 10:42:38 INFO  c.d.f.service.impl.FundingCalculator - [CALCULO] Totales | nominal 3500.55 | monto a financiar 3440.491071731711441470 | interés 60.058928268288558530 | comisión con IVA 9.719387277642084823 | a desembolsar 3430.771684454069356647
2026-10-03 10:42:38 INFO  o.s.t.c.s.AnnotationConfigContextLoaderUtils - Could not detect default configuration classes for test class [com.davivienda.factoraje.infrastructure.config.SecurityConfigTest]: SecurityConfigTest does not declare any static, non-private, non-final, nested classes annotated with @Configuration.
2026-10-03 10:42:39 INFO  o.s.b.t.c.SpringBootTestContextBootstrapper - Found @SpringBootConfiguration com.davivienda.factoraje.FactorajeApplication for test class com.davivienda.factoraje.infrastructure.config.SecurityConfigTest
2026-10-03 10:42:39 INFO  o.s.b.d.r.RestartApplicationListener - Restart disabled due to context in which it is running
2026-10-03 10:42:39 WARN  o.s.b.t.j.DuplicateJsonObjectContextCustomizerFactory$DuplicateJsonObjectContextCustomizer - 

Found multiple occurrences of org.json.JSONObject on the class path:

	jar:file:/Users/ch/.m2/repository/org/json/json/20140107/json-20140107.jar!/org/json/JSONObject.class
	jar:file:/Users/ch/.m2/repository/com/vaadin/external/google/android-json/0.0.20131108.vaadin1/android-json-0.0.20131108.vaadin1.jar!/org/json/JSONObject.class

You may wish to exclude one of them to ensure predictable runtime behavior

2026-10-03 10:42:39 INFO  c.d.f.i.config.SecurityConfigTest - Starting SecurityConfigTest using Java 21.0.8 with PID 78500 (started by ch in /Users/ch/Documents/Desarrollo de sistemas/FinCXPXC/CXP_DAV_SERVER_REFACTOR)
2026-10-03 10:42:39 INFO  c.d.f.i.config.SecurityConfigTest - No active profile set, falling back to 1 default profile: "default"
2026-10-03 10:42:39 INFO  o.s.s.c.a.a.c.InitializeUserDetailsBeanManagerConfigurer$InitializeUserDetailsManagerConfigurer - Global AuthenticationManager configured with UserDetailsService bean with name inMemoryUserDetailsManager
2026-10-03 10:42:39 INFO  o.s.s.web.DefaultSecurityFilterChain - Will secure any request with [org.springframework.security.web.session.DisableEncodeUrlFilter@4cec1ee8, org.springframework.security.web.context.request.async.WebAsyncManagerIntegrationFilter@4f449753, org.springframework.security.web.context.SecurityContextHolderFilter@b71af3f, org.springframework.security.web.header.HeaderWriterFilter@7d017e4, org.springframework.web.filter.CorsFilter@3e249127, org.springframework.security.web.authentication.logout.LogoutFilter@622c53d2, com.davivienda.factoraje.infrastructure.security.JwtAuthenticationFilter@42b47c3, org.springframework.security.web.savedrequest.RequestCacheAwareFilter@3e77c173, org.springframework.security.web.servletapi.SecurityContextHolderAwareRequestFilter@3b1e4de1, org.springframework.security.web.authentication.AnonymousAuthenticationFilter@be7c108, org.springframework.security.web.session.SessionManagementFilter@220d8c2b, org.springframework.security.web.access.ExceptionTranslationFilter@7f1faa83, org.springframework.security.web.access.intercept.AuthorizationFilter@3d37c38d]
2026-10-03 10:42:39 INFO  o.s.b.t.m.w.SpringBootMockServletContext - Initializing Spring TestDispatcherServlet ''
2026-10-03 10:42:39 INFO  o.s.t.w.s.TestDispatcherServlet - Initializing Servlet ''
2026-10-03 10:42:39 INFO  o.s.t.w.s.TestDispatcherServlet - Completed initialization in 0 ms
2026-10-03 10:42:39 INFO  c.d.f.i.config.SecurityConfigTest - Started SecurityConfigTest in 0.557 seconds (process running for 8.715)
2026-10-03 10:42:39 INFO  o.s.o.j.LocalContainerEntityManagerFactoryBean - Closing JPA EntityManagerFactory for persistence unit 'default'
2026-10-03 10:42:39 INFO  com.zaxxer.hikari.HikariDataSource - HikariPool-1 - Shutdown initiated...
2026-10-03 10:42:39 INFO  com.zaxxer.hikari.HikariDataSource - HikariPool-1 - Shutdown completed.
2026-10-03 10:44:44 WARN  o.s.b.t.j.DuplicateJsonObjectContextCustomizerFactory$DuplicateJsonObjectContextCustomizer - 

Found multiple occurrences of org.json.JSONObject on the class path:

	jar:file:/Users/ch/.m2/repository/org/json/json/20140107/json-20140107.jar!/org/json/JSONObject.class
	jar:file:/Users/ch/.m2/repository/com/vaadin/external/google/android-json/0.0.20131108.vaadin1/android-json-0.0.20131108.vaadin1.jar!/org/json/JSONObject.class

You may wish to exclude one of them to ensure predictable runtime behavior

2026-10-03 10:44:44 INFO  c.d.f.r.DocumentDoubleFundingIndexTest - Starting DocumentDoubleFundingIndexTest using Java 21.0.8 with PID 79676 (started by ch in /Users/ch/Documents/Desarrollo de sistemas/FinCXPXC/CXP_DAV_SERVER_REFACTOR)
2026-10-03 10:44:44 INFO  c.d.f.r.DocumentDoubleFundingIndexTest - No active profile set, falling back to 1 default profile: "default"
2026-10-03 10:44:44 INFO  o.s.d.r.c.RepositoryConfigurationDelegate - Bootstrapping Spring Data JPA repositories in DEFAULT mode.
2026-10-03 10:44:45 INFO  o.s.d.r.c.RepositoryConfigurationDelegate - Finished Spring Data repository scanning in 42 ms. Found 26 JPA repository interfaces.
2026-10-03 10:44:45 INFO  org.flywaydb.core.FlywayExecutor - Database: jdbc:postgresql://localhost:52028/test (PostgreSQL 16.9)
2026-10-03 10:44:45 INFO  o.f.c.i.s.JdbcTableSchemaHistory - Schema history table "public"."flyway_schema_history" does not exist yet
2026-10-03 10:44:45 INFO  o.f.core.internal.command.DbValidate - Successfully validated 6 migrations (execution time 00:00.009s)
2026-10-03 10:44:45 INFO  o.f.c.i.s.JdbcTableSchemaHistory - Creating Schema History table "public"."flyway_schema_history" ...
2026-10-03 10:44:45 INFO  o.f.core.internal.command.DbMigrate - Current version of schema "public": << Empty Schema >>
2026-10-03 10:44:45 INFO  o.f.core.internal.command.DbMigrate - Migrating schema "public" to version "1 - esquema inicial"
2026-10-03 10:44:45 INFO  o.f.core.internal.command.DbMigrate - Migrating schema "public" to version "2 - datos de referencia"
2026-10-03 10:44:45 INFO  o.f.core.internal.command.DbMigrate - Migrating schema "public" to version "3 - montos calculados con todos los decimales"
2026-10-03 10:44:45 INFO  o.f.core.internal.command.DbMigrate - Migrating schema "public" to version "4 - estado inactivado por pagador"
2026-10-03 10:44:45 INFO  o.f.core.internal.command.DbMigrate - Migrating schema "public" to version "5 - lotes de dispersion"
2026-10-03 10:44:45 INFO  o.f.core.internal.command.DbMigrate - Migrating schema "public" to version "6 - alta de usuarios proveedor fuera de la carga"
2026-10-03 10:44:45 INFO  o.f.core.internal.command.DbMigrate - Successfully applied 6 migrations to schema "public", now at version v6 (execution time 00:00.072s)
2026-10-03 10:44:45 INFO  o.h.jpa.internal.util.LogHelper - HHH000204: Processing PersistenceUnitInfo [name: default]
2026-10-03 10:44:45 INFO  org.hibernate.Version - HHH000412: Hibernate ORM core version 6.5.2.Final
2026-10-03 10:44:45 INFO  o.h.c.i.RegionFactoryInitiator - HHH000026: Second-level cache disabled
2026-10-03 10:44:45 INFO  com.zaxxer.hikari.HikariDataSource - HikariPool-1 - Starting...
2026-10-03 10:44:45 INFO  com.zaxxer.hikari.pool.HikariPool - HikariPool-1 - Added connection org.postgresql.jdbc.PgConnection@5ae87de0
2026-10-03 10:44:45 INFO  com.zaxxer.hikari.HikariDataSource - HikariPool-1 - Start completed.
2026-10-03 10:44:45 WARN  org.hibernate.orm.deprecation - HHH90000025: PostgreSQLDialect does not need to be specified explicitly using 'hibernate.dialect' (remove the property setting and it will be selected by default)
2026-10-03 10:44:45 INFO  o.s.o.j.p.SpringPersistenceUnitInfo - No LoadTimeWeaver setup: ignoring JPA class transformer
2026-10-03 10:44:46 INFO  o.h.e.t.j.p.i.JtaPlatformInitiator - HHH000489: No JTA platform available (set 'hibernate.transaction.jta.platform' to enable JTA platform integration)
2026-10-03 10:44:46 INFO  o.s.o.j.LocalContainerEntityManagerFactoryBean - Initialized JPA EntityManagerFactory for persistence unit 'default'
2026-10-03 10:44:46 INFO  o.s.d.j.r.query.QueryEnhancerFactory - Hibernate is in classpath; If applicable, HQL parser will be used.
2026-10-03 10:44:46 INFO  c.d.f.r.DocumentDoubleFundingIndexTest - Started DocumentDoubleFundingIndexTest in 2.02 seconds (process running for 3.689)
2026-10-03 10:44:46 WARN  o.h.e.jdbc.spi.SqlExceptionHelper - SQL Error: 0, SQLState: 23505
2026-10-03 10:44:46 ERROR o.h.e.jdbc.spi.SqlExceptionHelper - ERROR: duplicate key value violates unique constraint "uq_documents_generation_code"
  Detail: Key (upper(generation_code::text))=(AB12CD34-0000-4000-8000-000000000001) already exists.
2026-10-03 10:44:47 WARN  o.h.e.jdbc.spi.SqlExceptionHelper - SQL Error: 0, SQLState: 23505
2026-10-03 10:44:47 ERROR o.h.e.jdbc.spi.SqlExceptionHelper - ERROR: duplicate key value violates unique constraint "uq_documents_received_stamp"
  Detail: Key (upper(received_stamp::text))=(AAAAAAAAAAAAAAAAAAAAAAAAAAAAAAAAAAAAAAAA) already exists.
2026-10-03 10:44:47 WARN  o.h.e.jdbc.spi.SqlExceptionHelper - SQL Error: 0, SQLState: 23505
2026-10-03 10:44:47 ERROR o.h.e.jdbc.spi.SqlExceptionHelper - ERROR: duplicate key value violates unique constraint "uq_documents_control_number"
  Detail: Key (upper(control_number::text))=(DTE-03-ABCD1234-000000000000001) already exists.
2026-10-03 10:44:47 WARN  o.h.e.jdbc.spi.SqlExceptionHelper - SQL Error: 0, SQLState: 23505
2026-10-03 10:44:47 ERROR o.h.e.jdbc.spi.SqlExceptionHelper - ERROR: duplicate key value violates unique constraint "uq_documents_paper_number_year"
  Detail: Key (master_agreement_id, document_number, EXTRACT(year FROM issue_date))=(070dbe70-a68f-4808-b03f-0cdd5e012172, F-100, 2026) already exists.
2026-10-03 10:44:47 INFO  c.d.f.s.impl.DocumentServiceImpl - Cupo null liberado por inactivación de 1 documento(s): consumo $5000.00 -> $4000.00.
2026-10-03 10:44:47 INFO  c.d.f.s.impl.DocumentServiceImpl - Documento 9d1b9e0b-bce3-4394-9e24-eaa393e423c1 inactivado manualmente por el usuario b99ecb88-80c5-4672-bc7b-f6221fda6673.
2026-10-03 10:44:47 INFO  c.d.f.s.impl.DocumentServiceImpl - Cupo null liberado por inactivación de 1 documento(s): consumo $5000.00 -> $4000.00.
2026-10-03 10:44:47 INFO  c.d.f.s.impl.DocumentServiceImpl - Documento 1ff858f5-090d-4c29-aff0-a1f65760ed4d inactivado manualmente por el usuario e5d63084-a9a5-449b-ae5a-69c49e060b4a.
2026-10-03 10:44:47 INFO  c.d.f.s.impl.DocumentServiceImpl - Fetching financeable documents for master agreement ID: 5b5008ed-3aa6-4bcb-a652-f2a981cee3c3
2026-10-03 10:44:47 INFO  c.d.f.s.impl.DocumentServiceImpl - Cupo null liberado por inactivación de 1 documento(s): consumo $5000.00 -> $4000.00.
2026-10-03 10:44:47 INFO  c.d.f.s.impl.DocumentServiceImpl - 1 documento(s) del convenio 5b5008ed-3aa6-4bcb-a652-f2a981cee3c3 pasaron a cuarentena por no ser financiables.
2026-10-03 10:44:47 INFO  c.d.f.s.i.DispersionBatchServiceImpl - Lote de dispersión DSP-20261002-3B892A creado: pagador 5028aa80-8820-433a-a657-21e747e4c89b, vencimiento 2026-09-20, 1 documento(s), total 100.00.
2026-10-03 10:44:47 INFO  c.d.f.s.i.DispersionBatchServiceImpl - Lote de dispersión DSP-20261002-ABC123 confirmado por el usuario 48ba7bbd-bd11-449c-8358-b66695a14f4f: 2 documento(s) dispersados.
2026-10-03 10:44:47 INFO  c.d.f.s.i.DispersionBatchServiceImpl - Lote de dispersión DSP-20261002-7F97E8 creado: pagador 61f0709d-fbf9-473a-8a85-1b39fef65f72, vencimiento 2026-10-05, 2 documento(s), total 17347.00.
2026-10-03 10:44:47 ERROR c.d.f.service.impl.FundingCalculator - División por cero evitada: la base no puede ser cero.
2026-10-03 10:44:47 INFO  c.d.f.service.impl.FundingCalculator - [CALCULO] Totales | nominal 3500.55 | monto a financiar 3440.491071731711441470 | interés 60.058928268288558530 | comisión con IVA 9.719387277642084823 | a desembolsar 3430.771684454069356647
2026-10-03 10:44:47 INFO  o.s.t.c.s.AnnotationConfigContextLoaderUtils - Could not detect default configuration classes for test class [com.davivienda.factoraje.infrastructure.config.SecurityConfigTest]: SecurityConfigTest does not declare any static, non-private, non-final, nested classes annotated with @Configuration.
2026-10-03 10:44:47 INFO  o.s.b.t.c.SpringBootTestContextBootstrapper - Found @SpringBootConfiguration com.davivienda.factoraje.FactorajeApplication for test class com.davivienda.factoraje.infrastructure.config.SecurityConfigTest
2026-10-03 10:44:47 INFO  o.s.b.d.r.RestartApplicationListener - Restart disabled due to context in which it is running
2026-10-03 10:44:47 WARN  o.s.b.t.j.DuplicateJsonObjectContextCustomizerFactory$DuplicateJsonObjectContextCustomizer - 

Found multiple occurrences of org.json.JSONObject on the class path:

	jar:file:/Users/ch/.m2/repository/org/json/json/20140107/json-20140107.jar!/org/json/JSONObject.class
	jar:file:/Users/ch/.m2/repository/com/vaadin/external/google/android-json/0.0.20131108.vaadin1/android-json-0.0.20131108.vaadin1.jar!/org/json/JSONObject.class

You may wish to exclude one of them to ensure predictable runtime behavior

2026-10-03 10:44:47 INFO  c.d.f.i.config.SecurityConfigTest - Starting SecurityConfigTest using Java 21.0.8 with PID 79676 (started by ch in /Users/ch/Documents/Desarrollo de sistemas/FinCXPXC/CXP_DAV_SERVER_REFACTOR)
2026-10-03 10:44:47 INFO  c.d.f.i.config.SecurityConfigTest - No active profile set, falling back to 1 default profile: "default"
2026-10-03 10:44:48 INFO  o.s.s.c.a.a.c.InitializeUserDetailsBeanManagerConfigurer$InitializeUserDetailsManagerConfigurer - Global AuthenticationManager configured with UserDetailsService bean with name inMemoryUserDetailsManager
2026-10-03 10:44:48 INFO  o.s.s.web.DefaultSecurityFilterChain - Will secure any request with [org.springframework.security.web.session.DisableEncodeUrlFilter@1c650d81, org.springframework.security.web.context.request.async.WebAsyncManagerIntegrationFilter@1c577f1c, org.springframework.security.web.context.SecurityContextHolderFilter@301cd87f, org.springframework.security.web.header.HeaderWriterFilter@31fa9f32, org.springframework.web.filter.CorsFilter@4a05adf4, org.springframework.security.web.authentication.logout.LogoutFilter@1a6dbd2d, com.davivienda.factoraje.infrastructure.security.JwtAuthenticationFilter@319869fd, org.springframework.security.web.savedrequest.RequestCacheAwareFilter@1c21d3de, org.springframework.security.web.servletapi.SecurityContextHolderAwareRequestFilter@220d8c2b, org.springframework.security.web.authentication.AnonymousAuthenticationFilter@1927d1c7, org.springframework.security.web.session.SessionManagementFilter@787124a, org.springframework.security.web.access.ExceptionTranslationFilter@43014ee8, org.springframework.security.web.access.intercept.AuthorizationFilter@622c53d2]
2026-10-03 10:44:48 INFO  o.s.b.t.m.w.SpringBootMockServletContext - Initializing Spring TestDispatcherServlet ''
2026-10-03 10:44:48 INFO  o.s.t.w.s.TestDispatcherServlet - Initializing Servlet ''
2026-10-03 10:44:48 INFO  o.s.t.w.s.TestDispatcherServlet - Completed initialization in 0 ms
2026-10-03 10:44:48 INFO  c.d.f.i.config.SecurityConfigTest - Started SecurityConfigTest in 0.498 seconds (process running for 5.464)
2026-10-03 10:44:48 INFO  o.s.o.j.LocalContainerEntityManagerFactoryBean - Closing JPA EntityManagerFactory for persistence unit 'default'
2026-10-03 10:44:48 INFO  com.zaxxer.hikari.HikariDataSource - HikariPool-1 - Shutdown initiated...
2026-10-03 10:44:48 INFO  com.zaxxer.hikari.HikariDataSource - HikariPool-1 - Shutdown completed.
2026-10-03 12:14:05 WARN  o.s.b.t.j.DuplicateJsonObjectContextCustomizerFactory$DuplicateJsonObjectContextCustomizer - 

Found multiple occurrences of org.json.JSONObject on the class path:

	jar:file:/Users/ch/.m2/repository/org/json/json/20140107/json-20140107.jar!/org/json/JSONObject.class
	jar:file:/Users/ch/.m2/repository/com/vaadin/external/google/android-json/0.0.20131108.vaadin1/android-json-0.0.20131108.vaadin1.jar!/org/json/JSONObject.class

You may wish to exclude one of them to ensure predictable runtime behavior

2026-10-03 12:14:05 INFO  c.d.f.r.DocumentDoubleFundingIndexTest - Starting DocumentDoubleFundingIndexTest using Java 21.0.8 with PID 61591 (started by ch in /Users/ch/Documents/Desarrollo de sistemas/FinCXPXC/CXP_DAV_SERVER_REFACTOR)
2026-10-03 12:14:05 INFO  c.d.f.r.DocumentDoubleFundingIndexTest - No active profile set, falling back to 1 default profile: "default"
2026-10-03 12:14:05 INFO  o.s.d.r.c.RepositoryConfigurationDelegate - Bootstrapping Spring Data JPA repositories in DEFAULT mode.
2026-10-03 12:14:05 INFO  o.s.d.r.c.RepositoryConfigurationDelegate - Finished Spring Data repository scanning in 43 ms. Found 27 JPA repository interfaces.
2026-10-03 12:14:06 INFO  org.flywaydb.core.FlywayExecutor - Database: jdbc:postgresql://localhost:54551/test (PostgreSQL 16.9)
2026-10-03 12:14:06 INFO  o.f.c.i.s.JdbcTableSchemaHistory - Schema history table "public"."flyway_schema_history" does not exist yet
2026-10-03 12:14:06 INFO  o.f.core.internal.command.DbValidate - Successfully validated 9 migrations (execution time 00:00.008s)
2026-10-03 12:14:06 INFO  o.f.c.i.s.JdbcTableSchemaHistory - Creating Schema History table "public"."flyway_schema_history" ...
2026-10-03 12:14:06 INFO  o.f.core.internal.command.DbMigrate - Current version of schema "public": << Empty Schema >>
2026-10-03 12:14:06 INFO  o.f.core.internal.command.DbMigrate - Migrating schema "public" to version "1 - esquema inicial"
2026-10-03 12:14:06 INFO  o.f.core.internal.command.DbMigrate - Migrating schema "public" to version "2 - datos de referencia"
2026-10-03 12:14:06 INFO  o.f.core.internal.command.DbMigrate - Migrating schema "public" to version "3 - montos calculados con todos los decimales"
2026-10-03 12:14:06 INFO  o.f.core.internal.command.DbMigrate - Migrating schema "public" to version "4 - estado inactivado por pagador"
2026-10-03 12:14:06 INFO  o.f.core.internal.command.DbMigrate - Migrating schema "public" to version "5 - lotes de dispersion"
2026-10-03 12:14:06 INFO  o.f.core.internal.command.DbMigrate - Migrating schema "public" to version "6 - alta de usuarios proveedor fuera de la carga"
2026-10-03 12:14:06 INFO  o.f.core.internal.command.DbMigrate - Migrating schema "public" to version "7 - eliminar niu de entidades"
2026-10-03 12:14:06 INFO  o.f.core.internal.command.DbMigrate - Migrating schema "public" to version "8 - eliminar rol operator"
2026-10-03 12:14:06 INFO  o.f.core.internal.command.DbMigrate - Migrating schema "public" to version "9 - recursos de carga"
2026-10-03 12:14:06 INFO  o.f.core.internal.command.DbMigrate - Successfully applied 9 migrations to schema "public", now at version v9 (execution time 00:00.091s)
2026-10-03 12:14:06 INFO  o.h.jpa.internal.util.LogHelper - HHH000204: Processing PersistenceUnitInfo [name: default]
2026-10-03 12:14:06 INFO  org.hibernate.Version - HHH000412: Hibernate ORM core version 6.5.2.Final
2026-10-03 12:14:06 INFO  o.h.c.i.RegionFactoryInitiator - HHH000026: Second-level cache disabled
2026-10-03 12:14:06 INFO  com.zaxxer.hikari.HikariDataSource - HikariPool-1 - Starting...
2026-10-03 12:14:06 INFO  com.zaxxer.hikari.pool.HikariPool - HikariPool-1 - Added connection org.postgresql.jdbc.PgConnection@6fefc5ea
2026-10-03 12:14:06 INFO  com.zaxxer.hikari.HikariDataSource - HikariPool-1 - Start completed.
2026-10-03 12:14:06 WARN  org.hibernate.orm.deprecation - HHH90000025: PostgreSQLDialect does not need to be specified explicitly using 'hibernate.dialect' (remove the property setting and it will be selected by default)
2026-10-03 12:14:06 INFO  o.s.o.j.p.SpringPersistenceUnitInfo - No LoadTimeWeaver setup: ignoring JPA class transformer
2026-10-03 12:14:07 INFO  o.h.e.t.j.p.i.JtaPlatformInitiator - HHH000489: No JTA platform available (set 'hibernate.transaction.jta.platform' to enable JTA platform integration)
2026-10-03 12:14:07 INFO  o.s.o.j.LocalContainerEntityManagerFactoryBean - Initialized JPA EntityManagerFactory for persistence unit 'default'
2026-10-03 12:14:07 INFO  o.s.d.j.r.query.QueryEnhancerFactory - Hibernate is in classpath; If applicable, HQL parser will be used.
2026-10-03 12:14:07 INFO  c.d.f.r.DocumentDoubleFundingIndexTest - Started DocumentDoubleFundingIndexTest in 2.134 seconds (process running for 3.963)
2026-10-03 12:14:07 WARN  o.h.e.jdbc.spi.SqlExceptionHelper - SQL Error: 0, SQLState: 23505
2026-10-03 12:14:07 ERROR o.h.e.jdbc.spi.SqlExceptionHelper - ERROR: duplicate key value violates unique constraint "uq_documents_generation_code"
  Detail: Key (upper(generation_code::text))=(AB12CD34-0000-4000-8000-000000000001) already exists.
2026-10-03 12:14:07 WARN  o.h.e.jdbc.spi.SqlExceptionHelper - SQL Error: 0, SQLState: 23505
2026-10-03 12:14:07 ERROR o.h.e.jdbc.spi.SqlExceptionHelper - ERROR: duplicate key value violates unique constraint "uq_documents_received_stamp"
  Detail: Key (upper(received_stamp::text))=(AAAAAAAAAAAAAAAAAAAAAAAAAAAAAAAAAAAAAAAA) already exists.
2026-10-03 12:14:07 WARN  o.h.e.jdbc.spi.SqlExceptionHelper - SQL Error: 0, SQLState: 23505
2026-10-03 12:14:07 ERROR o.h.e.jdbc.spi.SqlExceptionHelper - ERROR: duplicate key value violates unique constraint "uq_documents_control_number"
  Detail: Key (upper(control_number::text))=(DTE-03-ABCD1234-000000000000001) already exists.
2026-10-03 12:14:07 WARN  o.h.e.jdbc.spi.SqlExceptionHelper - SQL Error: 0, SQLState: 23505
2026-10-03 12:14:07 ERROR o.h.e.jdbc.spi.SqlExceptionHelper - ERROR: duplicate key value violates unique constraint "uq_documents_paper_number_year"
  Detail: Key (master_agreement_id, document_number, EXTRACT(year FROM issue_date))=(2988b78c-d651-482f-8934-e894f40d7549, F-100, 2026) already exists.
2026-10-03 12:14:08 INFO  tc.postgres:16.9 - Creating container for image: postgres:16.9
2026-10-03 12:14:08 INFO  tc.postgres:16.9 - Container postgres:16.9 is starting: 57b166bbf70b672548fbab5bb332917d43b1b254b639d7652d0a767d50301736
2026-10-03 12:14:08 INFO  tc.postgres:16.9 - Container postgres:16.9 started in PT0.657419S
2026-10-03 12:14:08 INFO  tc.postgres:16.9 - Container is started (JDBC URL: jdbc:postgresql://localhost:54565/test?loggerLevel=OFF)
2026-10-03 12:14:08 INFO  org.flywaydb.core.FlywayExecutor - Database: jdbc:postgresql://localhost:54565/flyway_ref (PostgreSQL 16.9)
2026-10-03 12:14:08 INFO  o.f.c.i.s.JdbcTableSchemaHistory - Schema history table "public"."flyway_schema_history" does not exist yet
2026-10-03 12:14:08 INFO  o.f.core.internal.command.DbValidate - Successfully validated 9 migrations (execution time 00:00.003s)
2026-10-03 12:14:08 INFO  o.f.c.i.s.JdbcTableSchemaHistory - Creating Schema History table "public"."flyway_schema_history" ...
2026-10-03 12:14:08 INFO  o.f.core.internal.command.DbMigrate - Current version of schema "public": << Empty Schema >>
2026-10-03 12:14:08 INFO  o.f.core.internal.command.DbMigrate - Migrating schema "public" to version "1 - esquema inicial"
2026-10-03 12:14:08 INFO  o.f.core.internal.command.DbMigrate - Migrating schema "public" to version "2 - datos de referencia"
2026-10-03 12:14:08 INFO  o.f.core.internal.command.DbMigrate - Migrating schema "public" to version "3 - montos calculados con todos los decimales"
2026-10-03 12:14:08 INFO  o.f.core.internal.command.DbMigrate - Migrating schema "public" to version "4 - estado inactivado por pagador"
2026-10-03 12:14:08 INFO  o.f.core.internal.command.DbMigrate - Migrating schema "public" to version "5 - lotes de dispersion"
2026-10-03 12:14:08 INFO  o.f.core.internal.command.DbMigrate - Migrating schema "public" to version "6 - alta de usuarios proveedor fuera de la carga"
2026-10-03 12:14:08 INFO  o.f.core.internal.command.DbMigrate - Migrating schema "public" to version "7 - eliminar niu de entidades"
2026-10-03 12:14:08 INFO  o.f.core.internal.command.DbMigrate - Migrating schema "public" to version "8 - eliminar rol operator"
2026-10-03 12:14:08 INFO  o.f.core.internal.command.DbMigrate - Migrating schema "public" to version "9 - recursos de carga"
2026-10-03 12:14:09 INFO  o.f.core.internal.command.DbMigrate - Successfully applied 9 migrations to schema "public", now at version v9 (execution time 00:00.068s)
2026-10-03 12:14:09 INFO  c.d.f.s.impl.DocumentServiceImpl - Cupo null liberado por inactivación de 1 documento(s): consumo $5000.00 -> $4000.00.
2026-10-03 12:14:09 INFO  c.d.f.s.impl.DocumentServiceImpl - Documento 75d2d539-3fac-4ced-a7e0-086abf48ce5e inactivado manualmente por el usuario bad808c3-6708-416e-b467-6250dd1269b7.
2026-10-03 12:14:09 INFO  c.d.f.s.impl.DocumentServiceImpl - Cupo null liberado por inactivación de 1 documento(s): consumo $5000.00 -> $4000.00.
2026-10-03 12:14:09 INFO  c.d.f.s.impl.DocumentServiceImpl - Documento 175acbe5-d278-43b5-9946-544cb87ba746 inactivado manualmente por el usuario 4847cdd4-0ea2-45d6-9c6e-df55bb6c1458.
2026-10-03 12:14:09 INFO  c.d.f.s.impl.DocumentServiceImpl - Fetching financeable documents for master agreement ID: 769b2be2-62d9-48e2-aab7-1a58e24acb47
2026-10-03 12:14:09 INFO  c.d.f.s.impl.DocumentServiceImpl - Cupo null liberado por inactivación de 1 documento(s): consumo $5000.00 -> $4000.00.
2026-10-03 12:14:09 INFO  c.d.f.s.impl.DocumentServiceImpl - 1 documento(s) del convenio 769b2be2-62d9-48e2-aab7-1a58e24acb47 pasaron a cuarentena por no ser financiables.
2026-10-03 12:14:09 INFO  c.d.f.s.i.DispersionBatchServiceImpl - Lote de dispersión DSP-20261002-788C3A creado: pagador 4d451eaa-4b14-4430-ad9b-c9357ce17d80, vencimiento 2026-09-20, 1 documento(s), total 100.00.
2026-10-03 12:14:09 INFO  c.d.f.s.i.DispersionBatchServiceImpl - Lote de dispersión DSP-20261002-ABC123 confirmado por el usuario 58521f36-cd98-4e02-8951-e6a6131b31b6: 2 documento(s) dispersados.
2026-10-03 12:14:09 INFO  c.d.f.s.i.DispersionBatchServiceImpl - Lote de dispersión DSP-20261002-B91538 creado: pagador a4d8bcf6-5da9-4c2e-9e2f-a35bb09e78b6, vencimiento 2026-10-05, 2 documento(s), total 17347.00.
2026-10-03 12:14:09 ERROR c.d.f.service.impl.FundingCalculator - División por cero evitada: la base no puede ser cero.
2026-10-03 12:14:09 INFO  c.d.f.service.impl.FundingCalculator - [CALCULO] Totales | nominal 3500.55 | monto a financiar 3440.491071731711441470 | interés 60.058928268288558530 | comisión con IVA 9.719387277642084823 | a desembolsar 3430.771684454069356647
2026-10-03 12:14:10 INFO  c.d.f.s.i.UploadResourceServiceImpl - Plantilla de carga reemplazada por el usuario null (3344 bytes)
2026-10-03 12:14:10 INFO  c.d.f.s.i.UploadResourceServiceImpl - Plantilla de carga reemplazada por el usuario null (3327 bytes)
2026-10-03 12:14:10 INFO  c.d.f.s.i.UploadResourceServiceImpl - Manual de la plantilla de carga actualizado por el usuario null
2026-10-03 12:14:10 INFO  o.s.t.c.s.AnnotationConfigContextLoaderUtils - Could not detect default configuration classes for test class [com.davivienda.factoraje.infrastructure.config.SecurityConfigTest]: SecurityConfigTest does not declare any static, non-private, non-final, nested classes annotated with @Configuration.
2026-10-03 12:14:10 INFO  o.s.b.t.c.SpringBootTestContextBootstrapper - Found @SpringBootConfiguration com.davivienda.factoraje.FactorajeApplication for test class com.davivienda.factoraje.infrastructure.config.SecurityConfigTest
2026-10-03 12:14:10 INFO  o.s.b.d.r.RestartApplicationListener - Restart disabled due to context in which it is running
2026-10-03 12:14:10 WARN  o.s.b.t.j.DuplicateJsonObjectContextCustomizerFactory$DuplicateJsonObjectContextCustomizer - 

Found multiple occurrences of org.json.JSONObject on the class path:

	jar:file:/Users/ch/.m2/repository/org/json/json/20140107/json-20140107.jar!/org/json/JSONObject.class
	jar:file:/Users/ch/.m2/repository/com/vaadin/external/google/android-json/0.0.20131108.vaadin1/android-json-0.0.20131108.vaadin1.jar!/org/json/JSONObject.class

You may wish to exclude one of them to ensure predictable runtime behavior

2026-10-03 12:14:10 INFO  c.d.f.i.config.SecurityConfigTest - Starting SecurityConfigTest using Java 21.0.8 with PID 61591 (started by ch in /Users/ch/Documents/Desarrollo de sistemas/FinCXPXC/CXP_DAV_SERVER_REFACTOR)
2026-10-03 12:14:10 INFO  c.d.f.i.config.SecurityConfigTest - No active profile set, falling back to 1 default profile: "default"
2026-10-03 12:14:10 INFO  o.s.s.c.a.a.c.InitializeUserDetailsBeanManagerConfigurer$InitializeUserDetailsManagerConfigurer - Global AuthenticationManager configured with UserDetailsService bean with name inMemoryUserDetailsManager
2026-10-03 12:14:10 INFO  o.s.s.web.DefaultSecurityFilterChain - Will secure any request with [org.springframework.security.web.session.DisableEncodeUrlFilter@7be21e4d, org.springframework.security.web.context.request.async.WebAsyncManagerIntegrationFilter@5ef845e9, org.springframework.security.web.context.SecurityContextHolderFilter@335fe3ad, org.springframework.security.web.header.HeaderWriterFilter@2a9839da, org.springframework.web.filter.CorsFilter@39677403, org.springframework.security.web.authentication.logout.LogoutFilter@1e5d346d, com.davivienda.factoraje.infrastructure.security.JwtAuthenticationFilter@1076dac5, org.springframework.security.web.savedrequest.RequestCacheAwareFilter@202419ff, org.springframework.security.web.servletapi.SecurityContextHolderAwareRequestFilter@49c632b1, org.springframework.security.web.authentication.AnonymousAuthenticationFilter@22fba5df, org.springframework.security.web.session.SessionManagementFilter@4029411d, org.springframework.security.web.access.ExceptionTranslationFilter@74d82999, org.springframework.security.web.access.intercept.AuthorizationFilter@32a2f3b3]
2026-10-03 12:14:10 INFO  o.s.b.t.m.w.SpringBootMockServletContext - Initializing Spring TestDispatcherServlet ''
2026-10-03 12:14:10 INFO  o.s.t.w.s.TestDispatcherServlet - Initializing Servlet ''
2026-10-03 12:14:10 INFO  o.s.t.w.s.TestDispatcherServlet - Completed initialization in 0 ms
2026-10-03 12:14:10 INFO  c.d.f.i.config.SecurityConfigTest - Started SecurityConfigTest in 0.512 seconds (process running for 7.23)
2026-10-03 12:14:11 INFO  o.s.o.j.LocalContainerEntityManagerFactoryBean - Closing JPA EntityManagerFactory for persistence unit 'default'
2026-10-03 12:14:11 INFO  com.zaxxer.hikari.HikariDataSource - HikariPool-1 - Shutdown initiated...
2026-10-03 12:14:11 INFO  com.zaxxer.hikari.HikariDataSource - HikariPool-1 - Shutdown completed.
2026-10-03 12:16:15 WARN  o.s.b.t.j.DuplicateJsonObjectContextCustomizerFactory$DuplicateJsonObjectContextCustomizer - 

Found multiple occurrences of org.json.JSONObject on the class path:

	jar:file:/Users/ch/.m2/repository/org/json/json/20140107/json-20140107.jar!/org/json/JSONObject.class
	jar:file:/Users/ch/.m2/repository/com/vaadin/external/google/android-json/0.0.20131108.vaadin1/android-json-0.0.20131108.vaadin1.jar!/org/json/JSONObject.class

You may wish to exclude one of them to ensure predictable runtime behavior

2026-10-03 12:16:15 INFO  c.d.f.r.DocumentDoubleFundingIndexTest - Starting DocumentDoubleFundingIndexTest using Java 21.0.8 with PID 63948 (started by ch in /Users/ch/Documents/Desarrollo de sistemas/FinCXPXC/CXP_DAV_SERVER_REFACTOR)
2026-10-03 12:16:15 INFO  c.d.f.r.DocumentDoubleFundingIndexTest - No active profile set, falling back to 1 default profile: "default"
2026-10-03 12:16:15 INFO  o.s.d.r.c.RepositoryConfigurationDelegate - Bootstrapping Spring Data JPA repositories in DEFAULT mode.
2026-10-03 12:16:15 INFO  o.s.d.r.c.RepositoryConfigurationDelegate - Finished Spring Data repository scanning in 56 ms. Found 27 JPA repository interfaces.
2026-10-03 12:16:15 INFO  org.flywaydb.core.FlywayExecutor - Database: jdbc:postgresql://localhost:54657/test (PostgreSQL 16.9)
2026-10-03 12:16:15 INFO  o.f.c.i.s.JdbcTableSchemaHistory - Schema history table "public"."flyway_schema_history" does not exist yet
2026-10-03 12:16:15 INFO  o.f.core.internal.command.DbValidate - Successfully validated 9 migrations (execution time 00:00.011s)
2026-10-03 12:16:15 INFO  o.f.c.i.s.JdbcTableSchemaHistory - Creating Schema History table "public"."flyway_schema_history" ...
2026-10-03 12:16:15 INFO  o.f.core.internal.command.DbMigrate - Current version of schema "public": << Empty Schema >>
2026-10-03 12:16:15 INFO  o.f.core.internal.command.DbMigrate - Migrating schema "public" to version "1 - esquema inicial"
2026-10-03 12:16:16 INFO  o.f.core.internal.command.DbMigrate - Migrating schema "public" to version "2 - datos de referencia"
2026-10-03 12:16:16 INFO  o.f.core.internal.command.DbMigrate - Migrating schema "public" to version "3 - montos calculados con todos los decimales"
2026-10-03 12:16:16 INFO  o.f.core.internal.command.DbMigrate - Migrating schema "public" to version "4 - estado inactivado por pagador"
2026-10-03 12:16:16 INFO  o.f.core.internal.command.DbMigrate - Migrating schema "public" to version "5 - lotes de dispersion"
2026-10-03 12:16:16 INFO  o.f.core.internal.command.DbMigrate - Migrating schema "public" to version "6 - alta de usuarios proveedor fuera de la carga"
2026-10-03 12:16:16 INFO  o.f.core.internal.command.DbMigrate - Migrating schema "public" to version "7 - eliminar niu de entidades"
2026-10-03 12:16:16 INFO  o.f.core.internal.command.DbMigrate - Migrating schema "public" to version "8 - eliminar rol operator"
2026-10-03 12:16:16 INFO  o.f.core.internal.command.DbMigrate - Migrating schema "public" to version "9 - recursos de carga"
2026-10-03 12:16:16 INFO  o.f.core.internal.command.DbMigrate - Successfully applied 9 migrations to schema "public", now at version v9 (execution time 00:00.096s)
2026-10-03 12:16:16 INFO  o.h.jpa.internal.util.LogHelper - HHH000204: Processing PersistenceUnitInfo [name: default]
2026-10-03 12:16:16 INFO  org.hibernate.Version - HHH000412: Hibernate ORM core version 6.5.2.Final
2026-10-03 12:16:16 INFO  o.h.c.i.RegionFactoryInitiator - HHH000026: Second-level cache disabled
2026-10-03 12:16:16 INFO  com.zaxxer.hikari.HikariDataSource - HikariPool-1 - Starting...
2026-10-03 12:16:16 INFO  com.zaxxer.hikari.pool.HikariPool - HikariPool-1 - Added connection org.postgresql.jdbc.PgConnection@6fefc5ea
2026-10-03 12:16:16 INFO  com.zaxxer.hikari.HikariDataSource - HikariPool-1 - Start completed.
2026-10-03 12:16:16 WARN  org.hibernate.orm.deprecation - HHH90000025: PostgreSQLDialect does not need to be specified explicitly using 'hibernate.dialect' (remove the property setting and it will be selected by default)
2026-10-03 12:16:16 INFO  o.s.o.j.p.SpringPersistenceUnitInfo - No LoadTimeWeaver setup: ignoring JPA class transformer
2026-10-03 12:16:16 INFO  o.h.e.t.j.p.i.JtaPlatformInitiator - HHH000489: No JTA platform available (set 'hibernate.transaction.jta.platform' to enable JTA platform integration)
2026-10-03 12:16:16 INFO  o.s.o.j.LocalContainerEntityManagerFactoryBean - Initialized JPA EntityManagerFactory for persistence unit 'default'
2026-10-03 12:16:16 INFO  o.s.d.j.r.query.QueryEnhancerFactory - Hibernate is in classpath; If applicable, HQL parser will be used.
2026-10-03 12:16:17 INFO  c.d.f.r.DocumentDoubleFundingIndexTest - Started DocumentDoubleFundingIndexTest in 2.23 seconds (process running for 3.975)
2026-10-03 12:16:17 WARN  o.h.e.jdbc.spi.SqlExceptionHelper - SQL Error: 0, SQLState: 23505
2026-10-03 12:16:17 ERROR o.h.e.jdbc.spi.SqlExceptionHelper - ERROR: duplicate key value violates unique constraint "uq_documents_generation_code"
  Detail: Key (upper(generation_code::text))=(AB12CD34-0000-4000-8000-000000000001) already exists.
2026-10-03 12:16:17 WARN  o.h.e.jdbc.spi.SqlExceptionHelper - SQL Error: 0, SQLState: 23505
2026-10-03 12:16:17 ERROR o.h.e.jdbc.spi.SqlExceptionHelper - ERROR: duplicate key value violates unique constraint "uq_documents_received_stamp"
  Detail: Key (upper(received_stamp::text))=(AAAAAAAAAAAAAAAAAAAAAAAAAAAAAAAAAAAAAAAA) already exists.
2026-10-03 12:16:17 WARN  o.h.e.jdbc.spi.SqlExceptionHelper - SQL Error: 0, SQLState: 23505
2026-10-03 12:16:17 ERROR o.h.e.jdbc.spi.SqlExceptionHelper - ERROR: duplicate key value violates unique constraint "uq_documents_control_number"
  Detail: Key (upper(control_number::text))=(DTE-03-ABCD1234-000000000000001) already exists.
2026-10-03 12:16:17 WARN  o.h.e.jdbc.spi.SqlExceptionHelper - SQL Error: 0, SQLState: 23505
2026-10-03 12:16:17 ERROR o.h.e.jdbc.spi.SqlExceptionHelper - ERROR: duplicate key value violates unique constraint "uq_documents_paper_number_year"
  Detail: Key (master_agreement_id, document_number, EXTRACT(year FROM issue_date))=(2e20184d-3bcf-43e8-aee1-b686f064771b, F-100, 2026) already exists.
2026-10-03 12:16:18 INFO  tc.postgres:16.9 - Creating container for image: postgres:16.9
2026-10-03 12:16:18 INFO  tc.postgres:16.9 - Container postgres:16.9 is starting: 50ccc3d28319b406c12fbc65ce2ac062ad0c84d9cb5980820ed6148a0102eb95
2026-10-03 12:16:18 INFO  tc.postgres:16.9 - Container postgres:16.9 started in PT0.645806S
2026-10-03 12:16:18 INFO  tc.postgres:16.9 - Container is started (JDBC URL: jdbc:postgresql://localhost:54671/test?loggerLevel=OFF)
2026-10-03 12:16:18 INFO  org.flywaydb.core.FlywayExecutor - Database: jdbc:postgresql://localhost:54671/flyway_ref (PostgreSQL 16.9)
2026-10-03 12:16:18 INFO  o.f.c.i.s.JdbcTableSchemaHistory - Schema history table "public"."flyway_schema_history" does not exist yet
2026-10-03 12:16:18 INFO  o.f.core.internal.command.DbValidate - Successfully validated 9 migrations (execution time 00:00.002s)
2026-10-03 12:16:18 INFO  o.f.c.i.s.JdbcTableSchemaHistory - Creating Schema History table "public"."flyway_schema_history" ...
2026-10-03 12:16:18 INFO  o.f.core.internal.command.DbMigrate - Current version of schema "public": << Empty Schema >>
2026-10-03 12:16:18 INFO  o.f.core.internal.command.DbMigrate - Migrating schema "public" to version "1 - esquema inicial"
2026-10-03 12:16:18 INFO  o.f.core.internal.command.DbMigrate - Migrating schema "public" to version "2 - datos de referencia"
2026-10-03 12:16:18 INFO  o.f.core.internal.command.DbMigrate - Migrating schema "public" to version "3 - montos calculados con todos los decimales"
2026-10-03 12:16:18 INFO  o.f.core.internal.command.DbMigrate - Migrating schema "public" to version "4 - estado inactivado por pagador"
2026-10-03 12:16:18 INFO  o.f.core.internal.command.DbMigrate - Migrating schema "public" to version "5 - lotes de dispersion"
2026-10-03 12:16:18 INFO  o.f.core.internal.command.DbMigrate - Migrating schema "public" to version "6 - alta de usuarios proveedor fuera de la carga"
2026-10-03 12:16:18 INFO  o.f.core.internal.command.DbMigrate - Migrating schema "public" to version "7 - eliminar niu de entidades"
2026-10-03 12:16:18 INFO  o.f.core.internal.command.DbMigrate - Migrating schema "public" to version "8 - eliminar rol operator"
2026-10-03 12:16:18 INFO  o.f.core.internal.command.DbMigrate - Migrating schema "public" to version "9 - recursos de carga"
2026-10-03 12:16:18 INFO  o.f.core.internal.command.DbMigrate - Successfully applied 9 migrations to schema "public", now at version v9 (execution time 00:00.068s)
2026-10-03 12:16:19 INFO  org.flywaydb.core.FlywayExecutor - Database: jdbc:postgresql://localhost:54671/actualizacion (PostgreSQL 16.9)
2026-10-03 12:16:19 INFO  o.f.c.i.s.JdbcTableSchemaHistory - Schema history table "public"."flyway_schema_history" does not exist yet
2026-10-03 12:16:19 INFO  o.f.core.internal.command.DbValidate - Successfully validated 9 migrations (execution time 00:00.002s)
2026-10-03 12:16:19 INFO  o.f.c.i.s.JdbcTableSchemaHistory - Creating Schema History table "public"."flyway_schema_history" ...
2026-10-03 12:16:19 INFO  o.f.core.internal.command.DbMigrate - Current version of schema "public": << Empty Schema >>
2026-10-03 12:16:19 INFO  o.f.core.internal.command.DbMigrate - Migrating schema "public" to version "1 - esquema inicial"
2026-10-03 12:16:19 INFO  o.f.core.internal.command.DbMigrate - Migrating schema "public" to version "2 - datos de referencia"
2026-10-03 12:16:19 INFO  o.f.core.internal.command.DbMigrate - Migrating schema "public" to version "3 - montos calculados con todos los decimales"
2026-10-03 12:16:19 INFO  o.f.core.internal.command.DbMigrate - Migrating schema "public" to version "4 - estado inactivado por pagador"
2026-10-03 12:16:19 INFO  o.f.core.internal.command.DbMigrate - Migrating schema "public" to version "5 - lotes de dispersion"
2026-10-03 12:16:19 INFO  o.f.core.internal.command.DbMigrate - Migrating schema "public" to version "6 - alta de usuarios proveedor fuera de la carga"
2026-10-03 12:16:19 INFO  o.f.core.internal.command.DbMigrate - Migrating schema "public" to version "7 - eliminar niu de entidades"
2026-10-03 12:16:19 INFO  o.f.core.internal.command.DbMigrate - Migrating schema "public" to version "8 - eliminar rol operator"
2026-10-03 12:16:19 INFO  o.f.core.internal.command.DbMigrate - Successfully applied 8 migrations to schema "public", now at version v8 (execution time 00:00.062s)
2026-10-03 12:16:20 INFO  c.d.f.s.impl.DocumentServiceImpl - Cupo null liberado por inactivación de 1 documento(s): consumo $5000.00 -> $4000.00.
2026-10-03 12:16:20 INFO  c.d.f.s.impl.DocumentServiceImpl - Documento 3f79f62f-bbd9-4e90-8f4a-0ce627c5ea3f inactivado manualmente por el usuario 080cf364-efdf-4caf-9429-430ffc39c0f2.
2026-10-03 12:16:20 INFO  c.d.f.s.impl.DocumentServiceImpl - Cupo null liberado por inactivación de 1 documento(s): consumo $5000.00 -> $4000.00.
2026-10-03 12:16:20 INFO  c.d.f.s.impl.DocumentServiceImpl - Documento af8ae358-9191-45a0-b69e-515d2e03dd12 inactivado manualmente por el usuario 4d229bd8-1f9d-47f5-b503-0a168555fb27.
2026-10-03 12:16:20 INFO  c.d.f.s.impl.DocumentServiceImpl - Fetching financeable documents for master agreement ID: 99a1841b-0bf2-4f4f-a413-f91e19f3b6ab
2026-10-03 12:16:20 INFO  c.d.f.s.impl.DocumentServiceImpl - Cupo null liberado por inactivación de 1 documento(s): consumo $5000.00 -> $4000.00.
2026-10-03 12:16:20 INFO  c.d.f.s.impl.DocumentServiceImpl - 1 documento(s) del convenio 99a1841b-0bf2-4f4f-a413-f91e19f3b6ab pasaron a cuarentena por no ser financiables.
2026-10-03 12:16:20 INFO  c.d.f.s.i.DispersionBatchServiceImpl - Lote de dispersión DSP-20261002-28CFB2 creado: pagador 605edbaf-5a80-46b7-881a-ea532f082ac4, vencimiento 2026-09-20, 1 documento(s), total 100.00.
2026-10-03 12:16:20 INFO  c.d.f.s.i.DispersionBatchServiceImpl - Lote de dispersión DSP-20261002-ABC123 confirmado por el usuario 84204d09-04aa-46ea-adcb-d285d68171bc: 2 documento(s) dispersados.
2026-10-03 12:16:20 INFO  c.d.f.s.i.DispersionBatchServiceImpl - Lote de dispersión DSP-20261002-077ECF creado: pagador ca37b8aa-812e-439d-a0ce-6391e78be940, vencimiento 2026-10-05, 2 documento(s), total 17347.00.
2026-10-03 12:16:20 ERROR c.d.f.service.impl.FundingCalculator - División por cero evitada: la base no puede ser cero.
2026-10-03 12:16:20 INFO  c.d.f.service.impl.FundingCalculator - [CALCULO] Totales | nominal 3500.55 | monto a financiar 3440.491071731711441470 | interés 60.058928268288558530 | comisión con IVA 9.719387277642084823 | a desembolsar 3430.771684454069356647
2026-10-03 12:16:20 INFO  c.d.f.s.i.UploadResourceServiceImpl - Plantilla de carga reemplazada por el usuario null (3344 bytes)
2026-10-03 12:16:20 INFO  c.d.f.s.i.UploadResourceServiceImpl - Plantilla de carga reemplazada por el usuario null (3327 bytes)
2026-10-03 12:16:20 INFO  c.d.f.s.i.UploadResourceServiceImpl - Manual de la plantilla de carga actualizado por el usuario null
2026-10-03 12:16:20 INFO  o.s.t.c.s.AnnotationConfigContextLoaderUtils - Could not detect default configuration classes for test class [com.davivienda.factoraje.infrastructure.config.SecurityConfigTest]: SecurityConfigTest does not declare any static, non-private, non-final, nested classes annotated with @Configuration.
2026-10-03 12:16:21 INFO  o.s.b.t.c.SpringBootTestContextBootstrapper - Found @SpringBootConfiguration com.davivienda.factoraje.FactorajeApplication for test class com.davivienda.factoraje.infrastructure.config.SecurityConfigTest
2026-10-03 12:16:21 INFO  o.s.b.d.r.RestartApplicationListener - Restart disabled due to context in which it is running
2026-10-03 12:16:21 WARN  o.s.b.t.j.DuplicateJsonObjectContextCustomizerFactory$DuplicateJsonObjectContextCustomizer - 

Found multiple occurrences of org.json.JSONObject on the class path:

	jar:file:/Users/ch/.m2/repository/org/json/json/20140107/json-20140107.jar!/org/json/JSONObject.class
	jar:file:/Users/ch/.m2/repository/com/vaadin/external/google/android-json/0.0.20131108.vaadin1/android-json-0.0.20131108.vaadin1.jar!/org/json/JSONObject.class

You may wish to exclude one of them to ensure predictable runtime behavior

2026-10-03 12:16:21 INFO  c.d.f.i.config.SecurityConfigTest - Starting SecurityConfigTest using Java 21.0.8 with PID 63948 (started by ch in /Users/ch/Documents/Desarrollo de sistemas/FinCXPXC/CXP_DAV_SERVER_REFACTOR)
2026-10-03 12:16:21 INFO  c.d.f.i.config.SecurityConfigTest - No active profile set, falling back to 1 default profile: "default"
2026-10-03 12:16:21 INFO  o.s.s.c.a.a.c.InitializeUserDetailsBeanManagerConfigurer$InitializeUserDetailsManagerConfigurer - Global AuthenticationManager configured with UserDetailsService bean with name inMemoryUserDetailsManager
2026-10-03 12:16:21 INFO  o.s.s.web.DefaultSecurityFilterChain - Will secure any request with [org.springframework.security.web.session.DisableEncodeUrlFilter@1f8a8c8b, org.springframework.security.web.context.request.async.WebAsyncManagerIntegrationFilter@4381488, org.springframework.security.web.context.SecurityContextHolderFilter@7179c27a, org.springframework.security.web.header.HeaderWriterFilter@282e7ecd, org.springframework.web.filter.CorsFilter@1ba1de16, org.springframework.security.web.authentication.logout.LogoutFilter@3303a7a3, com.davivienda.factoraje.infrastructure.security.JwtAuthenticationFilter@5af1fa64, org.springframework.security.web.savedrequest.RequestCacheAwareFilter@2d61bd99, org.springframework.security.web.servletapi.SecurityContextHolderAwareRequestFilter@a79612e, org.springframework.security.web.authentication.AnonymousAuthenticationFilter@61a394be, org.springframework.security.web.session.SessionManagementFilter@340769ed, org.springframework.security.web.access.ExceptionTranslationFilter@64a7aeed, org.springframework.security.web.access.intercept.AuthorizationFilter@623f32c0]
2026-10-03 12:16:21 INFO  o.s.b.t.m.w.SpringBootMockServletContext - Initializing Spring TestDispatcherServlet ''
2026-10-03 12:16:21 INFO  o.s.t.w.s.TestDispatcherServlet - Initializing Servlet ''
2026-10-03 12:16:21 INFO  o.s.t.w.s.TestDispatcherServlet - Completed initialization in 0 ms
2026-10-03 12:16:21 INFO  c.d.f.i.config.SecurityConfigTest - Started SecurityConfigTest in 0.502 seconds (process running for 7.971)
2026-10-03 12:16:21 INFO  o.s.o.j.LocalContainerEntityManagerFactoryBean - Closing JPA EntityManagerFactory for persistence unit 'default'
2026-10-03 12:16:21 INFO  com.zaxxer.hikari.HikariDataSource - HikariPool-1 - Shutdown initiated...
2026-10-03 12:16:21 INFO  com.zaxxer.hikari.HikariDataSource - HikariPool-1 - Shutdown completed.
2026-10-03 12:27:08 WARN  o.s.b.t.j.DuplicateJsonObjectContextCustomizerFactory$DuplicateJsonObjectContextCustomizer - 

Found multiple occurrences of org.json.JSONObject on the class path:

	jar:file:/Users/ch/.m2/repository/org/json/json/20140107/json-20140107.jar!/org/json/JSONObject.class
	jar:file:/Users/ch/.m2/repository/com/vaadin/external/google/android-json/0.0.20131108.vaadin1/android-json-0.0.20131108.vaadin1.jar!/org/json/JSONObject.class

You may wish to exclude one of them to ensure predictable runtime behavior

2026-10-03 12:27:08 INFO  c.d.f.r.DocumentDoubleFundingIndexTest - Starting DocumentDoubleFundingIndexTest using Java 21.0.8 with PID 73997 (started by ch in /Users/ch/Documents/Desarrollo de sistemas/FinCXPXC/CXP_DAV_SERVER_REFACTOR)
2026-10-03 12:27:08 INFO  c.d.f.r.DocumentDoubleFundingIndexTest - No active profile set, falling back to 1 default profile: "default"
2026-10-03 12:27:08 INFO  o.s.d.r.c.RepositoryConfigurationDelegate - Bootstrapping Spring Data JPA repositories in DEFAULT mode.
2026-10-03 12:27:08 INFO  o.s.d.r.c.RepositoryConfigurationDelegate - Finished Spring Data repository scanning in 44 ms. Found 27 JPA repository interfaces.
2026-10-03 12:27:08 INFO  org.flywaydb.core.FlywayExecutor - Database: jdbc:postgresql://localhost:55300/test (PostgreSQL 16.9)
2026-10-03 12:27:08 INFO  o.f.c.i.s.JdbcTableSchemaHistory - Schema history table "public"."flyway_schema_history" does not exist yet
2026-10-03 12:27:08 INFO  o.f.core.internal.command.DbValidate - Successfully validated 10 migrations (execution time 00:00.008s)
2026-10-03 12:27:08 INFO  o.f.c.i.s.JdbcTableSchemaHistory - Creating Schema History table "public"."flyway_schema_history" ...
2026-10-03 12:27:08 INFO  o.f.core.internal.command.DbMigrate - Current version of schema "public": << Empty Schema >>
2026-10-03 12:27:08 INFO  o.f.core.internal.command.DbMigrate - Migrating schema "public" to version "1 - esquema inicial"
2026-10-03 12:27:08 INFO  o.f.core.internal.command.DbMigrate - Migrating schema "public" to version "2 - datos de referencia"
2026-10-03 12:27:08 INFO  o.f.core.internal.command.DbMigrate - Migrating schema "public" to version "3 - montos calculados con todos los decimales"
2026-10-03 12:27:08 INFO  o.f.core.internal.command.DbMigrate - Migrating schema "public" to version "4 - estado inactivado por pagador"
2026-10-03 12:27:08 INFO  o.f.core.internal.command.DbMigrate - Migrating schema "public" to version "5 - lotes de dispersion"
2026-10-03 12:27:08 INFO  o.f.core.internal.command.DbMigrate - Migrating schema "public" to version "6 - alta de usuarios proveedor fuera de la carga"
2026-10-03 12:27:08 INFO  o.f.core.internal.command.DbMigrate - Migrating schema "public" to version "7 - eliminar niu de entidades"
2026-10-03 12:27:08 INFO  o.f.core.internal.command.DbMigrate - Migrating schema "public" to version "8 - eliminar rol operator"
2026-10-03 12:27:08 INFO  o.f.core.internal.command.DbMigrate - Migrating schema "public" to version "9 - recursos de carga"
2026-10-03 12:27:08 INFO  o.f.core.internal.command.DbMigrate - Migrating schema "public" to version "10 - manual de carga pdf"
2026-10-03 12:27:08 INFO  o.f.core.internal.command.DbMigrate - Successfully applied 10 migrations to schema "public", now at version v10 (execution time 00:00.094s)
2026-10-03 12:27:08 INFO  o.h.jpa.internal.util.LogHelper - HHH000204: Processing PersistenceUnitInfo [name: default]
2026-10-03 12:27:08 INFO  org.hibernate.Version - HHH000412: Hibernate ORM core version 6.5.2.Final
2026-10-03 12:27:08 INFO  o.h.c.i.RegionFactoryInitiator - HHH000026: Second-level cache disabled
2026-10-03 12:27:09 INFO  com.zaxxer.hikari.HikariDataSource - HikariPool-1 - Starting...
2026-10-03 12:27:09 INFO  com.zaxxer.hikari.pool.HikariPool - HikariPool-1 - Added connection org.postgresql.jdbc.PgConnection@1c787389
2026-10-03 12:27:09 INFO  com.zaxxer.hikari.HikariDataSource - HikariPool-1 - Start completed.
2026-10-03 12:27:09 WARN  org.hibernate.orm.deprecation - HHH90000025: PostgreSQLDialect does not need to be specified explicitly using 'hibernate.dialect' (remove the property setting and it will be selected by default)
2026-10-03 12:27:09 INFO  o.s.o.j.p.SpringPersistenceUnitInfo - No LoadTimeWeaver setup: ignoring JPA class transformer
2026-10-03 12:27:09 INFO  o.h.e.t.j.p.i.JtaPlatformInitiator - HHH000489: No JTA platform available (set 'hibernate.transaction.jta.platform' to enable JTA platform integration)
2026-10-03 12:27:09 INFO  o.s.o.j.LocalContainerEntityManagerFactoryBean - Initialized JPA EntityManagerFactory for persistence unit 'default'
2026-10-03 12:27:09 INFO  o.s.d.j.r.query.QueryEnhancerFactory - Hibernate is in classpath; If applicable, HQL parser will be used.
2026-10-03 12:27:10 INFO  c.d.f.r.DocumentDoubleFundingIndexTest - Started DocumentDoubleFundingIndexTest in 2.106 seconds (process running for 3.838)
2026-10-03 12:27:10 WARN  o.h.e.jdbc.spi.SqlExceptionHelper - SQL Error: 0, SQLState: 23505
2026-10-03 12:27:10 ERROR o.h.e.jdbc.spi.SqlExceptionHelper - ERROR: duplicate key value violates unique constraint "uq_documents_generation_code"
  Detail: Key (upper(generation_code::text))=(AB12CD34-0000-4000-8000-000000000001) already exists.
2026-10-03 12:27:10 WARN  o.h.e.jdbc.spi.SqlExceptionHelper - SQL Error: 0, SQLState: 23505
2026-10-03 12:27:10 ERROR o.h.e.jdbc.spi.SqlExceptionHelper - ERROR: duplicate key value violates unique constraint "uq_documents_received_stamp"
  Detail: Key (upper(received_stamp::text))=(AAAAAAAAAAAAAAAAAAAAAAAAAAAAAAAAAAAAAAAA) already exists.
2026-10-03 12:27:10 WARN  o.h.e.jdbc.spi.SqlExceptionHelper - SQL Error: 0, SQLState: 23505
2026-10-03 12:27:10 ERROR o.h.e.jdbc.spi.SqlExceptionHelper - ERROR: duplicate key value violates unique constraint "uq_documents_control_number"
  Detail: Key (upper(control_number::text))=(DTE-03-ABCD1234-000000000000001) already exists.
2026-10-03 12:27:10 WARN  o.h.e.jdbc.spi.SqlExceptionHelper - SQL Error: 0, SQLState: 23505
2026-10-03 12:27:10 ERROR o.h.e.jdbc.spi.SqlExceptionHelper - ERROR: duplicate key value violates unique constraint "uq_documents_paper_number_year"
  Detail: Key (master_agreement_id, document_number, EXTRACT(year FROM issue_date))=(dbcabd95-1a15-4cf9-b2b0-9929833ba5e5, F-100, 2026) already exists.
2026-10-03 12:27:10 INFO  tc.postgres:16.9 - Creating container for image: postgres:16.9
2026-10-03 12:27:10 INFO  tc.postgres:16.9 - Container postgres:16.9 is starting: 831657aa135f8e899db5424119937e038ea742fecc6666fb34486ddc69d0dae1
2026-10-03 12:27:11 INFO  tc.postgres:16.9 - Container postgres:16.9 started in PT0.634968S
2026-10-03 12:27:11 INFO  tc.postgres:16.9 - Container is started (JDBC URL: jdbc:postgresql://localhost:55314/test?loggerLevel=OFF)
2026-10-03 12:27:11 INFO  org.flywaydb.core.FlywayExecutor - Database: jdbc:postgresql://localhost:55314/flyway_ref (PostgreSQL 16.9)
2026-10-03 12:27:11 INFO  o.f.c.i.s.JdbcTableSchemaHistory - Schema history table "public"."flyway_schema_history" does not exist yet
2026-10-03 12:27:11 INFO  o.f.core.internal.command.DbValidate - Successfully validated 10 migrations (execution time 00:00.003s)
2026-10-03 12:27:11 INFO  o.f.c.i.s.JdbcTableSchemaHistory - Creating Schema History table "public"."flyway_schema_history" ...
2026-10-03 12:27:11 INFO  o.f.core.internal.command.DbMigrate - Current version of schema "public": << Empty Schema >>
2026-10-03 12:27:11 INFO  o.f.core.internal.command.DbMigrate - Migrating schema "public" to version "1 - esquema inicial"
2026-10-03 12:27:11 INFO  o.f.core.internal.command.DbMigrate - Migrating schema "public" to version "2 - datos de referencia"
2026-10-03 12:27:11 INFO  o.f.core.internal.command.DbMigrate - Migrating schema "public" to version "3 - montos calculados con todos los decimales"
2026-10-03 12:27:11 INFO  o.f.core.internal.command.DbMigrate - Migrating schema "public" to version "4 - estado inactivado por pagador"
2026-10-03 12:27:11 INFO  o.f.core.internal.command.DbMigrate - Migrating schema "public" to version "5 - lotes de dispersion"
2026-10-03 12:27:11 INFO  o.f.core.internal.command.DbMigrate - Migrating schema "public" to version "6 - alta de usuarios proveedor fuera de la carga"
2026-10-03 12:27:11 INFO  o.f.core.internal.command.DbMigrate - Migrating schema "public" to version "7 - eliminar niu de entidades"
2026-10-03 12:27:11 INFO  o.f.core.internal.command.DbMigrate - Migrating schema "public" to version "8 - eliminar rol operator"
2026-10-03 12:27:11 INFO  o.f.core.internal.command.DbMigrate - Migrating schema "public" to version "9 - recursos de carga"
2026-10-03 12:27:11 INFO  o.f.core.internal.command.DbMigrate - Migrating schema "public" to version "10 - manual de carga pdf"
2026-10-03 12:27:11 INFO  o.f.core.internal.command.DbMigrate - Successfully applied 10 migrations to schema "public", now at version v10 (execution time 00:00.069s)
2026-10-03 12:27:11 INFO  org.flywaydb.core.FlywayExecutor - Database: jdbc:postgresql://localhost:55314/actualizacion (PostgreSQL 16.9)
2026-10-03 12:27:11 INFO  o.f.c.i.s.JdbcTableSchemaHistory - Schema history table "public"."flyway_schema_history" does not exist yet
2026-10-03 12:27:11 INFO  o.f.core.internal.command.DbValidate - Successfully validated 10 migrations (execution time 00:00.002s)
2026-10-03 12:27:11 INFO  o.f.c.i.s.JdbcTableSchemaHistory - Creating Schema History table "public"."flyway_schema_history" ...
2026-10-03 12:27:11 INFO  o.f.core.internal.command.DbMigrate - Current version of schema "public": << Empty Schema >>
2026-10-03 12:27:11 INFO  o.f.core.internal.command.DbMigrate - Migrating schema "public" to version "1 - esquema inicial"
2026-10-03 12:27:11 INFO  o.f.core.internal.command.DbMigrate - Migrating schema "public" to version "2 - datos de referencia"
2026-10-03 12:27:12 INFO  o.f.core.internal.command.DbMigrate - Migrating schema "public" to version "3 - montos calculados con todos los decimales"
2026-10-03 12:27:12 INFO  o.f.core.internal.command.DbMigrate - Migrating schema "public" to version "4 - estado inactivado por pagador"
2026-10-03 12:27:12 INFO  o.f.core.internal.command.DbMigrate - Migrating schema "public" to version "5 - lotes de dispersion"
2026-10-03 12:27:12 INFO  o.f.core.internal.command.DbMigrate - Migrating schema "public" to version "6 - alta de usuarios proveedor fuera de la carga"
2026-10-03 12:27:12 INFO  o.f.core.internal.command.DbMigrate - Migrating schema "public" to version "7 - eliminar niu de entidades"
2026-10-03 12:27:12 INFO  o.f.core.internal.command.DbMigrate - Migrating schema "public" to version "8 - eliminar rol operator"
2026-10-03 12:27:12 INFO  o.f.core.internal.command.DbMigrate - Successfully applied 8 migrations to schema "public", now at version v8 (execution time 00:00.060s)
2026-10-03 12:27:12 INFO  c.d.f.s.impl.DocumentServiceImpl - Cupo null liberado por inactivación de 1 documento(s): consumo $5000.00 -> $4000.00.
2026-10-03 12:27:12 INFO  c.d.f.s.impl.DocumentServiceImpl - Documento 6787d47b-facc-4f06-a2cc-bc4c5e0259fe inactivado manualmente por el usuario 7dd2e25d-b2da-44d0-9fa3-0430851c6886.
2026-10-03 12:27:12 INFO  c.d.f.s.impl.DocumentServiceImpl - Cupo null liberado por inactivación de 1 documento(s): consumo $5000.00 -> $4000.00.
2026-10-03 12:27:12 INFO  c.d.f.s.impl.DocumentServiceImpl - Documento 182ee87e-1977-48b0-b704-5536f84b1c44 inactivado manualmente por el usuario cf4d60b3-f33e-46e7-ba53-6d1faf996ffb.
2026-10-03 12:27:12 INFO  c.d.f.s.impl.DocumentServiceImpl - Fetching financeable documents for master agreement ID: 370846b7-0620-4991-84ec-b0052110ee90
2026-10-03 12:27:12 INFO  c.d.f.s.impl.DocumentServiceImpl - Cupo null liberado por inactivación de 1 documento(s): consumo $5000.00 -> $4000.00.
2026-10-03 12:27:12 INFO  c.d.f.s.impl.DocumentServiceImpl - 1 documento(s) del convenio 370846b7-0620-4991-84ec-b0052110ee90 pasaron a cuarentena por no ser financiables.
2026-10-03 12:27:13 INFO  c.d.f.s.i.DispersionBatchServiceImpl - Lote de dispersión DSP-20261002-D8890D creado: pagador 0aa2805e-d1dc-4ff1-a915-894a5f817436, vencimiento 2026-09-20, 1 documento(s), total 100.00.
2026-10-03 12:27:13 INFO  c.d.f.s.i.DispersionBatchServiceImpl - Lote de dispersión DSP-20261002-ABC123 confirmado por el usuario 0321c7cc-8311-404e-9c48-3f82ae8e68be: 2 documento(s) dispersados.
2026-10-03 12:27:13 INFO  c.d.f.s.i.DispersionBatchServiceImpl - Lote de dispersión DSP-20261002-918DBB creado: pagador 8f555604-7f99-40bc-8275-0ff3c91c89cb, vencimiento 2026-10-05, 2 documento(s), total 17347.00.
2026-10-03 12:27:13 ERROR c.d.f.service.impl.FundingCalculator - División por cero evitada: la base no puede ser cero.
2026-10-03 12:27:13 INFO  c.d.f.service.impl.FundingCalculator - [CALCULO] Totales | nominal 3500.55 | monto a financiar 3440.491071731711441470 | interés 60.058928268288558530 | comisión con IVA 9.719387277642084823 | a desembolsar 3430.771684454069356647
2026-10-03 12:27:13 INFO  c.d.f.s.i.UploadResourceServiceImpl - Recurso de carga TEMPLATE reemplazado por el usuario null (3345 bytes)
2026-10-03 12:27:13 INFO  c.d.f.s.i.UploadResourceServiceImpl - Recurso de carga MANUAL reemplazado por el usuario null (813 bytes)
2026-10-03 12:27:13 INFO  c.d.f.s.i.UploadResourceServiceImpl - Recurso de carga TEMPLATE reemplazado por el usuario null (3328 bytes)
2026-10-03 12:27:13 INFO  o.s.t.c.s.AnnotationConfigContextLoaderUtils - Could not detect default configuration classes for test class [com.davivienda.factoraje.infrastructure.config.SecurityConfigTest]: SecurityConfigTest does not declare any static, non-private, non-final, nested classes annotated with @Configuration.
2026-10-03 12:27:13 INFO  o.s.b.t.c.SpringBootTestContextBootstrapper - Found @SpringBootConfiguration com.davivienda.factoraje.FactorajeApplication for test class com.davivienda.factoraje.infrastructure.config.SecurityConfigTest
2026-10-03 12:27:13 INFO  o.s.b.d.r.RestartApplicationListener - Restart disabled due to context in which it is running
2026-10-03 12:27:13 WARN  o.s.b.t.j.DuplicateJsonObjectContextCustomizerFactory$DuplicateJsonObjectContextCustomizer - 

Found multiple occurrences of org.json.JSONObject on the class path:

	jar:file:/Users/ch/.m2/repository/org/json/json/20140107/json-20140107.jar!/org/json/JSONObject.class
	jar:file:/Users/ch/.m2/repository/com/vaadin/external/google/android-json/0.0.20131108.vaadin1/android-json-0.0.20131108.vaadin1.jar!/org/json/JSONObject.class

You may wish to exclude one of them to ensure predictable runtime behavior

2026-10-03 12:27:13 INFO  c.d.f.i.config.SecurityConfigTest - Starting SecurityConfigTest using Java 21.0.8 with PID 73997 (started by ch in /Users/ch/Documents/Desarrollo de sistemas/FinCXPXC/CXP_DAV_SERVER_REFACTOR)
2026-10-03 12:27:13 INFO  c.d.f.i.config.SecurityConfigTest - No active profile set, falling back to 1 default profile: "default"
2026-10-03 12:27:14 INFO  o.s.s.c.a.a.c.InitializeUserDetailsBeanManagerConfigurer$InitializeUserDetailsManagerConfigurer - Global AuthenticationManager configured with UserDetailsService bean with name inMemoryUserDetailsManager
2026-10-03 12:27:14 INFO  o.s.s.web.DefaultSecurityFilterChain - Will secure any request with [org.springframework.security.web.session.DisableEncodeUrlFilter@4c2e0036, org.springframework.security.web.context.request.async.WebAsyncManagerIntegrationFilter@2b47e544, org.springframework.security.web.context.SecurityContextHolderFilter@76254633, org.springframework.security.web.header.HeaderWriterFilter@335743ff, org.springframework.web.filter.CorsFilter@78af3e88, org.springframework.security.web.authentication.logout.LogoutFilter@70c38e0, com.davivienda.factoraje.infrastructure.security.JwtAuthenticationFilter@1923caf2, org.springframework.security.web.savedrequest.RequestCacheAwareFilter@330e7c8e, org.springframework.security.web.servletapi.SecurityContextHolderAwareRequestFilter@66a2de63, org.springframework.security.web.authentication.AnonymousAuthenticationFilter@64c2acf3, org.springframework.security.web.session.SessionManagementFilter@5d09c3c3, org.springframework.security.web.access.ExceptionTranslationFilter@7bae20f5, org.springframework.security.web.access.intercept.AuthorizationFilter@355a5a85]
2026-10-03 12:27:14 INFO  o.s.b.t.m.w.SpringBootMockServletContext - Initializing Spring TestDispatcherServlet ''
2026-10-03 12:27:14 INFO  o.s.t.w.s.TestDispatcherServlet - Initializing Servlet ''
2026-10-03 12:27:14 INFO  o.s.t.w.s.TestDispatcherServlet - Completed initialization in 0 ms
2026-10-03 12:27:14 INFO  c.d.f.i.config.SecurityConfigTest - Started SecurityConfigTest in 0.435 seconds (process running for 7.895)
2026-10-03 12:27:14 INFO  o.s.o.j.LocalContainerEntityManagerFactoryBean - Closing JPA EntityManagerFactory for persistence unit 'default'
2026-10-03 12:27:14 INFO  com.zaxxer.hikari.HikariDataSource - HikariPool-1 - Shutdown initiated...
2026-10-03 12:27:14 INFO  com.zaxxer.hikari.HikariDataSource - HikariPool-1 - Shutdown completed.
2026-10-03 12:31:06 WARN  o.s.b.t.j.DuplicateJsonObjectContextCustomizerFactory$DuplicateJsonObjectContextCustomizer - 

Found multiple occurrences of org.json.JSONObject on the class path:

	jar:file:/Users/ch/.m2/repository/org/json/json/20140107/json-20140107.jar!/org/json/JSONObject.class
	jar:file:/Users/ch/.m2/repository/com/vaadin/external/google/android-json/0.0.20131108.vaadin1/android-json-0.0.20131108.vaadin1.jar!/org/json/JSONObject.class

You may wish to exclude one of them to ensure predictable runtime behavior

2026-10-03 12:31:06 INFO  c.d.f.r.DocumentDoubleFundingIndexTest - Starting DocumentDoubleFundingIndexTest using Java 21.0.8 with PID 77698 (started by ch in /Users/ch/Documents/Desarrollo de sistemas/FinCXPXC/CXP_DAV_SERVER_REFACTOR)
2026-10-03 12:31:06 INFO  c.d.f.r.DocumentDoubleFundingIndexTest - No active profile set, falling back to 1 default profile: "default"
2026-10-03 12:31:07 INFO  o.s.d.r.c.RepositoryConfigurationDelegate - Bootstrapping Spring Data JPA repositories in DEFAULT mode.
2026-10-03 12:31:07 INFO  o.s.d.r.c.RepositoryConfigurationDelegate - Finished Spring Data repository scanning in 43 ms. Found 27 JPA repository interfaces.
2026-10-03 12:31:07 INFO  org.flywaydb.core.FlywayExecutor - Database: jdbc:postgresql://localhost:55570/test (PostgreSQL 16.9)
2026-10-03 12:31:07 INFO  o.f.c.i.s.JdbcTableSchemaHistory - Schema history table "public"."flyway_schema_history" does not exist yet
2026-10-03 12:31:07 INFO  o.f.core.internal.command.DbValidate - Successfully validated 10 migrations (execution time 00:00.008s)
2026-10-03 12:31:07 INFO  o.f.c.i.s.JdbcTableSchemaHistory - Creating Schema History table "public"."flyway_schema_history" ...
2026-10-03 12:31:07 INFO  o.f.core.internal.command.DbMigrate - Current version of schema "public": << Empty Schema >>
2026-10-03 12:31:07 INFO  o.f.core.internal.command.DbMigrate - Migrating schema "public" to version "1 - esquema inicial"
2026-10-03 12:31:07 INFO  o.f.core.internal.command.DbMigrate - Migrating schema "public" to version "2 - datos de referencia"
2026-10-03 12:31:07 INFO  o.f.core.internal.command.DbMigrate - Migrating schema "public" to version "3 - montos calculados con todos los decimales"
2026-10-03 12:31:07 INFO  o.f.core.internal.command.DbMigrate - Migrating schema "public" to version "4 - estado inactivado por pagador"
2026-10-03 12:31:07 INFO  o.f.core.internal.command.DbMigrate - Migrating schema "public" to version "5 - lotes de dispersion"
2026-10-03 12:31:07 INFO  o.f.core.internal.command.DbMigrate - Migrating schema "public" to version "6 - alta de usuarios proveedor fuera de la carga"
2026-10-03 12:31:07 INFO  o.f.core.internal.command.DbMigrate - Migrating schema "public" to version "7 - eliminar niu de entidades"
2026-10-03 12:31:07 INFO  o.f.core.internal.command.DbMigrate - Migrating schema "public" to version "8 - eliminar rol operator"
2026-10-03 12:31:07 INFO  o.f.core.internal.command.DbMigrate - Migrating schema "public" to version "9 - recursos de carga"
2026-10-03 12:31:07 INFO  o.f.core.internal.command.DbMigrate - Migrating schema "public" to version "10 - manual de carga pdf"
2026-10-03 12:31:07 INFO  o.f.core.internal.command.DbMigrate - Successfully applied 10 migrations to schema "public", now at version v10 (execution time 00:00.077s)
2026-10-03 12:31:07 INFO  o.h.jpa.internal.util.LogHelper - HHH000204: Processing PersistenceUnitInfo [name: default]
2026-10-03 12:31:07 INFO  org.hibernate.Version - HHH000412: Hibernate ORM core version 6.5.2.Final
2026-10-03 12:31:07 INFO  o.h.c.i.RegionFactoryInitiator - HHH000026: Second-level cache disabled
2026-10-03 12:31:07 INFO  com.zaxxer.hikari.HikariDataSource - HikariPool-1 - Starting...
2026-10-03 12:31:07 INFO  com.zaxxer.hikari.pool.HikariPool - HikariPool-1 - Added connection org.postgresql.jdbc.PgConnection@43090195
2026-10-03 12:31:07 INFO  com.zaxxer.hikari.HikariDataSource - HikariPool-1 - Start completed.
2026-10-03 12:31:07 WARN  org.hibernate.orm.deprecation - HHH90000025: PostgreSQLDialect does not need to be specified explicitly using 'hibernate.dialect' (remove the property setting and it will be selected by default)
2026-10-03 12:31:07 INFO  o.s.o.j.p.SpringPersistenceUnitInfo - No LoadTimeWeaver setup: ignoring JPA class transformer
2026-10-03 12:31:08 INFO  o.h.e.t.j.p.i.JtaPlatformInitiator - HHH000489: No JTA platform available (set 'hibernate.transaction.jta.platform' to enable JTA platform integration)
2026-10-03 12:31:08 INFO  o.s.o.j.LocalContainerEntityManagerFactoryBean - Initialized JPA EntityManagerFactory for persistence unit 'default'
2026-10-03 12:31:08 INFO  o.s.d.j.r.query.QueryEnhancerFactory - Hibernate is in classpath; If applicable, HQL parser will be used.
2026-10-03 12:31:08 INFO  c.d.f.r.DocumentDoubleFundingIndexTest - Started DocumentDoubleFundingIndexTest in 2.179 seconds (process running for 3.931)
2026-10-03 12:31:09 WARN  o.h.e.jdbc.spi.SqlExceptionHelper - SQL Error: 0, SQLState: 23505
2026-10-03 12:31:09 ERROR o.h.e.jdbc.spi.SqlExceptionHelper - ERROR: duplicate key value violates unique constraint "uq_documents_generation_code"
  Detail: Key (upper(generation_code::text))=(AB12CD34-0000-4000-8000-000000000001) already exists.
2026-10-03 12:31:09 WARN  o.h.e.jdbc.spi.SqlExceptionHelper - SQL Error: 0, SQLState: 23505
2026-10-03 12:31:09 ERROR o.h.e.jdbc.spi.SqlExceptionHelper - ERROR: duplicate key value violates unique constraint "uq_documents_received_stamp"
  Detail: Key (upper(received_stamp::text))=(AAAAAAAAAAAAAAAAAAAAAAAAAAAAAAAAAAAAAAAA) already exists.
2026-10-03 12:31:09 WARN  o.h.e.jdbc.spi.SqlExceptionHelper - SQL Error: 0, SQLState: 23505
2026-10-03 12:31:09 ERROR o.h.e.jdbc.spi.SqlExceptionHelper - ERROR: duplicate key value violates unique constraint "uq_documents_control_number"
  Detail: Key (upper(control_number::text))=(DTE-03-ABCD1234-000000000000001) already exists.
2026-10-03 12:31:09 WARN  o.h.e.jdbc.spi.SqlExceptionHelper - SQL Error: 0, SQLState: 23505
2026-10-03 12:31:09 ERROR o.h.e.jdbc.spi.SqlExceptionHelper - ERROR: duplicate key value violates unique constraint "uq_documents_paper_number_year"
  Detail: Key (master_agreement_id, document_number, EXTRACT(year FROM issue_date))=(fdec15e2-0be8-4c7c-8b62-64b65cd08a81, F-100, 2026) already exists.
2026-10-03 12:31:09 INFO  tc.postgres:16.9 - Creating container for image: postgres:16.9
2026-10-03 12:31:09 INFO  tc.postgres:16.9 - Container postgres:16.9 is starting: 83ca0f4dec824fdc176d24b12e779ca8623611686f705a98ccb18fcc601e45f6
2026-10-03 12:31:10 INFO  tc.postgres:16.9 - Container postgres:16.9 started in PT0.649013S
2026-10-03 12:31:10 INFO  tc.postgres:16.9 - Container is started (JDBC URL: jdbc:postgresql://localhost:55584/test?loggerLevel=OFF)
2026-10-03 12:31:10 INFO  org.flywaydb.core.FlywayExecutor - Database: jdbc:postgresql://localhost:55584/flyway_ref (PostgreSQL 16.9)
2026-10-03 12:31:10 INFO  o.f.c.i.s.JdbcTableSchemaHistory - Schema history table "public"."flyway_schema_history" does not exist yet
2026-10-03 12:31:10 INFO  o.f.core.internal.command.DbValidate - Successfully validated 10 migrations (execution time 00:00.003s)
2026-10-03 12:31:10 INFO  o.f.c.i.s.JdbcTableSchemaHistory - Creating Schema History table "public"."flyway_schema_history" ...
2026-10-03 12:31:10 INFO  o.f.core.internal.command.DbMigrate - Current version of schema "public": << Empty Schema >>
2026-10-03 12:31:10 INFO  o.f.core.internal.command.DbMigrate - Migrating schema "public" to version "1 - esquema inicial"
2026-10-03 12:31:10 INFO  o.f.core.internal.command.DbMigrate - Migrating schema "public" to version "2 - datos de referencia"
2026-10-03 12:31:10 INFO  o.f.core.internal.command.DbMigrate - Migrating schema "public" to version "3 - montos calculados con todos los decimales"
2026-10-03 12:31:10 INFO  o.f.core.internal.command.DbMigrate - Migrating schema "public" to version "4 - estado inactivado por pagador"
2026-10-03 12:31:10 INFO  o.f.core.internal.command.DbMigrate - Migrating schema "public" to version "5 - lotes de dispersion"
2026-10-03 12:31:10 INFO  o.f.core.internal.command.DbMigrate - Migrating schema "public" to version "6 - alta de usuarios proveedor fuera de la carga"
2026-10-03 12:31:10 INFO  o.f.core.internal.command.DbMigrate - Migrating schema "public" to version "7 - eliminar niu de entidades"
2026-10-03 12:31:10 INFO  o.f.core.internal.command.DbMigrate - Migrating schema "public" to version "8 - eliminar rol operator"
2026-10-03 12:31:10 INFO  o.f.core.internal.command.DbMigrate - Migrating schema "public" to version "9 - recursos de carga"
2026-10-03 12:31:10 INFO  o.f.core.internal.command.DbMigrate - Migrating schema "public" to version "10 - manual de carga pdf"
2026-10-03 12:31:10 INFO  o.f.core.internal.command.DbMigrate - Successfully applied 10 migrations to schema "public", now at version v10 (execution time 00:00.067s)
2026-10-03 12:31:10 INFO  org.flywaydb.core.FlywayExecutor - Database: jdbc:postgresql://localhost:55584/actualizacion (PostgreSQL 16.9)
2026-10-03 12:31:10 INFO  o.f.c.i.s.JdbcTableSchemaHistory - Schema history table "public"."flyway_schema_history" does not exist yet
2026-10-03 12:31:10 INFO  o.f.core.internal.command.DbValidate - Successfully validated 10 migrations (execution time 00:00.002s)
2026-10-03 12:31:10 INFO  o.f.c.i.s.JdbcTableSchemaHistory - Creating Schema History table "public"."flyway_schema_history" ...
2026-10-03 12:31:10 INFO  o.f.core.internal.command.DbMigrate - Current version of schema "public": << Empty Schema >>
2026-10-03 12:31:10 INFO  o.f.core.internal.command.DbMigrate - Migrating schema "public" to version "1 - esquema inicial"
2026-10-03 12:31:10 INFO  o.f.core.internal.command.DbMigrate - Migrating schema "public" to version "2 - datos de referencia"
2026-10-03 12:31:10 INFO  o.f.core.internal.command.DbMigrate - Migrating schema "public" to version "3 - montos calculados con todos los decimales"
2026-10-03 12:31:10 INFO  o.f.core.internal.command.DbMigrate - Migrating schema "public" to version "4 - estado inactivado por pagador"
2026-10-03 12:31:10 INFO  o.f.core.internal.command.DbMigrate - Migrating schema "public" to version "5 - lotes de dispersion"
2026-10-03 12:31:10 INFO  o.f.core.internal.command.DbMigrate - Migrating schema "public" to version "6 - alta de usuarios proveedor fuera de la carga"
2026-10-03 12:31:10 INFO  o.f.core.internal.command.DbMigrate - Migrating schema "public" to version "7 - eliminar niu de entidades"
2026-10-03 12:31:10 INFO  o.f.core.internal.command.DbMigrate - Migrating schema "public" to version "8 - eliminar rol operator"
2026-10-03 12:31:10 INFO  o.f.core.internal.command.DbMigrate - Successfully applied 8 migrations to schema "public", now at version v8 (execution time 00:00.062s)
2026-10-03 12:31:11 INFO  c.d.f.s.impl.DocumentServiceImpl - Cupo null liberado por inactivación de 1 documento(s): consumo $5000.00 -> $4000.00.
2026-10-03 12:31:11 INFO  c.d.f.s.impl.DocumentServiceImpl - Documento 7f623f7c-dfdf-472d-85d9-2ed52845a679 inactivado manualmente por el usuario aa038454-fdb8-4f8a-9b0a-6f3c3ce45a57.
2026-10-03 12:31:11 INFO  c.d.f.s.impl.DocumentServiceImpl - Cupo null liberado por inactivación de 1 documento(s): consumo $5000.00 -> $4000.00.
2026-10-03 12:31:11 INFO  c.d.f.s.impl.DocumentServiceImpl - Documento 7b883f7f-5d1d-4eaa-a79d-2e4cbef0730c inactivado manualmente por el usuario cab0f902-ce77-49cb-b275-9de343d768fc.
2026-10-03 12:31:11 INFO  c.d.f.s.impl.DocumentServiceImpl - Fetching financeable documents for master agreement ID: d57b3f39-2ff4-4aa5-b2b7-93e238164b17
2026-10-03 12:31:11 INFO  c.d.f.s.impl.DocumentServiceImpl - Cupo null liberado por inactivación de 1 documento(s): consumo $5000.00 -> $4000.00.
2026-10-03 12:31:11 INFO  c.d.f.s.impl.DocumentServiceImpl - 1 documento(s) del convenio d57b3f39-2ff4-4aa5-b2b7-93e238164b17 pasaron a cuarentena por no ser financiables.
2026-10-03 12:31:11 INFO  c.d.f.s.i.DispersionBatchServiceImpl - Lote de dispersión DSP-20261002-91915B creado: pagador 254e2577-dc84-436b-8274-6f096158f094, vencimiento 2026-09-20, 1 documento(s), total 100.00.
2026-10-03 12:31:11 INFO  c.d.f.s.i.DispersionBatchServiceImpl - Lote de dispersión DSP-20261002-ABC123 confirmado por el usuario 41010e4c-990c-4833-8b01-948734be3d55: 2 documento(s) dispersados.
2026-10-03 12:31:11 INFO  c.d.f.s.i.DispersionBatchServiceImpl - Lote de dispersión DSP-20261002-16BD2B creado: pagador 845b9ace-f50f-4e83-937b-f435aa2c0108, vencimiento 2026-10-05, 2 documento(s), total 17347.00.
2026-10-03 12:31:12 ERROR c.d.f.service.impl.FundingCalculator - División por cero evitada: la base no puede ser cero.
2026-10-03 12:31:12 INFO  c.d.f.service.impl.FundingCalculator - [CALCULO] Totales | nominal 3500.55 | monto a financiar 3440.491071731711441470 | interés 60.058928268288558530 | comisión con IVA 9.719387277642084823 | a desembolsar 3430.771684454069356647
2026-10-03 12:31:12 INFO  c.d.f.s.i.UploadResourceServiceImpl - Recurso de carga TEMPLATE reemplazado por el usuario null (3344 bytes)
2026-10-03 12:31:12 INFO  c.d.f.s.i.UploadResourceServiceImpl - Recurso de carga MANUAL reemplazado por el usuario null (813 bytes)
2026-10-03 12:31:12 INFO  c.d.f.s.i.UploadResourceServiceImpl - Recurso de carga TEMPLATE reemplazado por el usuario null (3327 bytes)
2026-10-03 12:31:12 INFO  o.s.t.c.s.AnnotationConfigContextLoaderUtils - Could not detect default configuration classes for test class [com.davivienda.factoraje.infrastructure.config.SecurityConfigTest]: SecurityConfigTest does not declare any static, non-private, non-final, nested classes annotated with @Configuration.
2026-10-03 12:31:12 INFO  o.s.b.t.c.SpringBootTestContextBootstrapper - Found @SpringBootConfiguration com.davivienda.factoraje.FactorajeApplication for test class com.davivienda.factoraje.infrastructure.config.SecurityConfigTest
2026-10-03 12:31:12 INFO  o.s.b.d.r.RestartApplicationListener - Restart disabled due to context in which it is running
2026-10-03 12:31:12 WARN  o.s.b.t.j.DuplicateJsonObjectContextCustomizerFactory$DuplicateJsonObjectContextCustomizer - 

Found multiple occurrences of org.json.JSONObject on the class path:

	jar:file:/Users/ch/.m2/repository/org/json/json/20140107/json-20140107.jar!/org/json/JSONObject.class
	jar:file:/Users/ch/.m2/repository/com/vaadin/external/google/android-json/0.0.20131108.vaadin1/android-json-0.0.20131108.vaadin1.jar!/org/json/JSONObject.class

You may wish to exclude one of them to ensure predictable runtime behavior

2026-10-03 12:31:12 INFO  c.d.f.i.config.SecurityConfigTest - Starting SecurityConfigTest using Java 21.0.8 with PID 77698 (started by ch in /Users/ch/Documents/Desarrollo de sistemas/FinCXPXC/CXP_DAV_SERVER_REFACTOR)
2026-10-03 12:31:12 INFO  c.d.f.i.config.SecurityConfigTest - No active profile set, falling back to 1 default profile: "default"
2026-10-03 12:31:12 INFO  o.s.s.c.a.a.c.InitializeUserDetailsBeanManagerConfigurer$InitializeUserDetailsManagerConfigurer - Global AuthenticationManager configured with UserDetailsService bean with name inMemoryUserDetailsManager
2026-10-03 12:31:12 INFO  o.s.s.web.DefaultSecurityFilterChain - Will secure any request with [org.springframework.security.web.session.DisableEncodeUrlFilter@3cdfeead, org.springframework.security.web.context.request.async.WebAsyncManagerIntegrationFilter@2d5eefb8, org.springframework.security.web.context.SecurityContextHolderFilter@12f6a9ea, org.springframework.security.web.header.HeaderWriterFilter@1de54132, org.springframework.web.filter.CorsFilter@1c09655e, org.springframework.security.web.authentication.logout.LogoutFilter@6b1b9944, com.davivienda.factoraje.infrastructure.security.JwtAuthenticationFilter@2b8d9b5d, org.springframework.security.web.savedrequest.RequestCacheAwareFilter@3b072ec8, org.springframework.security.web.servletapi.SecurityContextHolderAwareRequestFilter@3ff1b819, org.springframework.security.web.authentication.AnonymousAuthenticationFilter@edcaecc, org.springframework.security.web.session.SessionManagementFilter@6ef11e27, org.springframework.security.web.access.ExceptionTranslationFilter@73d7dc1b, org.springframework.security.web.access.intercept.AuthorizationFilter@33244688]
2026-10-03 12:31:13 INFO  o.s.b.t.m.w.SpringBootMockServletContext - Initializing Spring TestDispatcherServlet ''
2026-10-03 12:31:13 INFO  o.s.t.w.s.TestDispatcherServlet - Initializing Servlet ''
2026-10-03 12:31:13 INFO  o.s.t.w.s.TestDispatcherServlet - Completed initialization in 0 ms
2026-10-03 12:31:13 INFO  c.d.f.i.config.SecurityConfigTest - Started SecurityConfigTest in 0.513 seconds (process running for 8.095)
2026-10-03 12:31:13 INFO  o.s.o.j.LocalContainerEntityManagerFactoryBean - Closing JPA EntityManagerFactory for persistence unit 'default'
2026-10-03 12:31:13 INFO  com.zaxxer.hikari.HikariDataSource - HikariPool-1 - Shutdown initiated...
2026-10-03 12:31:13 INFO  com.zaxxer.hikari.HikariDataSource - HikariPool-1 - Shutdown completed.
2026-10-03 12:31:51 WARN  o.s.b.t.j.DuplicateJsonObjectContextCustomizerFactory$DuplicateJsonObjectContextCustomizer - 

Found multiple occurrences of org.json.JSONObject on the class path:

	jar:file:/Users/ch/.m2/repository/org/json/json/20140107/json-20140107.jar!/org/json/JSONObject.class
	jar:file:/Users/ch/.m2/repository/com/vaadin/external/google/android-json/0.0.20131108.vaadin1/android-json-0.0.20131108.vaadin1.jar!/org/json/JSONObject.class

You may wish to exclude one of them to ensure predictable runtime behavior

2026-10-03 12:31:51 INFO  c.d.f.r.DocumentDoubleFundingIndexTest - Starting DocumentDoubleFundingIndexTest using Java 21.0.8 with PID 78477 (started by ch in /Users/ch/Documents/Desarrollo de sistemas/FinCXPXC/CXP_DAV_SERVER_REFACTOR)
2026-10-03 12:31:51 INFO  c.d.f.r.DocumentDoubleFundingIndexTest - No active profile set, falling back to 1 default profile: "default"
2026-10-03 12:31:51 INFO  o.s.d.r.c.RepositoryConfigurationDelegate - Bootstrapping Spring Data JPA repositories in DEFAULT mode.
2026-10-03 12:31:51 INFO  o.s.d.r.c.RepositoryConfigurationDelegate - Finished Spring Data repository scanning in 44 ms. Found 27 JPA repository interfaces.
2026-10-03 12:31:52 INFO  org.flywaydb.core.FlywayExecutor - Database: jdbc:postgresql://localhost:55682/test (PostgreSQL 16.9)
2026-10-03 12:31:52 INFO  o.f.c.i.s.JdbcTableSchemaHistory - Schema history table "public"."flyway_schema_history" does not exist yet
2026-10-03 12:31:52 INFO  o.f.core.internal.command.DbValidate - Successfully validated 10 migrations (execution time 00:00.010s)
2026-10-03 12:31:52 INFO  o.f.c.i.s.JdbcTableSchemaHistory - Creating Schema History table "public"."flyway_schema_history" ...
2026-10-03 12:31:52 INFO  o.f.core.internal.command.DbMigrate - Current version of schema "public": << Empty Schema >>
2026-10-03 12:31:52 INFO  o.f.core.internal.command.DbMigrate - Migrating schema "public" to version "1 - esquema inicial"
2026-10-03 12:31:52 INFO  o.f.core.internal.command.DbMigrate - Migrating schema "public" to version "2 - datos de referencia"
2026-10-03 12:31:52 INFO  o.f.core.internal.command.DbMigrate - Migrating schema "public" to version "3 - montos calculados con todos los decimales"
2026-10-03 12:31:52 INFO  o.f.core.internal.command.DbMigrate - Migrating schema "public" to version "4 - estado inactivado por pagador"
2026-10-03 12:31:52 INFO  o.f.core.internal.command.DbMigrate - Migrating schema "public" to version "5 - lotes de dispersion"
2026-10-03 12:31:52 INFO  o.f.core.internal.command.DbMigrate - Migrating schema "public" to version "6 - alta de usuarios proveedor fuera de la carga"
2026-10-03 12:31:52 INFO  o.f.core.internal.command.DbMigrate - Migrating schema "public" to version "7 - eliminar niu de entidades"
2026-10-03 12:31:52 INFO  o.f.core.internal.command.DbMigrate - Migrating schema "public" to version "8 - eliminar rol operator"
2026-10-03 12:31:52 INFO  o.f.core.internal.command.DbMigrate - Migrating schema "public" to version "9 - recursos de carga"
2026-10-03 12:31:52 INFO  o.f.core.internal.command.DbMigrate - Migrating schema "public" to version "10 - manual de carga pdf"
2026-10-03 12:31:52 INFO  o.f.core.internal.command.DbMigrate - Successfully applied 10 migrations to schema "public", now at version v10 (execution time 00:00.088s)
2026-10-03 12:31:52 INFO  o.h.jpa.internal.util.LogHelper - HHH000204: Processing PersistenceUnitInfo [name: default]
2026-10-03 12:31:52 INFO  org.hibernate.Version - HHH000412: Hibernate ORM core version 6.5.2.Final
2026-10-03 12:31:52 INFO  o.h.c.i.RegionFactoryInitiator - HHH000026: Second-level cache disabled
2026-10-03 12:31:52 INFO  com.zaxxer.hikari.HikariDataSource - HikariPool-1 - Starting...
2026-10-03 12:31:52 INFO  com.zaxxer.hikari.pool.HikariPool - HikariPool-1 - Added connection org.postgresql.jdbc.PgConnection@43090195
2026-10-03 12:31:52 INFO  com.zaxxer.hikari.HikariDataSource - HikariPool-1 - Start completed.
2026-10-03 12:31:52 WARN  org.hibernate.orm.deprecation - HHH90000025: PostgreSQLDialect does not need to be specified explicitly using 'hibernate.dialect' (remove the property setting and it will be selected by default)
2026-10-03 12:31:52 INFO  o.s.o.j.p.SpringPersistenceUnitInfo - No LoadTimeWeaver setup: ignoring JPA class transformer
2026-10-03 12:31:52 INFO  o.h.e.t.j.p.i.JtaPlatformInitiator - HHH000489: No JTA platform available (set 'hibernate.transaction.jta.platform' to enable JTA platform integration)
2026-10-03 12:31:52 INFO  o.s.o.j.LocalContainerEntityManagerFactoryBean - Initialized JPA EntityManagerFactory for persistence unit 'default'
2026-10-03 12:31:53 INFO  o.s.d.j.r.query.QueryEnhancerFactory - Hibernate is in classpath; If applicable, HQL parser will be used.
2026-10-03 12:31:53 INFO  c.d.f.r.DocumentDoubleFundingIndexTest - Started DocumentDoubleFundingIndexTest in 2.102 seconds (process running for 3.698)
2026-10-03 12:31:53 WARN  o.h.e.jdbc.spi.SqlExceptionHelper - SQL Error: 0, SQLState: 23505
2026-10-03 12:31:53 ERROR o.h.e.jdbc.spi.SqlExceptionHelper - ERROR: duplicate key value violates unique constraint "uq_documents_generation_code"
  Detail: Key (upper(generation_code::text))=(AB12CD34-0000-4000-8000-000000000001) already exists.
2026-10-03 12:31:53 WARN  o.h.e.jdbc.spi.SqlExceptionHelper - SQL Error: 0, SQLState: 23505
2026-10-03 12:31:53 ERROR o.h.e.jdbc.spi.SqlExceptionHelper - ERROR: duplicate key value violates unique constraint "uq_documents_received_stamp"
  Detail: Key (upper(received_stamp::text))=(AAAAAAAAAAAAAAAAAAAAAAAAAAAAAAAAAAAAAAAA) already exists.
2026-10-03 12:31:53 WARN  o.h.e.jdbc.spi.SqlExceptionHelper - SQL Error: 0, SQLState: 23505
2026-10-03 12:31:53 ERROR o.h.e.jdbc.spi.SqlExceptionHelper - ERROR: duplicate key value violates unique constraint "uq_documents_control_number"
  Detail: Key (upper(control_number::text))=(DTE-03-ABCD1234-000000000000001) already exists.
2026-10-03 12:31:53 WARN  o.h.e.jdbc.spi.SqlExceptionHelper - SQL Error: 0, SQLState: 23505
2026-10-03 12:31:53 ERROR o.h.e.jdbc.spi.SqlExceptionHelper - ERROR: duplicate key value violates unique constraint "uq_documents_paper_number_year"
  Detail: Key (master_agreement_id, document_number, EXTRACT(year FROM issue_date))=(7e771507-fc80-4586-b104-fe278e673162, F-100, 2026) already exists.
2026-10-03 12:31:54 INFO  tc.postgres:16.9 - Creating container for image: postgres:16.9
2026-10-03 12:31:54 INFO  tc.postgres:16.9 - Container postgres:16.9 is starting: 657777c019db303f8634aeab84e9a5393bb4d6dc83ebc16aa576f920386d7467
2026-10-03 12:31:54 INFO  tc.postgres:16.9 - Container postgres:16.9 started in PT0.630281S
2026-10-03 12:31:54 INFO  tc.postgres:16.9 - Container is started (JDBC URL: jdbc:postgresql://localhost:55696/test?loggerLevel=OFF)
2026-10-03 12:31:54 INFO  org.flywaydb.core.FlywayExecutor - Database: jdbc:postgresql://localhost:55696/flyway_ref (PostgreSQL 16.9)
2026-10-03 12:31:54 INFO  o.f.c.i.s.JdbcTableSchemaHistory - Schema history table "public"."flyway_schema_history" does not exist yet
2026-10-03 12:31:54 INFO  o.f.core.internal.command.DbValidate - Successfully validated 10 migrations (execution time 00:00.003s)
2026-10-03 12:31:54 INFO  o.f.c.i.s.JdbcTableSchemaHistory - Creating Schema History table "public"."flyway_schema_history" ...
2026-10-03 12:31:54 INFO  o.f.core.internal.command.DbMigrate - Current version of schema "public": << Empty Schema >>
2026-10-03 12:31:54 INFO  o.f.core.internal.command.DbMigrate - Migrating schema "public" to version "1 - esquema inicial"
2026-10-03 12:31:54 INFO  o.f.core.internal.command.DbMigrate - Migrating schema "public" to version "2 - datos de referencia"
2026-10-03 12:31:54 INFO  o.f.core.internal.command.DbMigrate - Migrating schema "public" to version "3 - montos calculados con todos los decimales"
2026-10-03 12:31:54 INFO  o.f.core.internal.command.DbMigrate - Migrating schema "public" to version "4 - estado inactivado por pagador"
2026-10-03 12:31:54 INFO  o.f.core.internal.command.DbMigrate - Migrating schema "public" to version "5 - lotes de dispersion"
2026-10-03 12:31:54 INFO  o.f.core.internal.command.DbMigrate - Migrating schema "public" to version "6 - alta de usuarios proveedor fuera de la carga"
2026-10-03 12:31:54 INFO  o.f.core.internal.command.DbMigrate - Migrating schema "public" to version "7 - eliminar niu de entidades"
2026-10-03 12:31:54 INFO  o.f.core.internal.command.DbMigrate - Migrating schema "public" to version "8 - eliminar rol operator"
2026-10-03 12:31:54 INFO  o.f.core.internal.command.DbMigrate - Migrating schema "public" to version "9 - recursos de carga"
2026-10-03 12:31:54 INFO  o.f.core.internal.command.DbMigrate - Migrating schema "public" to version "10 - manual de carga pdf"
2026-10-03 12:31:54 INFO  o.f.core.internal.command.DbMigrate - Successfully applied 10 migrations to schema "public", now at version v10 (execution time 00:00.067s)
2026-10-03 12:31:55 INFO  org.flywaydb.core.FlywayExecutor - Database: jdbc:postgresql://localhost:55696/actualizacion (PostgreSQL 16.9)
2026-10-03 12:31:55 INFO  o.f.c.i.s.JdbcTableSchemaHistory - Schema history table "public"."flyway_schema_history" does not exist yet
2026-10-03 12:31:55 INFO  o.f.core.internal.command.DbValidate - Successfully validated 10 migrations (execution time 00:00.002s)
2026-10-03 12:31:55 INFO  o.f.c.i.s.JdbcTableSchemaHistory - Creating Schema History table "public"."flyway_schema_history" ...
2026-10-03 12:31:55 INFO  o.f.core.internal.command.DbMigrate - Current version of schema "public": << Empty Schema >>
2026-10-03 12:31:55 INFO  o.f.core.internal.command.DbMigrate - Migrating schema "public" to version "1 - esquema inicial"
2026-10-03 12:31:55 INFO  o.f.core.internal.command.DbMigrate - Migrating schema "public" to version "2 - datos de referencia"
2026-10-03 12:31:55 INFO  o.f.core.internal.command.DbMigrate - Migrating schema "public" to version "3 - montos calculados con todos los decimales"
2026-10-03 12:31:55 INFO  o.f.core.internal.command.DbMigrate - Migrating schema "public" to version "4 - estado inactivado por pagador"
2026-10-03 12:31:55 INFO  o.f.core.internal.command.DbMigrate - Migrating schema "public" to version "5 - lotes de dispersion"
2026-10-03 12:31:55 INFO  o.f.core.internal.command.DbMigrate - Migrating schema "public" to version "6 - alta de usuarios proveedor fuera de la carga"
2026-10-03 12:31:55 INFO  o.f.core.internal.command.DbMigrate - Migrating schema "public" to version "7 - eliminar niu de entidades"
2026-10-03 12:31:55 INFO  o.f.core.internal.command.DbMigrate - Migrating schema "public" to version "8 - eliminar rol operator"
2026-10-03 12:31:55 INFO  o.f.core.internal.command.DbMigrate - Successfully applied 8 migrations to schema "public", now at version v8 (execution time 00:00.058s)
2026-10-03 12:31:56 INFO  c.d.f.s.impl.DocumentServiceImpl - Cupo null liberado por inactivación de 1 documento(s): consumo $5000.00 -> $4000.00.
2026-10-03 12:31:56 INFO  c.d.f.s.impl.DocumentServiceImpl - Documento 79ebfea3-e22f-4a22-ba24-0798a8f568d6 inactivado manualmente por el usuario 99bb948e-ef86-4419-aa95-7adda7f4de3b.
2026-10-03 12:31:56 INFO  c.d.f.s.impl.DocumentServiceImpl - Cupo null liberado por inactivación de 1 documento(s): consumo $5000.00 -> $4000.00.
2026-10-03 12:31:56 INFO  c.d.f.s.impl.DocumentServiceImpl - Documento 1fae8921-20dc-4993-baae-57303034d5c0 inactivado manualmente por el usuario 2fbb1b35-dc67-4568-b2d9-becb6d942f64.
2026-10-03 12:31:56 INFO  c.d.f.s.impl.DocumentServiceImpl - Fetching financeable documents for master agreement ID: 0beef9b5-a8b9-4346-ae0c-7c2539b5b8a0
2026-10-03 12:31:56 INFO  c.d.f.s.impl.DocumentServiceImpl - Cupo null liberado por inactivación de 1 documento(s): consumo $5000.00 -> $4000.00.
2026-10-03 12:31:56 INFO  c.d.f.s.impl.DocumentServiceImpl - 1 documento(s) del convenio 0beef9b5-a8b9-4346-ae0c-7c2539b5b8a0 pasaron a cuarentena por no ser financiables.
2026-10-03 12:31:56 INFO  c.d.f.s.i.DispersionBatchServiceImpl - Lote de dispersión DSP-20261002-C9269E creado: pagador f035053b-01b0-43e7-887a-92f4ee6cf564, vencimiento 2026-09-20, 1 documento(s), total 100.00.
2026-10-03 12:31:56 INFO  c.d.f.s.i.DispersionBatchServiceImpl - Lote de dispersión DSP-20261002-ABC123 confirmado por el usuario 8205d174-bded-4ce0-ae88-1a6362aebe74: 2 documento(s) dispersados.
2026-10-03 12:31:56 INFO  c.d.f.s.i.DispersionBatchServiceImpl - Lote de dispersión DSP-20261002-64C816 creado: pagador 9419197f-c011-4f26-84ff-0d40d48b0228, vencimiento 2026-10-05, 2 documento(s), total 17347.00.
2026-10-03 12:31:56 ERROR c.d.f.service.impl.FundingCalculator - División por cero evitada: la base no puede ser cero.
2026-10-03 12:31:56 INFO  c.d.f.service.impl.FundingCalculator - [CALCULO] Totales | nominal 3500.55 | monto a financiar 3440.491071731711441470 | interés 60.058928268288558530 | comisión con IVA 9.719387277642084823 | a desembolsar 3430.771684454069356647
2026-10-03 12:31:57 INFO  c.d.f.s.i.UploadResourceServiceImpl - Recurso de carga TEMPLATE reemplazado por el usuario null (3345 bytes)
2026-10-03 12:31:57 INFO  c.d.f.s.i.UploadResourceServiceImpl - Recurso de carga MANUAL reemplazado por el usuario null (813 bytes)
2026-10-03 12:31:57 INFO  c.d.f.s.i.UploadResourceServiceImpl - Recurso de carga TEMPLATE reemplazado por el usuario null (3328 bytes)
2026-10-03 12:31:57 INFO  o.s.t.c.s.AnnotationConfigContextLoaderUtils - Could not detect default configuration classes for test class [com.davivienda.factoraje.infrastructure.config.SecurityConfigTest]: SecurityConfigTest does not declare any static, non-private, non-final, nested classes annotated with @Configuration.
2026-10-03 12:31:57 INFO  o.s.b.t.c.SpringBootTestContextBootstrapper - Found @SpringBootConfiguration com.davivienda.factoraje.FactorajeApplication for test class com.davivienda.factoraje.infrastructure.config.SecurityConfigTest
2026-10-03 12:31:57 INFO  o.s.b.d.r.RestartApplicationListener - Restart disabled due to context in which it is running
2026-10-03 12:31:57 WARN  o.s.b.t.j.DuplicateJsonObjectContextCustomizerFactory$DuplicateJsonObjectContextCustomizer - 

Found multiple occurrences of org.json.JSONObject on the class path:

	jar:file:/Users/ch/.m2/repository/org/json/json/20140107/json-20140107.jar!/org/json/JSONObject.class
	jar:file:/Users/ch/.m2/repository/com/vaadin/external/google/android-json/0.0.20131108.vaadin1/android-json-0.0.20131108.vaadin1.jar!/org/json/JSONObject.class

You may wish to exclude one of them to ensure predictable runtime behavior

2026-10-03 12:31:57 INFO  c.d.f.i.config.SecurityConfigTest - Starting SecurityConfigTest using Java 21.0.8 with PID 78477 (started by ch in /Users/ch/Documents/Desarrollo de sistemas/FinCXPXC/CXP_DAV_SERVER_REFACTOR)
2026-10-03 12:31:57 INFO  c.d.f.i.config.SecurityConfigTest - No active profile set, falling back to 1 default profile: "default"
2026-10-03 12:31:57 INFO  o.s.s.c.a.a.c.InitializeUserDetailsBeanManagerConfigurer$InitializeUserDetailsManagerConfigurer - Global AuthenticationManager configured with UserDetailsService bean with name inMemoryUserDetailsManager
2026-10-03 12:31:57 INFO  o.s.s.web.DefaultSecurityFilterChain - Will secure any request with [org.springframework.security.web.session.DisableEncodeUrlFilter@4baf4924, org.springframework.security.web.context.request.async.WebAsyncManagerIntegrationFilter@693f7f0c, org.springframework.security.web.context.SecurityContextHolderFilter@6a74b59a, org.springframework.security.web.header.HeaderWriterFilter@73d7dc1b, org.springframework.web.filter.CorsFilter@3cdfeead, org.springframework.security.web.authentication.logout.LogoutFilter@425e08e8, com.davivienda.factoraje.infrastructure.security.JwtAuthenticationFilter@5eb9a352, org.springframework.security.web.savedrequest.RequestCacheAwareFilter@12f6a9ea, org.springframework.security.web.servletapi.SecurityContextHolderAwareRequestFilter@25976988, org.springframework.security.web.authentication.AnonymousAuthenticationFilter@2d5eefb8, org.springframework.security.web.session.SessionManagementFilter@1e23c53d, org.springframework.security.web.access.ExceptionTranslationFilter@116b7247, org.springframework.security.web.access.intercept.AuthorizationFilter@465c9dc0]
2026-10-03 12:31:57 INFO  o.s.b.t.m.w.SpringBootMockServletContext - Initializing Spring TestDispatcherServlet ''
2026-10-03 12:31:57 INFO  o.s.t.w.s.TestDispatcherServlet - Initializing Servlet ''
2026-10-03 12:31:57 INFO  o.s.t.w.s.TestDispatcherServlet - Completed initialization in 1 ms
2026-10-03 12:31:57 INFO  c.d.f.i.config.SecurityConfigTest - Started SecurityConfigTest in 0.505 seconds (process running for 7.869)
2026-10-03 12:31:57 INFO  o.s.o.j.LocalContainerEntityManagerFactoryBean - Closing JPA EntityManagerFactory for persistence unit 'default'
2026-10-03 12:31:57 INFO  com.zaxxer.hikari.HikariDataSource - HikariPool-1 - Shutdown initiated...
2026-10-03 12:31:57 INFO  com.zaxxer.hikari.HikariDataSource - HikariPool-1 - Shutdown completed.
2026-10-03 12:54:22 WARN  o.s.b.t.j.DuplicateJsonObjectContextCustomizerFactory$DuplicateJsonObjectContextCustomizer - 

Found multiple occurrences of org.json.JSONObject on the class path:

	jar:file:/Users/ch/.m2/repository/org/json/json/20140107/json-20140107.jar!/org/json/JSONObject.class
	jar:file:/Users/ch/.m2/repository/com/vaadin/external/google/android-json/0.0.20131108.vaadin1/android-json-0.0.20131108.vaadin1.jar!/org/json/JSONObject.class

You may wish to exclude one of them to ensure predictable runtime behavior

2026-10-03 12:54:22 INFO  c.d.f.r.DocumentDoubleFundingIndexTest - Starting DocumentDoubleFundingIndexTest using Java 21.0.8 with PID 98566 (started by ch in /Users/ch/Documents/Desarrollo de sistemas/FinCXPXC/CXP_DAV_SERVER_REFACTOR)
2026-10-03 12:54:22 INFO  c.d.f.r.DocumentDoubleFundingIndexTest - No active profile set, falling back to 1 default profile: "default"
2026-10-03 12:54:22 INFO  o.s.d.r.c.RepositoryConfigurationDelegate - Bootstrapping Spring Data JPA repositories in DEFAULT mode.
2026-10-03 12:54:23 INFO  o.s.d.r.c.RepositoryConfigurationDelegate - Finished Spring Data repository scanning in 57 ms. Found 27 JPA repository interfaces.
2026-10-03 12:54:23 INFO  org.flywaydb.core.FlywayExecutor - Database: jdbc:postgresql://localhost:56359/test (PostgreSQL 16.9)
2026-10-03 12:54:23 INFO  o.f.c.i.s.JdbcTableSchemaHistory - Schema history table "public"."flyway_schema_history" does not exist yet
2026-10-03 12:54:23 INFO  o.f.core.internal.command.DbValidate - Successfully validated 10 migrations (execution time 00:00.011s)
2026-10-03 12:54:23 INFO  o.f.c.i.s.JdbcTableSchemaHistory - Creating Schema History table "public"."flyway_schema_history" ...
2026-10-03 12:54:23 INFO  o.f.core.internal.command.DbMigrate - Current version of schema "public": << Empty Schema >>
2026-10-03 12:54:23 INFO  o.f.core.internal.command.DbMigrate - Migrating schema "public" to version "1 - esquema inicial"
2026-10-03 12:54:23 INFO  o.f.core.internal.command.DbMigrate - Migrating schema "public" to version "2 - datos de referencia"
2026-10-03 12:54:23 INFO  o.f.core.internal.command.DbMigrate - Migrating schema "public" to version "3 - montos calculados con todos los decimales"
2026-10-03 12:54:23 INFO  o.f.core.internal.command.DbMigrate - Migrating schema "public" to version "4 - estado inactivado por pagador"
2026-10-03 12:54:23 INFO  o.f.core.internal.command.DbMigrate - Migrating schema "public" to version "5 - lotes de dispersion"
2026-10-03 12:54:23 INFO  o.f.core.internal.command.DbMigrate - Migrating schema "public" to version "6 - alta de usuarios proveedor fuera de la carga"
2026-10-03 12:54:23 INFO  o.f.core.internal.command.DbMigrate - Migrating schema "public" to version "7 - eliminar niu de entidades"
2026-10-03 12:54:23 INFO  o.f.core.internal.command.DbMigrate - Migrating schema "public" to version "8 - eliminar rol operator"
2026-10-03 12:54:23 INFO  o.f.core.internal.command.DbMigrate - Migrating schema "public" to version "9 - recursos de carga"
2026-10-03 12:54:23 INFO  o.f.core.internal.command.DbMigrate - Migrating schema "public" to version "10 - manual de carga pdf"
2026-10-03 12:54:23 INFO  o.f.core.internal.command.DbMigrate - Successfully applied 10 migrations to schema "public", now at version v10 (execution time 00:00.089s)
2026-10-03 12:54:23 INFO  o.h.jpa.internal.util.LogHelper - HHH000204: Processing PersistenceUnitInfo [name: default]
2026-10-03 12:54:23 INFO  org.hibernate.Version - HHH000412: Hibernate ORM core version 6.5.2.Final
2026-10-03 12:54:23 INFO  o.h.c.i.RegionFactoryInitiator - HHH000026: Second-level cache disabled
2026-10-03 12:54:23 INFO  com.zaxxer.hikari.HikariDataSource - HikariPool-1 - Starting...
2026-10-03 12:54:23 INFO  com.zaxxer.hikari.pool.HikariPool - HikariPool-1 - Added connection org.postgresql.jdbc.PgConnection@415262a0
2026-10-03 12:54:23 INFO  com.zaxxer.hikari.HikariDataSource - HikariPool-1 - Start completed.
2026-10-03 12:54:23 WARN  org.hibernate.orm.deprecation - HHH90000025: PostgreSQLDialect does not need to be specified explicitly using 'hibernate.dialect' (remove the property setting and it will be selected by default)
2026-10-03 12:54:23 INFO  o.s.o.j.p.SpringPersistenceUnitInfo - No LoadTimeWeaver setup: ignoring JPA class transformer
2026-10-03 12:54:24 INFO  o.h.e.t.j.p.i.JtaPlatformInitiator - HHH000489: No JTA platform available (set 'hibernate.transaction.jta.platform' to enable JTA platform integration)
2026-10-03 12:54:24 INFO  o.s.o.j.LocalContainerEntityManagerFactoryBean - Initialized JPA EntityManagerFactory for persistence unit 'default'
2026-10-03 12:54:24 INFO  o.s.d.j.r.query.QueryEnhancerFactory - Hibernate is in classpath; If applicable, HQL parser will be used.
2026-10-03 12:54:24 INFO  c.d.f.r.DocumentDoubleFundingIndexTest - Started DocumentDoubleFundingIndexTest in 2.201 seconds (process running for 3.967)
2026-10-03 12:54:25 WARN  o.h.e.jdbc.spi.SqlExceptionHelper - SQL Error: 0, SQLState: 23505
2026-10-03 12:54:25 ERROR o.h.e.jdbc.spi.SqlExceptionHelper - ERROR: duplicate key value violates unique constraint "uq_documents_generation_code"
  Detail: Key (upper(generation_code::text))=(AB12CD34-0000-4000-8000-000000000001) already exists.
2026-10-03 12:54:25 WARN  o.h.e.jdbc.spi.SqlExceptionHelper - SQL Error: 0, SQLState: 23505
2026-10-03 12:54:25 ERROR o.h.e.jdbc.spi.SqlExceptionHelper - ERROR: duplicate key value violates unique constraint "uq_documents_received_stamp"
  Detail: Key (upper(received_stamp::text))=(AAAAAAAAAAAAAAAAAAAAAAAAAAAAAAAAAAAAAAAA) already exists.
2026-10-03 12:54:25 WARN  o.h.e.jdbc.spi.SqlExceptionHelper - SQL Error: 0, SQLState: 23505
2026-10-03 12:54:25 ERROR o.h.e.jdbc.spi.SqlExceptionHelper - ERROR: duplicate key value violates unique constraint "uq_documents_control_number"
  Detail: Key (upper(control_number::text))=(DTE-03-ABCD1234-000000000000001) already exists.
2026-10-03 12:54:25 WARN  o.h.e.jdbc.spi.SqlExceptionHelper - SQL Error: 0, SQLState: 23505
2026-10-03 12:54:25 ERROR o.h.e.jdbc.spi.SqlExceptionHelper - ERROR: duplicate key value violates unique constraint "uq_documents_paper_number_year"
  Detail: Key (master_agreement_id, document_number, EXTRACT(year FROM issue_date))=(2e259d77-30b8-4520-a23e-986b1b1096e5, F-100, 2026) already exists.
2026-10-03 12:54:25 INFO  tc.postgres:16.9 - Creating container for image: postgres:16.9
2026-10-03 12:54:25 INFO  tc.postgres:16.9 - Container postgres:16.9 is starting: 3f80611a1679d5b3c485469a4417f0130ae05812da83baf223ba55690f3e53ad
2026-10-03 12:54:26 INFO  tc.postgres:16.9 - Container postgres:16.9 started in PT0.658949S
2026-10-03 12:54:26 INFO  tc.postgres:16.9 - Container is started (JDBC URL: jdbc:postgresql://localhost:56373/test?loggerLevel=OFF)
2026-10-03 12:54:26 INFO  org.flywaydb.core.FlywayExecutor - Database: jdbc:postgresql://localhost:56373/flyway_ref (PostgreSQL 16.9)
2026-10-03 12:54:26 INFO  o.f.c.i.s.JdbcTableSchemaHistory - Schema history table "public"."flyway_schema_history" does not exist yet
2026-10-03 12:54:26 INFO  o.f.core.internal.command.DbValidate - Successfully validated 10 migrations (execution time 00:00.002s)
2026-10-03 12:54:26 INFO  o.f.c.i.s.JdbcTableSchemaHistory - Creating Schema History table "public"."flyway_schema_history" ...
2026-10-03 12:54:26 INFO  o.f.core.internal.command.DbMigrate - Current version of schema "public": << Empty Schema >>
2026-10-03 12:54:26 INFO  o.f.core.internal.command.DbMigrate - Migrating schema "public" to version "1 - esquema inicial"
2026-10-03 12:54:26 INFO  o.f.core.internal.command.DbMigrate - Migrating schema "public" to version "2 - datos de referencia"
2026-10-03 12:54:26 INFO  o.f.core.internal.command.DbMigrate - Migrating schema "public" to version "3 - montos calculados con todos los decimales"
2026-10-03 12:54:26 INFO  o.f.core.internal.command.DbMigrate - Migrating schema "public" to version "4 - estado inactivado por pagador"
2026-10-03 12:54:26 INFO  o.f.core.internal.command.DbMigrate - Migrating schema "public" to version "5 - lotes de dispersion"
2026-10-03 12:54:26 INFO  o.f.core.internal.command.DbMigrate - Migrating schema "public" to version "6 - alta de usuarios proveedor fuera de la carga"
2026-10-03 12:54:26 INFO  o.f.core.internal.command.DbMigrate - Migrating schema "public" to version "7 - eliminar niu de entidades"
2026-10-03 12:54:26 INFO  o.f.core.internal.command.DbMigrate - Migrating schema "public" to version "8 - eliminar rol operator"
2026-10-03 12:54:26 INFO  o.f.core.internal.command.DbMigrate - Migrating schema "public" to version "9 - recursos de carga"
2026-10-03 12:54:26 INFO  o.f.core.internal.command.DbMigrate - Migrating schema "public" to version "10 - manual de carga pdf"
2026-10-03 12:54:26 INFO  o.f.core.internal.command.DbMigrate - Successfully applied 10 migrations to schema "public", now at version v10 (execution time 00:00.083s)
2026-10-03 12:54:26 INFO  org.flywaydb.core.FlywayExecutor - Database: jdbc:postgresql://localhost:56373/actualizacion (PostgreSQL 16.9)
2026-10-03 12:54:26 INFO  o.f.c.i.s.JdbcTableSchemaHistory - Schema history table "public"."flyway_schema_history" does not exist yet
2026-10-03 12:54:26 INFO  o.f.core.internal.command.DbValidate - Successfully validated 10 migrations (execution time 00:00.002s)
2026-10-03 12:54:26 INFO  o.f.c.i.s.JdbcTableSchemaHistory - Creating Schema History table "public"."flyway_schema_history" ...
2026-10-03 12:54:26 INFO  o.f.core.internal.command.DbMigrate - Current version of schema "public": << Empty Schema >>
2026-10-03 12:54:26 INFO  o.f.core.internal.command.DbMigrate - Migrating schema "public" to version "1 - esquema inicial"
2026-10-03 12:54:26 INFO  o.f.core.internal.command.DbMigrate - Migrating schema "public" to version "2 - datos de referencia"
2026-10-03 12:54:26 INFO  o.f.core.internal.command.DbMigrate - Migrating schema "public" to version "3 - montos calculados con todos los decimales"
2026-10-03 12:54:26 INFO  o.f.core.internal.command.DbMigrate - Migrating schema "public" to version "4 - estado inactivado por pagador"
2026-10-03 12:54:26 INFO  o.f.core.internal.command.DbMigrate - Migrating schema "public" to version "5 - lotes de dispersion"
2026-10-03 12:54:26 INFO  o.f.core.internal.command.DbMigrate - Migrating schema "public" to version "6 - alta de usuarios proveedor fuera de la carga"
2026-10-03 12:54:26 INFO  o.f.core.internal.command.DbMigrate - Migrating schema "public" to version "7 - eliminar niu de entidades"
2026-10-03 12:54:26 INFO  o.f.core.internal.command.DbMigrate - Migrating schema "public" to version "8 - eliminar rol operator"
2026-10-03 12:54:26 INFO  o.f.core.internal.command.DbMigrate - Successfully applied 8 migrations to schema "public", now at version v8 (execution time 00:00.060s)
2026-10-03 12:54:27 INFO  c.d.f.s.impl.DocumentServiceImpl - Cupo null liberado por inactivación de 1 documento(s): consumo $5000.00 -> $4000.00.
2026-10-03 12:54:27 INFO  c.d.f.s.impl.DocumentServiceImpl - Documento d13621bd-b31d-44de-9dfc-640327e63cec inactivado manualmente por el usuario ead8dc4f-a9d5-4f9c-8890-7f4c51864759.
2026-10-03 12:54:27 INFO  c.d.f.s.impl.DocumentServiceImpl - Cupo null liberado por inactivación de 1 documento(s): consumo $5000.00 -> $4000.00.
2026-10-03 12:54:27 INFO  c.d.f.s.impl.DocumentServiceImpl - Documento 00268967-3956-4362-a2e7-f1b034345e74 inactivado manualmente por el usuario 23939e00-6085-4fe7-b8f9-56cbee63c79d.
2026-10-03 12:54:27 INFO  c.d.f.s.impl.DocumentServiceImpl - Fetching financeable documents for master agreement ID: eb416f03-592c-4df7-9b1e-f64df8c92006
2026-10-03 12:54:27 INFO  c.d.f.s.impl.DocumentServiceImpl - Cupo null liberado por inactivación de 1 documento(s): consumo $5000.00 -> $4000.00.
2026-10-03 12:54:27 INFO  c.d.f.s.impl.DocumentServiceImpl - 1 documento(s) del convenio eb416f03-592c-4df7-9b1e-f64df8c92006 pasaron a cuarentena por no ser financiables.
2026-10-03 12:54:27 INFO  c.d.f.s.i.DispersionBatchServiceImpl - Lote de dispersión DSP-20261002-CD828A creado: pagador 1c6d82ec-411f-40c9-be76-9bf47f25900c, vencimiento 2026-09-20, 1 documento(s), total 100.00.
2026-10-03 12:54:27 INFO  c.d.f.s.i.DispersionBatchServiceImpl - Lote de dispersión DSP-20261002-ABC123 confirmado por el usuario 0fc7505c-b386-4d44-a0cd-6f5a99dc12e9: 2 documento(s) dispersados.
2026-10-03 12:54:28 INFO  c.d.f.s.i.DispersionBatchServiceImpl - Lote de dispersión DSP-20261002-EB41DE creado: pagador 3408ce61-8d5b-40fe-936d-d7ff542e036a, vencimiento 2026-10-05, 2 documento(s), total 17347.00.
2026-10-03 12:54:28 ERROR c.d.f.service.impl.FundingCalculator - División por cero evitada: la base no puede ser cero.
2026-10-03 12:54:28 INFO  c.d.f.service.impl.FundingCalculator - [CALCULO] Totales | nominal 3500.55 | monto a financiar 3440.491071731711441470 | interés 60.058928268288558530 | comisión con IVA 9.719387277642084823 | a desembolsar 3430.771684454069356647
2026-10-03 12:54:28 INFO  c.d.f.s.i.UploadResourceServiceImpl - Recurso de carga TEMPLATE reemplazado por el usuario null (3345 bytes)
2026-10-03 12:54:28 INFO  c.d.f.s.i.UploadResourceServiceImpl - Recurso de carga MANUAL reemplazado por el usuario null (813 bytes)
2026-10-03 12:54:28 INFO  c.d.f.s.i.UploadResourceServiceImpl - Recurso de carga TEMPLATE reemplazado por el usuario null (3328 bytes)
2026-10-03 12:54:28 INFO  o.s.t.c.s.AnnotationConfigContextLoaderUtils - Could not detect default configuration classes for test class [com.davivienda.factoraje.infrastructure.config.SecurityConfigTest]: SecurityConfigTest does not declare any static, non-private, non-final, nested classes annotated with @Configuration.
2026-10-03 12:54:28 INFO  o.s.b.t.c.SpringBootTestContextBootstrapper - Found @SpringBootConfiguration com.davivienda.factoraje.FactorajeApplication for test class com.davivienda.factoraje.infrastructure.config.SecurityConfigTest
2026-10-03 12:54:28 INFO  o.s.b.d.r.RestartApplicationListener - Restart disabled due to context in which it is running
2026-10-03 12:54:28 WARN  o.s.b.t.j.DuplicateJsonObjectContextCustomizerFactory$DuplicateJsonObjectContextCustomizer - 

Found multiple occurrences of org.json.JSONObject on the class path:

	jar:file:/Users/ch/.m2/repository/org/json/json/20140107/json-20140107.jar!/org/json/JSONObject.class
	jar:file:/Users/ch/.m2/repository/com/vaadin/external/google/android-json/0.0.20131108.vaadin1/android-json-0.0.20131108.vaadin1.jar!/org/json/JSONObject.class

You may wish to exclude one of them to ensure predictable runtime behavior

2026-10-03 12:54:28 INFO  c.d.f.i.config.SecurityConfigTest - Starting SecurityConfigTest using Java 21.0.8 with PID 98566 (started by ch in /Users/ch/Documents/Desarrollo de sistemas/FinCXPXC/CXP_DAV_SERVER_REFACTOR)
2026-10-03 12:54:28 INFO  c.d.f.i.config.SecurityConfigTest - No active profile set, falling back to 1 default profile: "default"
2026-10-03 12:54:28 INFO  o.s.s.c.a.a.c.InitializeUserDetailsBeanManagerConfigurer$InitializeUserDetailsManagerConfigurer - Global AuthenticationManager configured with UserDetailsService bean with name inMemoryUserDetailsManager
2026-10-03 12:54:29 INFO  o.s.s.web.DefaultSecurityFilterChain - Will secure any request with [org.springframework.security.web.session.DisableEncodeUrlFilter@44fabe57, org.springframework.security.web.context.request.async.WebAsyncManagerIntegrationFilter@17c544e9, org.springframework.security.web.context.SecurityContextHolderFilter@77b6fad3, org.springframework.security.web.header.HeaderWriterFilter@4af765f8, org.springframework.web.filter.CorsFilter@1e55c5f7, org.springframework.security.web.authentication.logout.LogoutFilter@4bfc4be1, com.davivienda.factoraje.infrastructure.security.JwtAuthenticationFilter@16b0acaf, org.springframework.security.web.savedrequest.RequestCacheAwareFilter@7a4eaedc, org.springframework.security.web.servletapi.SecurityContextHolderAwareRequestFilter@6ad5f700, org.springframework.security.web.authentication.AnonymousAuthenticationFilter@4be84993, org.springframework.security.web.session.SessionManagementFilter@1b3295f3, org.springframework.security.web.access.ExceptionTranslationFilter@16446cfb, org.springframework.security.web.access.intercept.AuthorizationFilter@1cd9f6af]
2026-10-03 12:54:29 INFO  o.s.b.t.m.w.SpringBootMockServletContext - Initializing Spring TestDispatcherServlet ''
2026-10-03 12:54:29 INFO  o.s.t.w.s.TestDispatcherServlet - Initializing Servlet ''
2026-10-03 12:54:29 INFO  o.s.t.w.s.TestDispatcherServlet - Completed initialization in 1 ms
2026-10-03 12:54:29 INFO  c.d.f.i.config.SecurityConfigTest - Started SecurityConfigTest in 0.555 seconds (process running for 8.295)
2026-10-03 12:54:29 INFO  o.s.o.j.LocalContainerEntityManagerFactoryBean - Closing JPA EntityManagerFactory for persistence unit 'default'
2026-10-03 12:54:29 INFO  com.zaxxer.hikari.HikariDataSource - HikariPool-1 - Shutdown initiated...
2026-10-03 12:54:29 INFO  com.zaxxer.hikari.HikariDataSource - HikariPool-1 - Shutdown completed.
2026-10-03 13:13:25 WARN  o.s.b.t.j.DuplicateJsonObjectContextCustomizerFactory$DuplicateJsonObjectContextCustomizer - 

Found multiple occurrences of org.json.JSONObject on the class path:

	jar:file:/Users/ch/.m2/repository/org/json/json/20140107/json-20140107.jar!/org/json/JSONObject.class
	jar:file:/Users/ch/.m2/repository/com/vaadin/external/google/android-json/0.0.20131108.vaadin1/android-json-0.0.20131108.vaadin1.jar!/org/json/JSONObject.class

You may wish to exclude one of them to ensure predictable runtime behavior

2026-10-03 13:13:25 INFO  c.d.f.r.DocumentDoubleFundingIndexTest - Starting DocumentDoubleFundingIndexTest using Java 21.0.8 with PID 15417 (started by ch in /Users/ch/Documents/Desarrollo de sistemas/FinCXPXC/CXP_DAV_SERVER_REFACTOR)
2026-10-03 13:13:25 INFO  c.d.f.r.DocumentDoubleFundingIndexTest - No active profile set, falling back to 1 default profile: "default"
2026-10-03 13:13:25 INFO  o.s.d.r.c.RepositoryConfigurationDelegate - Bootstrapping Spring Data JPA repositories in DEFAULT mode.
2026-10-03 13:13:25 INFO  o.s.d.r.c.RepositoryConfigurationDelegate - Finished Spring Data repository scanning in 42 ms. Found 27 JPA repository interfaces.
2026-10-03 13:13:25 INFO  org.flywaydb.core.FlywayExecutor - Database: jdbc:postgresql://localhost:57020/test (PostgreSQL 16.9)
2026-10-03 13:13:25 INFO  o.f.c.i.s.JdbcTableSchemaHistory - Schema history table "public"."flyway_schema_history" does not exist yet
2026-10-03 13:13:25 INFO  o.f.core.internal.command.DbValidate - Successfully validated 10 migrations (execution time 00:00.008s)
2026-10-03 13:13:25 INFO  o.f.c.i.s.JdbcTableSchemaHistory - Creating Schema History table "public"."flyway_schema_history" ...
2026-10-03 13:13:25 INFO  o.f.core.internal.command.DbMigrate - Current version of schema "public": << Empty Schema >>
2026-10-03 13:13:25 INFO  o.f.core.internal.command.DbMigrate - Migrating schema "public" to version "1 - esquema inicial"
2026-10-03 13:13:25 INFO  o.f.core.internal.command.DbMigrate - Migrating schema "public" to version "2 - datos de referencia"
2026-10-03 13:13:25 INFO  o.f.core.internal.command.DbMigrate - Migrating schema "public" to version "3 - montos calculados con todos los decimales"
2026-10-03 13:13:25 INFO  o.f.core.internal.command.DbMigrate - Migrating schema "public" to version "4 - estado inactivado por pagador"
2026-10-03 13:13:25 INFO  o.f.core.internal.command.DbMigrate - Migrating schema "public" to version "5 - lotes de dispersion"
2026-10-03 13:13:25 INFO  o.f.core.internal.command.DbMigrate - Migrating schema "public" to version "6 - alta de usuarios proveedor fuera de la carga"
2026-10-03 13:13:25 INFO  o.f.core.internal.command.DbMigrate - Migrating schema "public" to version "7 - eliminar niu de entidades"
2026-10-03 13:13:25 INFO  o.f.core.internal.command.DbMigrate - Migrating schema "public" to version "8 - eliminar rol operator"
2026-10-03 13:13:25 INFO  o.f.core.internal.command.DbMigrate - Migrating schema "public" to version "9 - recursos de carga"
2026-10-03 13:13:25 INFO  o.f.core.internal.command.DbMigrate - Migrating schema "public" to version "10 - manual de carga pdf"
2026-10-03 13:13:25 INFO  o.f.core.internal.command.DbMigrate - Successfully applied 10 migrations to schema "public", now at version v10 (execution time 00:00.097s)
2026-10-03 13:13:25 INFO  o.h.jpa.internal.util.LogHelper - HHH000204: Processing PersistenceUnitInfo [name: default]
2026-10-03 13:13:25 INFO  org.hibernate.Version - HHH000412: Hibernate ORM core version 6.5.2.Final
2026-10-03 13:13:25 INFO  o.h.c.i.RegionFactoryInitiator - HHH000026: Second-level cache disabled
2026-10-03 13:13:25 INFO  com.zaxxer.hikari.HikariDataSource - HikariPool-1 - Starting...
2026-10-03 13:13:25 INFO  com.zaxxer.hikari.pool.HikariPool - HikariPool-1 - Added connection org.postgresql.jdbc.PgConnection@7a8b7e11
2026-10-03 13:13:25 INFO  com.zaxxer.hikari.HikariDataSource - HikariPool-1 - Start completed.
2026-10-03 13:13:25 WARN  org.hibernate.orm.deprecation - HHH90000025: PostgreSQLDialect does not need to be specified explicitly using 'hibernate.dialect' (remove the property setting and it will be selected by default)
2026-10-03 13:13:25 INFO  o.s.o.j.p.SpringPersistenceUnitInfo - No LoadTimeWeaver setup: ignoring JPA class transformer
2026-10-03 13:13:26 INFO  o.h.e.t.j.p.i.JtaPlatformInitiator - HHH000489: No JTA platform available (set 'hibernate.transaction.jta.platform' to enable JTA platform integration)
2026-10-03 13:13:26 INFO  o.s.o.j.LocalContainerEntityManagerFactoryBean - Initialized JPA EntityManagerFactory for persistence unit 'default'
2026-10-03 13:13:26 INFO  o.s.d.j.r.query.QueryEnhancerFactory - Hibernate is in classpath; If applicable, HQL parser will be used.
2026-10-03 13:13:26 INFO  c.d.f.r.DocumentDoubleFundingIndexTest - Started DocumentDoubleFundingIndexTest in 2.096 seconds (process running for 3.996)
2026-10-03 13:13:27 WARN  o.h.e.jdbc.spi.SqlExceptionHelper - SQL Error: 0, SQLState: 23505
2026-10-03 13:13:27 ERROR o.h.e.jdbc.spi.SqlExceptionHelper - ERROR: duplicate key value violates unique constraint "uq_documents_generation_code"
  Detail: Key (upper(generation_code::text))=(AB12CD34-0000-4000-8000-000000000001) already exists.
2026-10-03 13:13:27 WARN  o.h.e.jdbc.spi.SqlExceptionHelper - SQL Error: 0, SQLState: 23505
2026-10-03 13:13:27 ERROR o.h.e.jdbc.spi.SqlExceptionHelper - ERROR: duplicate key value violates unique constraint "uq_documents_received_stamp"
  Detail: Key (upper(received_stamp::text))=(AAAAAAAAAAAAAAAAAAAAAAAAAAAAAAAAAAAAAAAA) already exists.
2026-10-03 13:13:27 WARN  o.h.e.jdbc.spi.SqlExceptionHelper - SQL Error: 0, SQLState: 23505
2026-10-03 13:13:27 ERROR o.h.e.jdbc.spi.SqlExceptionHelper - ERROR: duplicate key value violates unique constraint "uq_documents_control_number"
  Detail: Key (upper(control_number::text))=(DTE-03-ABCD1234-000000000000001) already exists.
2026-10-03 13:13:27 WARN  o.h.e.jdbc.spi.SqlExceptionHelper - SQL Error: 0, SQLState: 23505
2026-10-03 13:13:27 ERROR o.h.e.jdbc.spi.SqlExceptionHelper - ERROR: duplicate key value violates unique constraint "uq_documents_paper_number_year"
  Detail: Key (master_agreement_id, document_number, EXTRACT(year FROM issue_date))=(f9bcd6d3-6e9d-4bd4-95ea-907ceacd91c6, F-100, 2026) already exists.
2026-10-03 13:13:27 INFO  tc.postgres:16.9 - Creating container for image: postgres:16.9
2026-10-03 13:13:27 INFO  tc.postgres:16.9 - Container postgres:16.9 is starting: 00cdd6364bf793e228df7809ca219a25144ca126b8b3d46c9f76e4aa3cb4f428
2026-10-03 13:13:28 INFO  tc.postgres:16.9 - Container postgres:16.9 started in PT0.684798S
2026-10-03 13:13:28 INFO  tc.postgres:16.9 - Container is started (JDBC URL: jdbc:postgresql://localhost:57035/test?loggerLevel=OFF)
2026-10-03 13:13:28 INFO  org.flywaydb.core.FlywayExecutor - Database: jdbc:postgresql://localhost:57035/flyway_ref (PostgreSQL 16.9)
2026-10-03 13:13:28 INFO  o.f.c.i.s.JdbcTableSchemaHistory - Schema history table "public"."flyway_schema_history" does not exist yet
2026-10-03 13:13:28 INFO  o.f.core.internal.command.DbValidate - Successfully validated 10 migrations (execution time 00:00.002s)
2026-10-03 13:13:28 INFO  o.f.c.i.s.JdbcTableSchemaHistory - Creating Schema History table "public"."flyway_schema_history" ...
2026-10-03 13:13:28 INFO  o.f.core.internal.command.DbMigrate - Current version of schema "public": << Empty Schema >>
2026-10-03 13:13:28 INFO  o.f.core.internal.command.DbMigrate - Migrating schema "public" to version "1 - esquema inicial"
2026-10-03 13:13:28 INFO  o.f.core.internal.command.DbMigrate - Migrating schema "public" to version "2 - datos de referencia"
2026-10-03 13:13:28 INFO  o.f.core.internal.command.DbMigrate - Migrating schema "public" to version "3 - montos calculados con todos los decimales"
2026-10-03 13:13:28 INFO  o.f.core.internal.command.DbMigrate - Migrating schema "public" to version "4 - estado inactivado por pagador"
2026-10-03 13:13:28 INFO  o.f.core.internal.command.DbMigrate - Migrating schema "public" to version "5 - lotes de dispersion"
2026-10-03 13:13:28 INFO  o.f.core.internal.command.DbMigrate - Migrating schema "public" to version "6 - alta de usuarios proveedor fuera de la carga"
2026-10-03 13:13:28 INFO  o.f.core.internal.command.DbMigrate - Migrating schema "public" to version "7 - eliminar niu de entidades"
2026-10-03 13:13:28 INFO  o.f.core.internal.command.DbMigrate - Migrating schema "public" to version "8 - eliminar rol operator"
2026-10-03 13:13:28 INFO  o.f.core.internal.command.DbMigrate - Migrating schema "public" to version "9 - recursos de carga"
2026-10-03 13:13:28 INFO  o.f.core.internal.command.DbMigrate - Migrating schema "public" to version "10 - manual de carga pdf"
2026-10-03 13:13:28 INFO  o.f.core.internal.command.DbMigrate - Successfully applied 10 migrations to schema "public", now at version v10 (execution time 00:00.073s)
2026-10-03 13:13:28 INFO  org.flywaydb.core.FlywayExecutor - Database: jdbc:postgresql://localhost:57035/actualizacion (PostgreSQL 16.9)
2026-10-03 13:13:28 INFO  o.f.c.i.s.JdbcTableSchemaHistory - Schema history table "public"."flyway_schema_history" does not exist yet
2026-10-03 13:13:28 INFO  o.f.core.internal.command.DbValidate - Successfully validated 10 migrations (execution time 00:00.002s)
2026-10-03 13:13:28 INFO  o.f.c.i.s.JdbcTableSchemaHistory - Creating Schema History table "public"."flyway_schema_history" ...
2026-10-03 13:13:28 INFO  o.f.core.internal.command.DbMigrate - Current version of schema "public": << Empty Schema >>
2026-10-03 13:13:28 INFO  o.f.core.internal.command.DbMigrate - Migrating schema "public" to version "1 - esquema inicial"
2026-10-03 13:13:28 INFO  o.f.core.internal.command.DbMigrate - Migrating schema "public" to version "2 - datos de referencia"
2026-10-03 13:13:28 INFO  o.f.core.internal.command.DbMigrate - Migrating schema "public" to version "3 - montos calculados con todos los decimales"
2026-10-03 13:13:28 INFO  o.f.core.internal.command.DbMigrate - Migrating schema "public" to version "4 - estado inactivado por pagador"
2026-10-03 13:13:28 INFO  o.f.core.internal.command.DbMigrate - Migrating schema "public" to version "5 - lotes de dispersion"
2026-10-03 13:13:28 INFO  o.f.core.internal.command.DbMigrate - Migrating schema "public" to version "6 - alta de usuarios proveedor fuera de la carga"
2026-10-03 13:13:28 INFO  o.f.core.internal.command.DbMigrate - Migrating schema "public" to version "7 - eliminar niu de entidades"
2026-10-03 13:13:28 INFO  o.f.core.internal.command.DbMigrate - Migrating schema "public" to version "8 - eliminar rol operator"
2026-10-03 13:13:28 INFO  o.f.core.internal.command.DbMigrate - Successfully applied 8 migrations to schema "public", now at version v8 (execution time 00:00.063s)
2026-10-03 13:13:29 INFO  c.d.f.s.impl.DocumentServiceImpl - Cupo null liberado por inactivación de 1 documento(s): consumo $5000.00 -> $4000.00.
2026-10-03 13:13:29 INFO  c.d.f.s.impl.DocumentServiceImpl - Documento f5bfe1a8-e976-469b-a3c1-b6198459c15e inactivado manualmente por el usuario 520b7b57-dcca-4121-bb85-29ebc1f13cab.
2026-10-03 13:13:29 INFO  c.d.f.s.impl.DocumentServiceImpl - Cupo null liberado por inactivación de 1 documento(s): consumo $5000.00 -> $4000.00.
2026-10-03 13:13:29 INFO  c.d.f.s.impl.DocumentServiceImpl - Documento 4265cf63-2334-4609-9c67-ec0f8b03d5e1 inactivado manualmente por el usuario a58f736f-9a0f-4e09-95e4-60b562bedcbb.
2026-10-03 13:13:29 INFO  c.d.f.s.impl.DocumentServiceImpl - Fetching financeable documents for master agreement ID: f8e54bc2-470f-45ff-99f6-50d160ca4057
2026-10-03 13:13:29 INFO  c.d.f.s.impl.DocumentServiceImpl - Cupo null liberado por inactivación de 1 documento(s): consumo $5000.00 -> $4000.00.
2026-10-03 13:13:29 INFO  c.d.f.s.impl.DocumentServiceImpl - 1 documento(s) del convenio f8e54bc2-470f-45ff-99f6-50d160ca4057 pasaron a cuarentena por no ser financiables.
2026-10-03 13:13:30 INFO  c.d.f.s.i.DispersionBatchServiceImpl - Lote de dispersión DSP-20261002-5B471D creado: pagador a55ce07f-bf15-4c30-b199-95d099448c6f, vencimiento 2026-09-20, 1 documento(s), total 100.00.
2026-10-03 13:13:30 INFO  c.d.f.s.i.DispersionBatchServiceImpl - Lote de dispersión DSP-20261002-ABC123 confirmado por el usuario a5da485e-63c1-462a-8878-c09900892064: 2 documento(s) dispersados.
2026-10-03 13:13:30 INFO  c.d.f.s.i.DispersionBatchServiceImpl - Lote de dispersión DSP-20261002-866E3E creado: pagador f5f501ab-c1da-4f69-9b69-87040226dc3a, vencimiento 2026-10-05, 2 documento(s), total 17347.00.
2026-10-03 13:13:30 ERROR c.d.f.service.impl.FundingCalculator - División por cero evitada: la base no puede ser cero.
2026-10-03 13:13:30 INFO  c.d.f.service.impl.FundingCalculator - [CALCULO] Totales | nominal 3500.55 | monto a financiar 3440.491071731711441470 | interés 60.058928268288558530 | comisión con IVA 9.719387277642084823 | a desembolsar 3430.771684454069356647
2026-10-03 13:13:30 INFO  c.d.f.s.i.UploadResourceServiceImpl - Recurso de carga TEMPLATE reemplazado por el usuario null (3344 bytes)
2026-10-03 13:13:30 INFO  c.d.f.s.i.UploadResourceServiceImpl - Recurso de carga MANUAL reemplazado por el usuario null (813 bytes)
2026-10-03 13:13:30 INFO  c.d.f.s.i.UploadResourceServiceImpl - Recurso de carga TEMPLATE reemplazado por el usuario null (3327 bytes)
2026-10-03 13:13:30 INFO  o.s.t.c.s.AnnotationConfigContextLoaderUtils - Could not detect default configuration classes for test class [com.davivienda.factoraje.infrastructure.config.SecurityConfigTest]: SecurityConfigTest does not declare any static, non-private, non-final, nested classes annotated with @Configuration.
2026-10-03 13:13:30 INFO  o.s.b.t.c.SpringBootTestContextBootstrapper - Found @SpringBootConfiguration com.davivienda.factoraje.FactorajeApplication for test class com.davivienda.factoraje.infrastructure.config.SecurityConfigTest
2026-10-03 13:13:30 INFO  o.s.b.d.r.RestartApplicationListener - Restart disabled due to context in which it is running
2026-10-03 13:13:30 WARN  o.s.b.t.j.DuplicateJsonObjectContextCustomizerFactory$DuplicateJsonObjectContextCustomizer - 

Found multiple occurrences of org.json.JSONObject on the class path:

	jar:file:/Users/ch/.m2/repository/org/json/json/20140107/json-20140107.jar!/org/json/JSONObject.class
	jar:file:/Users/ch/.m2/repository/com/vaadin/external/google/android-json/0.0.20131108.vaadin1/android-json-0.0.20131108.vaadin1.jar!/org/json/JSONObject.class

You may wish to exclude one of them to ensure predictable runtime behavior

2026-10-03 13:13:30 INFO  c.d.f.i.config.SecurityConfigTest - Starting SecurityConfigTest using Java 21.0.8 with PID 15417 (started by ch in /Users/ch/Documents/Desarrollo de sistemas/FinCXPXC/CXP_DAV_SERVER_REFACTOR)
2026-10-03 13:13:30 INFO  c.d.f.i.config.SecurityConfigTest - No active profile set, falling back to 1 default profile: "default"
2026-10-03 13:13:31 INFO  o.s.s.c.a.a.c.InitializeUserDetailsBeanManagerConfigurer$InitializeUserDetailsManagerConfigurer - Global AuthenticationManager configured with UserDetailsService bean with name inMemoryUserDetailsManager
2026-10-03 13:13:31 INFO  o.s.s.web.DefaultSecurityFilterChain - Will secure any request with [org.springframework.security.web.session.DisableEncodeUrlFilter@7a1b621e, org.springframework.security.web.context.request.async.WebAsyncManagerIntegrationFilter@676f9cc6, org.springframework.security.web.context.SecurityContextHolderFilter@3e30fb78, org.springframework.security.web.header.HeaderWriterFilter@2ec4208c, org.springframework.web.filter.CorsFilter@747d03f1, org.springframework.security.web.authentication.logout.LogoutFilter@47c74455, com.davivienda.factoraje.infrastructure.security.JwtAuthenticationFilter@14c38e4f, org.springframework.security.web.savedrequest.RequestCacheAwareFilter@5402a726, org.springframework.security.web.servletapi.SecurityContextHolderAwareRequestFilter@43e13a93, org.springframework.security.web.authentication.AnonymousAuthenticationFilter@73d93aac, org.springframework.security.web.session.SessionManagementFilter@1b11b5d1, org.springframework.security.web.access.ExceptionTranslationFilter@6a9784d1, org.springframework.security.web.access.intercept.AuthorizationFilter@55e91013]
2026-10-03 13:13:31 INFO  o.s.b.t.m.w.SpringBootMockServletContext - Initializing Spring TestDispatcherServlet ''
2026-10-03 13:13:31 INFO  o.s.t.w.s.TestDispatcherServlet - Initializing Servlet ''
2026-10-03 13:13:31 INFO  o.s.t.w.s.TestDispatcherServlet - Completed initialization in 1 ms
2026-10-03 13:13:31 INFO  c.d.f.i.config.SecurityConfigTest - Started SecurityConfigTest in 0.513 seconds (process running for 8.251)
2026-10-03 13:13:31 INFO  o.s.o.j.LocalContainerEntityManagerFactoryBean - Closing JPA EntityManagerFactory for persistence unit 'default'
2026-10-03 13:13:31 INFO  com.zaxxer.hikari.HikariDataSource - HikariPool-1 - Shutdown initiated...
2026-10-03 13:13:31 INFO  com.zaxxer.hikari.HikariDataSource - HikariPool-1 - Shutdown completed.
2026-10-03 13:13:44 WARN  o.s.b.t.j.DuplicateJsonObjectContextCustomizerFactory$DuplicateJsonObjectContextCustomizer - 

Found multiple occurrences of org.json.JSONObject on the class path:

	jar:file:/Users/ch/.m2/repository/org/json/json/20140107/json-20140107.jar!/org/json/JSONObject.class
	jar:file:/Users/ch/.m2/repository/com/vaadin/external/google/android-json/0.0.20131108.vaadin1/android-json-0.0.20131108.vaadin1.jar!/org/json/JSONObject.class

You may wish to exclude one of them to ensure predictable runtime behavior

2026-10-03 13:13:44 INFO  c.d.f.r.DocumentDoubleFundingIndexTest - Starting DocumentDoubleFundingIndexTest using Java 21.0.8 with PID 15803 (started by ch in /Users/ch/Documents/Desarrollo de sistemas/FinCXPXC/CXP_DAV_SERVER_REFACTOR)
2026-10-03 13:13:44 INFO  c.d.f.r.DocumentDoubleFundingIndexTest - No active profile set, falling back to 1 default profile: "default"
2026-10-03 13:13:44 INFO  o.s.d.r.c.RepositoryConfigurationDelegate - Bootstrapping Spring Data JPA repositories in DEFAULT mode.
2026-10-03 13:13:44 INFO  o.s.d.r.c.RepositoryConfigurationDelegate - Finished Spring Data repository scanning in 44 ms. Found 27 JPA repository interfaces.
2026-10-03 13:13:44 INFO  org.flywaydb.core.FlywayExecutor - Database: jdbc:postgresql://localhost:57139/test (PostgreSQL 16.9)
2026-10-03 13:13:44 INFO  o.f.c.i.s.JdbcTableSchemaHistory - Schema history table "public"."flyway_schema_history" does not exist yet
2026-10-03 13:13:44 INFO  o.f.core.internal.command.DbValidate - Successfully validated 10 migrations (execution time 00:00.010s)
2026-10-03 13:13:45 INFO  o.f.c.i.s.JdbcTableSchemaHistory - Creating Schema History table "public"."flyway_schema_history" ...
2026-10-03 13:13:45 INFO  o.f.core.internal.command.DbMigrate - Current version of schema "public": << Empty Schema >>
2026-10-03 13:13:45 INFO  o.f.core.internal.command.DbMigrate - Migrating schema "public" to version "1 - esquema inicial"
2026-10-03 13:13:45 INFO  o.f.core.internal.command.DbMigrate - Migrating schema "public" to version "2 - datos de referencia"
2026-10-03 13:13:45 INFO  o.f.core.internal.command.DbMigrate - Migrating schema "public" to version "3 - montos calculados con todos los decimales"
2026-10-03 13:13:45 INFO  o.f.core.internal.command.DbMigrate - Migrating schema "public" to version "4 - estado inactivado por pagador"
2026-10-03 13:13:45 INFO  o.f.core.internal.command.DbMigrate - Migrating schema "public" to version "5 - lotes de dispersion"
2026-10-03 13:13:45 INFO  o.f.core.internal.command.DbMigrate - Migrating schema "public" to version "6 - alta de usuarios proveedor fuera de la carga"
2026-10-03 13:13:45 INFO  o.f.core.internal.command.DbMigrate - Migrating schema "public" to version "7 - eliminar niu de entidades"
2026-10-03 13:13:45 INFO  o.f.core.internal.command.DbMigrate - Migrating schema "public" to version "8 - eliminar rol operator"
2026-10-03 13:13:45 INFO  o.f.core.internal.command.DbMigrate - Migrating schema "public" to version "9 - recursos de carga"
2026-10-03 13:13:45 INFO  o.f.core.internal.command.DbMigrate - Migrating schema "public" to version "10 - manual de carga pdf"
2026-10-03 13:13:45 INFO  o.f.core.internal.command.DbMigrate - Successfully applied 10 migrations to schema "public", now at version v10 (execution time 00:00.096s)
2026-10-03 13:13:45 INFO  o.h.jpa.internal.util.LogHelper - HHH000204: Processing PersistenceUnitInfo [name: default]
2026-10-03 13:13:45 INFO  org.hibernate.Version - HHH000412: Hibernate ORM core version 6.5.2.Final
2026-10-03 13:13:45 INFO  o.h.c.i.RegionFactoryInitiator - HHH000026: Second-level cache disabled
2026-10-03 13:13:45 INFO  com.zaxxer.hikari.HikariDataSource - HikariPool-1 - Starting...
2026-10-03 13:13:45 INFO  com.zaxxer.hikari.pool.HikariPool - HikariPool-1 - Added connection org.postgresql.jdbc.PgConnection@7a8b7e11
2026-10-03 13:13:45 INFO  com.zaxxer.hikari.HikariDataSource - HikariPool-1 - Start completed.
2026-10-03 13:13:45 WARN  org.hibernate.orm.deprecation - HHH90000025: PostgreSQLDialect does not need to be specified explicitly using 'hibernate.dialect' (remove the property setting and it will be selected by default)
2026-10-03 13:13:45 INFO  o.s.o.j.p.SpringPersistenceUnitInfo - No LoadTimeWeaver setup: ignoring JPA class transformer
2026-10-03 13:13:45 INFO  o.h.e.t.j.p.i.JtaPlatformInitiator - HHH000489: No JTA platform available (set 'hibernate.transaction.jta.platform' to enable JTA platform integration)
2026-10-03 13:13:45 INFO  o.s.o.j.LocalContainerEntityManagerFactoryBean - Initialized JPA EntityManagerFactory for persistence unit 'default'
2026-10-03 13:13:45 INFO  o.s.d.j.r.query.QueryEnhancerFactory - Hibernate is in classpath; If applicable, HQL parser will be used.
2026-10-03 13:13:46 INFO  c.d.f.r.DocumentDoubleFundingIndexTest - Started DocumentDoubleFundingIndexTest in 2.075 seconds (process running for 3.75)
2026-10-03 13:13:46 WARN  o.h.e.jdbc.spi.SqlExceptionHelper - SQL Error: 0, SQLState: 23505
2026-10-03 13:13:46 ERROR o.h.e.jdbc.spi.SqlExceptionHelper - ERROR: duplicate key value violates unique constraint "uq_documents_generation_code"
  Detail: Key (upper(generation_code::text))=(AB12CD34-0000-4000-8000-000000000001) already exists.
2026-10-03 13:13:46 WARN  o.h.e.jdbc.spi.SqlExceptionHelper - SQL Error: 0, SQLState: 23505
2026-10-03 13:13:46 ERROR o.h.e.jdbc.spi.SqlExceptionHelper - ERROR: duplicate key value violates unique constraint "uq_documents_received_stamp"
  Detail: Key (upper(received_stamp::text))=(AAAAAAAAAAAAAAAAAAAAAAAAAAAAAAAAAAAAAAAA) already exists.
2026-10-03 13:13:46 WARN  o.h.e.jdbc.spi.SqlExceptionHelper - SQL Error: 0, SQLState: 23505
2026-10-03 13:13:46 ERROR o.h.e.jdbc.spi.SqlExceptionHelper - ERROR: duplicate key value violates unique constraint "uq_documents_control_number"
  Detail: Key (upper(control_number::text))=(DTE-03-ABCD1234-000000000000001) already exists.
2026-10-03 13:13:46 WARN  o.h.e.jdbc.spi.SqlExceptionHelper - SQL Error: 0, SQLState: 23505
2026-10-03 13:13:46 ERROR o.h.e.jdbc.spi.SqlExceptionHelper - ERROR: duplicate key value violates unique constraint "uq_documents_paper_number_year"
  Detail: Key (master_agreement_id, document_number, EXTRACT(year FROM issue_date))=(9626d303-0a3a-4445-b818-a71a1aed405b, F-100, 2026) already exists.
2026-10-03 13:13:47 INFO  tc.postgres:16.9 - Creating container for image: postgres:16.9
2026-10-03 13:13:47 INFO  tc.postgres:16.9 - Container postgres:16.9 is starting: e93bc8ef05a66c4cf45d08a0d7b54c4e2c8cc04ed3e9fd0923ef0a63a1db0c0e
2026-10-03 13:13:47 INFO  tc.postgres:16.9 - Container postgres:16.9 started in PT0.651926S
2026-10-03 13:13:47 INFO  tc.postgres:16.9 - Container is started (JDBC URL: jdbc:postgresql://localhost:57153/test?loggerLevel=OFF)
2026-10-03 13:13:47 INFO  org.flywaydb.core.FlywayExecutor - Database: jdbc:postgresql://localhost:57153/flyway_ref (PostgreSQL 16.9)
2026-10-03 13:13:47 INFO  o.f.c.i.s.JdbcTableSchemaHistory - Schema history table "public"."flyway_schema_history" does not exist yet
2026-10-03 13:13:47 INFO  o.f.core.internal.command.DbValidate - Successfully validated 10 migrations (execution time 00:00.004s)
2026-10-03 13:13:47 INFO  o.f.c.i.s.JdbcTableSchemaHistory - Creating Schema History table "public"."flyway_schema_history" ...
2026-10-03 13:13:47 INFO  o.f.core.internal.command.DbMigrate - Current version of schema "public": << Empty Schema >>
2026-10-03 13:13:47 INFO  o.f.core.internal.command.DbMigrate - Migrating schema "public" to version "1 - esquema inicial"
2026-10-03 13:13:47 INFO  o.f.core.internal.command.DbMigrate - Migrating schema "public" to version "2 - datos de referencia"
2026-10-03 13:13:47 INFO  o.f.core.internal.command.DbMigrate - Migrating schema "public" to version "3 - montos calculados con todos los decimales"
2026-10-03 13:13:47 INFO  o.f.core.internal.command.DbMigrate - Migrating schema "public" to version "4 - estado inactivado por pagador"
2026-10-03 13:13:47 INFO  o.f.core.internal.command.DbMigrate - Migrating schema "public" to version "5 - lotes de dispersion"
2026-10-03 13:13:47 INFO  o.f.core.internal.command.DbMigrate - Migrating schema "public" to version "6 - alta de usuarios proveedor fuera de la carga"
2026-10-03 13:13:47 INFO  o.f.core.internal.command.DbMigrate - Migrating schema "public" to version "7 - eliminar niu de entidades"
2026-10-03 13:13:47 INFO  o.f.core.internal.command.DbMigrate - Migrating schema "public" to version "8 - eliminar rol operator"
2026-10-03 13:13:47 INFO  o.f.core.internal.command.DbMigrate - Migrating schema "public" to version "9 - recursos de carga"
2026-10-03 13:13:47 INFO  o.f.core.internal.command.DbMigrate - Migrating schema "public" to version "10 - manual de carga pdf"
2026-10-03 13:13:47 INFO  o.f.core.internal.command.DbMigrate - Successfully applied 10 migrations to schema "public", now at version v10 (execution time 00:00.070s)
2026-10-03 13:13:48 INFO  org.flywaydb.core.FlywayExecutor - Database: jdbc:postgresql://localhost:57153/actualizacion (PostgreSQL 16.9)
2026-10-03 13:13:48 INFO  o.f.c.i.s.JdbcTableSchemaHistory - Schema history table "public"."flyway_schema_history" does not exist yet
2026-10-03 13:13:48 INFO  o.f.core.internal.command.DbValidate - Successfully validated 10 migrations (execution time 00:00.002s)
2026-10-03 13:13:48 INFO  o.f.c.i.s.JdbcTableSchemaHistory - Creating Schema History table "public"."flyway_schema_history" ...
2026-10-03 13:13:48 INFO  o.f.core.internal.command.DbMigrate - Current version of schema "public": << Empty Schema >>
2026-10-03 13:13:48 INFO  o.f.core.internal.command.DbMigrate - Migrating schema "public" to version "1 - esquema inicial"
2026-10-03 13:13:48 INFO  o.f.core.internal.command.DbMigrate - Migrating schema "public" to version "2 - datos de referencia"
2026-10-03 13:13:48 INFO  o.f.core.internal.command.DbMigrate - Migrating schema "public" to version "3 - montos calculados con todos los decimales"
2026-10-03 13:13:48 INFO  o.f.core.internal.command.DbMigrate - Migrating schema "public" to version "4 - estado inactivado por pagador"
2026-10-03 13:13:48 INFO  o.f.core.internal.command.DbMigrate - Migrating schema "public" to version "5 - lotes de dispersion"
2026-10-03 13:13:48 INFO  o.f.core.internal.command.DbMigrate - Migrating schema "public" to version "6 - alta de usuarios proveedor fuera de la carga"
2026-10-03 13:13:48 INFO  o.f.core.internal.command.DbMigrate - Migrating schema "public" to version "7 - eliminar niu de entidades"
2026-10-03 13:13:48 INFO  o.f.core.internal.command.DbMigrate - Migrating schema "public" to version "8 - eliminar rol operator"
2026-10-03 13:13:48 INFO  o.f.core.internal.command.DbMigrate - Successfully applied 8 migrations to schema "public", now at version v8 (execution time 00:00.062s)
2026-10-03 13:13:49 INFO  c.d.f.s.impl.DocumentServiceImpl - Cupo null liberado por inactivación de 1 documento(s): consumo $5000.00 -> $4000.00.
2026-10-03 13:13:49 INFO  c.d.f.s.impl.DocumentServiceImpl - Documento b5b59abf-8de3-42a8-9e09-201b09c0248d inactivado manualmente por el usuario 99cf07ee-451a-4f51-bce6-8df13a09b4fa.
2026-10-03 13:13:49 INFO  c.d.f.s.impl.DocumentServiceImpl - Cupo null liberado por inactivación de 1 documento(s): consumo $5000.00 -> $4000.00.
2026-10-03 13:13:49 INFO  c.d.f.s.impl.DocumentServiceImpl - Documento ff71463c-e741-4f48-bfb5-eb564cee7712 inactivado manualmente por el usuario e27777d1-5df6-4be9-b16f-75fcb492f92e.
2026-10-03 13:13:49 INFO  c.d.f.s.impl.DocumentServiceImpl - Fetching financeable documents for master agreement ID: cfff3766-e16a-4856-a945-03ef9fec820c
2026-10-03 13:13:49 INFO  c.d.f.s.impl.DocumentServiceImpl - Cupo null liberado por inactivación de 1 documento(s): consumo $5000.00 -> $4000.00.
2026-10-03 13:13:49 INFO  c.d.f.s.impl.DocumentServiceImpl - 1 documento(s) del convenio cfff3766-e16a-4856-a945-03ef9fec820c pasaron a cuarentena por no ser financiables.
2026-10-03 13:13:49 INFO  c.d.f.s.i.DispersionBatchServiceImpl - Lote de dispersión DSP-20261002-335725 creado: pagador 447bf347-237f-4848-ba23-24be57b60867, vencimiento 2026-09-20, 1 documento(s), total 100.00.
2026-10-03 13:13:49 INFO  c.d.f.s.i.DispersionBatchServiceImpl - Lote de dispersión DSP-20261002-ABC123 confirmado por el usuario dc5a3b0a-87bc-4857-bd26-07e82fca6c6a: 2 documento(s) dispersados.
2026-10-03 13:13:49 INFO  c.d.f.s.i.DispersionBatchServiceImpl - Lote de dispersión DSP-20261002-E7206C creado: pagador af8763f0-1cca-4cf9-9e1f-78fa60c9bb80, vencimiento 2026-10-05, 2 documento(s), total 17347.00.
2026-10-03 13:13:49 ERROR c.d.f.service.impl.FundingCalculator - División por cero evitada: la base no puede ser cero.
2026-10-03 13:13:49 INFO  c.d.f.service.impl.FundingCalculator - [CALCULO] Totales | nominal 3500.55 | monto a financiar 3440.491071731711441470 | interés 60.058928268288558530 | comisión con IVA 9.719387277642084823 | a desembolsar 3430.771684454069356647
2026-10-03 13:13:50 INFO  c.d.f.s.i.UploadResourceServiceImpl - Recurso de carga TEMPLATE reemplazado por el usuario null (3345 bytes)
2026-10-03 13:13:50 INFO  c.d.f.s.i.UploadResourceServiceImpl - Recurso de carga MANUAL reemplazado por el usuario null (813 bytes)
2026-10-03 13:13:50 INFO  c.d.f.s.i.UploadResourceServiceImpl - Recurso de carga TEMPLATE reemplazado por el usuario null (3328 bytes)
2026-10-03 13:13:50 INFO  o.s.t.c.s.AnnotationConfigContextLoaderUtils - Could not detect default configuration classes for test class [com.davivienda.factoraje.infrastructure.config.SecurityConfigTest]: SecurityConfigTest does not declare any static, non-private, non-final, nested classes annotated with @Configuration.
2026-10-03 13:13:50 INFO  o.s.b.t.c.SpringBootTestContextBootstrapper - Found @SpringBootConfiguration com.davivienda.factoraje.FactorajeApplication for test class com.davivienda.factoraje.infrastructure.config.SecurityConfigTest
2026-10-03 13:13:50 INFO  o.s.b.d.r.RestartApplicationListener - Restart disabled due to context in which it is running
2026-10-03 13:13:50 WARN  o.s.b.t.j.DuplicateJsonObjectContextCustomizerFactory$DuplicateJsonObjectContextCustomizer - 

Found multiple occurrences of org.json.JSONObject on the class path:

	jar:file:/Users/ch/.m2/repository/org/json/json/20140107/json-20140107.jar!/org/json/JSONObject.class
	jar:file:/Users/ch/.m2/repository/com/vaadin/external/google/android-json/0.0.20131108.vaadin1/android-json-0.0.20131108.vaadin1.jar!/org/json/JSONObject.class

You may wish to exclude one of them to ensure predictable runtime behavior

2026-10-03 13:13:50 INFO  c.d.f.i.config.SecurityConfigTest - Starting SecurityConfigTest using Java 21.0.8 with PID 15803 (started by ch in /Users/ch/Documents/Desarrollo de sistemas/FinCXPXC/CXP_DAV_SERVER_REFACTOR)
2026-10-03 13:13:50 INFO  c.d.f.i.config.SecurityConfigTest - No active profile set, falling back to 1 default profile: "default"
2026-10-03 13:13:50 INFO  o.s.s.c.a.a.c.InitializeUserDetailsBeanManagerConfigurer$InitializeUserDetailsManagerConfigurer - Global AuthenticationManager configured with UserDetailsService bean with name inMemoryUserDetailsManager
2026-10-03 13:13:50 INFO  o.s.s.web.DefaultSecurityFilterChain - Will secure any request with [org.springframework.security.web.session.DisableEncodeUrlFilter@63efe85f, org.springframework.security.web.context.request.async.WebAsyncManagerIntegrationFilter@5a3d3461, org.springframework.security.web.context.SecurityContextHolderFilter@5f7b5e0c, org.springframework.security.web.header.HeaderWriterFilter@8927f38, org.springframework.web.filter.CorsFilter@39b52a8a, org.springframework.security.web.authentication.logout.LogoutFilter@666c6b6f, com.davivienda.factoraje.infrastructure.security.JwtAuthenticationFilter@2f9b6bba, org.springframework.security.web.savedrequest.RequestCacheAwareFilter@a390b5d, org.springframework.security.web.servletapi.SecurityContextHolderAwareRequestFilter@7ace6aec, org.springframework.security.web.authentication.AnonymousAuthenticationFilter@78cf810d, org.springframework.security.web.session.SessionManagementFilter@3ba9fbbf, org.springframework.security.web.access.ExceptionTranslationFilter@24f97c59, org.springframework.security.web.access.intercept.AuthorizationFilter@3e30fb78]
2026-10-03 13:13:50 INFO  o.s.b.t.m.w.SpringBootMockServletContext - Initializing Spring TestDispatcherServlet ''
2026-10-03 13:13:50 INFO  o.s.t.w.s.TestDispatcherServlet - Initializing Servlet ''
2026-10-03 13:13:50 INFO  o.s.t.w.s.TestDispatcherServlet - Completed initialization in 0 ms
2026-10-03 13:13:50 INFO  c.d.f.i.config.SecurityConfigTest - Started SecurityConfigTest in 0.464 seconds (process running for 7.828)
2026-10-03 13:13:50 INFO  o.s.o.j.LocalContainerEntityManagerFactoryBean - Closing JPA EntityManagerFactory for persistence unit 'default'
2026-10-03 13:13:50 INFO  com.zaxxer.hikari.HikariDataSource - HikariPool-1 - Shutdown initiated...
2026-10-03 13:13:50 INFO  com.zaxxer.hikari.HikariDataSource - HikariPool-1 - Shutdown completed.
2026-10-03 13:26:45 WARN  o.s.b.t.j.DuplicateJsonObjectContextCustomizerFactory$DuplicateJsonObjectContextCustomizer - 

Found multiple occurrences of org.json.JSONObject on the class path:

	jar:file:/Users/ch/.m2/repository/org/json/json/20140107/json-20140107.jar!/org/json/JSONObject.class
	jar:file:/Users/ch/.m2/repository/com/vaadin/external/google/android-json/0.0.20131108.vaadin1/android-json-0.0.20131108.vaadin1.jar!/org/json/JSONObject.class

You may wish to exclude one of them to ensure predictable runtime behavior

2026-10-03 13:26:45 INFO  c.d.f.r.DocumentDoubleFundingIndexTest - Starting DocumentDoubleFundingIndexTest using Java 21.0.8 with PID 27574 (started by ch in /Users/ch/Documents/Desarrollo de sistemas/FinCXPXC/CXP_DAV_SERVER_REFACTOR)
2026-10-03 13:26:45 INFO  c.d.f.r.DocumentDoubleFundingIndexTest - No active profile set, falling back to 1 default profile: "default"
2026-10-03 13:26:45 INFO  o.s.d.r.c.RepositoryConfigurationDelegate - Bootstrapping Spring Data JPA repositories in DEFAULT mode.
2026-10-03 13:26:45 INFO  o.s.d.r.c.RepositoryConfigurationDelegate - Finished Spring Data repository scanning in 45 ms. Found 27 JPA repository interfaces.
2026-10-03 13:26:46 INFO  org.flywaydb.core.FlywayExecutor - Database: jdbc:postgresql://localhost:57609/test (PostgreSQL 16.9)
2026-10-03 13:26:46 INFO  o.f.c.i.s.JdbcTableSchemaHistory - Schema history table "public"."flyway_schema_history" does not exist yet
2026-10-03 13:26:46 INFO  o.f.core.internal.command.DbValidate - Successfully validated 10 migrations (execution time 00:00.008s)
2026-10-03 13:26:46 INFO  o.f.c.i.s.JdbcTableSchemaHistory - Creating Schema History table "public"."flyway_schema_history" ...
2026-10-03 13:26:46 INFO  o.f.core.internal.command.DbMigrate - Current version of schema "public": << Empty Schema >>
2026-10-03 13:26:46 INFO  o.f.core.internal.command.DbMigrate - Migrating schema "public" to version "1 - esquema inicial"
2026-10-03 13:26:46 INFO  o.f.core.internal.command.DbMigrate - Migrating schema "public" to version "2 - datos de referencia"
2026-10-03 13:26:46 INFO  o.f.core.internal.command.DbMigrate - Migrating schema "public" to version "3 - montos calculados con todos los decimales"
2026-10-03 13:26:46 INFO  o.f.core.internal.command.DbMigrate - Migrating schema "public" to version "4 - estado inactivado por pagador"
2026-10-03 13:26:46 INFO  o.f.core.internal.command.DbMigrate - Migrating schema "public" to version "5 - lotes de dispersion"
2026-10-03 13:26:46 INFO  o.f.core.internal.command.DbMigrate - Migrating schema "public" to version "6 - alta de usuarios proveedor fuera de la carga"
2026-10-03 13:26:46 INFO  o.f.core.internal.command.DbMigrate - Migrating schema "public" to version "7 - eliminar niu de entidades"
2026-10-03 13:26:46 INFO  o.f.core.internal.command.DbMigrate - Migrating schema "public" to version "8 - eliminar rol operator"
2026-10-03 13:26:46 INFO  o.f.core.internal.command.DbMigrate - Migrating schema "public" to version "9 - recursos de carga"
2026-10-03 13:26:46 INFO  o.f.core.internal.command.DbMigrate - Migrating schema "public" to version "10 - manual de carga pdf"
2026-10-03 13:26:46 INFO  o.f.core.internal.command.DbMigrate - Successfully applied 10 migrations to schema "public", now at version v10 (execution time 00:00.085s)
2026-10-03 13:26:46 INFO  o.h.jpa.internal.util.LogHelper - HHH000204: Processing PersistenceUnitInfo [name: default]
2026-10-03 13:26:46 INFO  org.hibernate.Version - HHH000412: Hibernate ORM core version 6.5.2.Final
2026-10-03 13:26:46 INFO  o.h.c.i.RegionFactoryInitiator - HHH000026: Second-level cache disabled
2026-10-03 13:26:46 INFO  com.zaxxer.hikari.HikariDataSource - HikariPool-1 - Starting...
2026-10-03 13:26:46 INFO  com.zaxxer.hikari.pool.HikariPool - HikariPool-1 - Added connection org.postgresql.jdbc.PgConnection@745cf754
2026-10-03 13:26:46 INFO  com.zaxxer.hikari.HikariDataSource - HikariPool-1 - Start completed.
2026-10-03 13:26:46 WARN  org.hibernate.orm.deprecation - HHH90000025: PostgreSQLDialect does not need to be specified explicitly using 'hibernate.dialect' (remove the property setting and it will be selected by default)
2026-10-03 13:26:46 INFO  o.s.o.j.p.SpringPersistenceUnitInfo - No LoadTimeWeaver setup: ignoring JPA class transformer
2026-10-03 13:26:46 INFO  o.h.e.t.j.p.i.JtaPlatformInitiator - HHH000489: No JTA platform available (set 'hibernate.transaction.jta.platform' to enable JTA platform integration)
2026-10-03 13:26:46 INFO  o.s.o.j.LocalContainerEntityManagerFactoryBean - Initialized JPA EntityManagerFactory for persistence unit 'default'
2026-10-03 13:26:47 INFO  o.s.d.j.r.query.QueryEnhancerFactory - Hibernate is in classpath; If applicable, HQL parser will be used.
2026-10-03 13:26:47 INFO  c.d.f.r.DocumentDoubleFundingIndexTest - Started DocumentDoubleFundingIndexTest in 2.14 seconds (process running for 4.07)
2026-10-03 13:26:47 WARN  o.h.e.jdbc.spi.SqlExceptionHelper - SQL Error: 0, SQLState: 23505
2026-10-03 13:26:47 ERROR o.h.e.jdbc.spi.SqlExceptionHelper - ERROR: duplicate key value violates unique constraint "uq_documents_generation_code"
  Detail: Key (upper(generation_code::text))=(AB12CD34-0000-4000-8000-000000000001) already exists.
2026-10-03 13:26:47 WARN  o.h.e.jdbc.spi.SqlExceptionHelper - SQL Error: 0, SQLState: 23505
2026-10-03 13:26:47 ERROR o.h.e.jdbc.spi.SqlExceptionHelper - ERROR: duplicate key value violates unique constraint "uq_documents_received_stamp"
  Detail: Key (upper(received_stamp::text))=(AAAAAAAAAAAAAAAAAAAAAAAAAAAAAAAAAAAAAAAA) already exists.
2026-10-03 13:26:47 WARN  o.h.e.jdbc.spi.SqlExceptionHelper - SQL Error: 0, SQLState: 23505
2026-10-03 13:26:47 ERROR o.h.e.jdbc.spi.SqlExceptionHelper - ERROR: duplicate key value violates unique constraint "uq_documents_control_number"
  Detail: Key (upper(control_number::text))=(DTE-03-ABCD1234-000000000000001) already exists.
2026-10-03 13:26:47 WARN  o.h.e.jdbc.spi.SqlExceptionHelper - SQL Error: 0, SQLState: 23505
2026-10-03 13:26:47 ERROR o.h.e.jdbc.spi.SqlExceptionHelper - ERROR: duplicate key value violates unique constraint "uq_documents_paper_number_year"
  Detail: Key (master_agreement_id, document_number, EXTRACT(year FROM issue_date))=(5619e265-f32b-4a47-a0ed-510542a4feab, F-100, 2026) already exists.
2026-10-03 13:26:48 INFO  tc.postgres:16.9 - Creating container for image: postgres:16.9
2026-10-03 13:26:48 INFO  tc.postgres:16.9 - Container postgres:16.9 is starting: 298f36aced60e37c1459ee73859dd639d1c06c7854bf75d8a9a507a495a72ff3
2026-10-03 13:26:48 INFO  tc.postgres:16.9 - Container postgres:16.9 started in PT0.641613S
2026-10-03 13:26:48 INFO  tc.postgres:16.9 - Container is started (JDBC URL: jdbc:postgresql://localhost:57626/test?loggerLevel=OFF)
2026-10-03 13:26:48 INFO  org.flywaydb.core.FlywayExecutor - Database: jdbc:postgresql://localhost:57626/flyway_ref (PostgreSQL 16.9)
2026-10-03 13:26:48 INFO  o.f.c.i.s.JdbcTableSchemaHistory - Schema history table "public"."flyway_schema_history" does not exist yet
2026-10-03 13:26:48 INFO  o.f.core.internal.command.DbValidate - Successfully validated 10 migrations (execution time 00:00.006s)
2026-10-03 13:26:48 INFO  o.f.c.i.s.JdbcTableSchemaHistory - Creating Schema History table "public"."flyway_schema_history" ...
2026-10-03 13:26:48 INFO  o.f.core.internal.command.DbMigrate - Current version of schema "public": << Empty Schema >>
2026-10-03 13:26:48 INFO  o.f.core.internal.command.DbMigrate - Migrating schema "public" to version "1 - esquema inicial"
2026-10-03 13:26:48 INFO  o.f.core.internal.command.DbMigrate - Migrating schema "public" to version "2 - datos de referencia"
2026-10-03 13:26:48 INFO  o.f.core.internal.command.DbMigrate - Migrating schema "public" to version "3 - montos calculados con todos los decimales"
2026-10-03 13:26:48 INFO  o.f.core.internal.command.DbMigrate - Migrating schema "public" to version "4 - estado inactivado por pagador"
2026-10-03 13:26:48 INFO  o.f.core.internal.command.DbMigrate - Migrating schema "public" to version "5 - lotes de dispersion"
2026-10-03 13:26:48 INFO  o.f.core.internal.command.DbMigrate - Migrating schema "public" to version "6 - alta de usuarios proveedor fuera de la carga"
2026-10-03 13:26:48 INFO  o.f.core.internal.command.DbMigrate - Migrating schema "public" to version "7 - eliminar niu de entidades"
2026-10-03 13:26:48 INFO  o.f.core.internal.command.DbMigrate - Migrating schema "public" to version "8 - eliminar rol operator"
2026-10-03 13:26:48 INFO  o.f.core.internal.command.DbMigrate - Migrating schema "public" to version "9 - recursos de carga"
2026-10-03 13:26:48 INFO  o.f.core.internal.command.DbMigrate - Migrating schema "public" to version "10 - manual de carga pdf"
2026-10-03 13:26:48 INFO  o.f.core.internal.command.DbMigrate - Successfully applied 10 migrations to schema "public", now at version v10 (execution time 00:00.068s)
2026-10-03 13:26:49 INFO  org.flywaydb.core.FlywayExecutor - Database: jdbc:postgresql://localhost:57626/actualizacion (PostgreSQL 16.9)
2026-10-03 13:26:49 INFO  o.f.c.i.s.JdbcTableSchemaHistory - Schema history table "public"."flyway_schema_history" does not exist yet
2026-10-03 13:26:49 INFO  o.f.core.internal.command.DbValidate - Successfully validated 10 migrations (execution time 00:00.002s)
2026-10-03 13:26:49 INFO  o.f.c.i.s.JdbcTableSchemaHistory - Creating Schema History table "public"."flyway_schema_history" ...
2026-10-03 13:26:49 INFO  o.f.core.internal.command.DbMigrate - Current version of schema "public": << Empty Schema >>
2026-10-03 13:26:49 INFO  o.f.core.internal.command.DbMigrate - Migrating schema "public" to version "1 - esquema inicial"
2026-10-03 13:26:49 INFO  o.f.core.internal.command.DbMigrate - Migrating schema "public" to version "2 - datos de referencia"
2026-10-03 13:26:49 INFO  o.f.core.internal.command.DbMigrate - Migrating schema "public" to version "3 - montos calculados con todos los decimales"
2026-10-03 13:26:49 INFO  o.f.core.internal.command.DbMigrate - Migrating schema "public" to version "4 - estado inactivado por pagador"
2026-10-03 13:26:49 INFO  o.f.core.internal.command.DbMigrate - Migrating schema "public" to version "5 - lotes de dispersion"
2026-10-03 13:26:49 INFO  o.f.core.internal.command.DbMigrate - Migrating schema "public" to version "6 - alta de usuarios proveedor fuera de la carga"
2026-10-03 13:26:49 INFO  o.f.core.internal.command.DbMigrate - Migrating schema "public" to version "7 - eliminar niu de entidades"
2026-10-03 13:26:49 INFO  o.f.core.internal.command.DbMigrate - Migrating schema "public" to version "8 - eliminar rol operator"
2026-10-03 13:26:49 INFO  o.f.core.internal.command.DbMigrate - Successfully applied 8 migrations to schema "public", now at version v8 (execution time 00:00.056s)
2026-10-03 13:26:50 INFO  c.d.f.s.impl.DocumentServiceImpl - Cupo null liberado por inactivación de 1 documento(s): consumo $5000.00 -> $4000.00.
2026-10-03 13:26:50 INFO  c.d.f.s.impl.DocumentServiceImpl - Documento f34039cb-bd45-4966-ae10-1a5624b533a0 inactivado manualmente por el usuario f91db732-6cc3-4880-9c9f-51c1f38ac4bf.
2026-10-03 13:26:50 INFO  c.d.f.s.impl.DocumentServiceImpl - Cupo null liberado por inactivación de 1 documento(s): consumo $5000.00 -> $4000.00.
2026-10-03 13:26:50 INFO  c.d.f.s.impl.DocumentServiceImpl - Documento 23bac3ce-9d10-4cd9-8903-f390f516838a inactivado manualmente por el usuario 55b9ad50-b754-49ff-956f-d9a8da07fb61.
2026-10-03 13:26:50 INFO  c.d.f.s.impl.DocumentServiceImpl - Fetching financeable documents for master agreement ID: 1606da9a-d87f-4127-8128-26877f6ec13f
2026-10-03 13:26:50 INFO  c.d.f.s.impl.DocumentServiceImpl - Cupo null liberado por inactivación de 1 documento(s): consumo $5000.00 -> $4000.00.
2026-10-03 13:26:50 INFO  c.d.f.s.impl.DocumentServiceImpl - 1 documento(s) del convenio 1606da9a-d87f-4127-8128-26877f6ec13f pasaron a cuarentena por no ser financiables.
2026-10-03 13:26:50 INFO  c.d.f.s.i.DispersionBatchServiceImpl - Lote de dispersión DSP-20261002-88AC7C creado: pagador 8ce9c1c2-d533-47a7-9b26-7d89f890a7cb, vencimiento 2026-09-20, 1 documento(s), total 100.00.
2026-10-03 13:26:50 INFO  c.d.f.s.i.DispersionBatchServiceImpl - Lote de dispersión DSP-20261002-ABC123 confirmado por el usuario f6167d1b-3849-4b69-a62a-cda27ffa8990: 2 documento(s) dispersados.
2026-10-03 13:26:50 INFO  c.d.f.s.i.DispersionBatchServiceImpl - Lote de dispersión DSP-20261002-475788 creado: pagador 1ab1dde5-1f72-43c6-8c94-724cbf2adf7e, vencimiento 2026-10-05, 2 documento(s), total 17347.00.
2026-10-03 13:26:50 ERROR c.d.f.service.impl.FundingCalculator - División por cero evitada: la base no puede ser cero.
2026-10-03 13:26:50 INFO  c.d.f.service.impl.FundingCalculator - [CALCULO] Totales | nominal 3500.55 | monto a financiar 3440.491071731711441470 | interés 60.058928268288558530 | comisión con IVA 9.719387277642084823 | a desembolsar 3430.771684454069356647
2026-10-03 13:26:51 INFO  c.d.f.s.i.UploadResourceServiceImpl - Recurso de carga TEMPLATE reemplazado por el usuario null (3345 bytes)
2026-10-03 13:26:51 INFO  c.d.f.s.i.UploadResourceServiceImpl - Recurso de carga MANUAL reemplazado por el usuario null (813 bytes)
2026-10-03 13:26:51 INFO  c.d.f.s.i.UploadResourceServiceImpl - Recurso de carga TEMPLATE reemplazado por el usuario null (3328 bytes)
2026-10-03 13:26:51 INFO  o.s.t.c.s.AnnotationConfigContextLoaderUtils - Could not detect default configuration classes for test class [com.davivienda.factoraje.infrastructure.config.SecurityConfigTest]: SecurityConfigTest does not declare any static, non-private, non-final, nested classes annotated with @Configuration.
2026-10-03 13:26:51 INFO  o.s.b.t.c.SpringBootTestContextBootstrapper - Found @SpringBootConfiguration com.davivienda.factoraje.FactorajeApplication for test class com.davivienda.factoraje.infrastructure.config.SecurityConfigTest
2026-10-03 13:26:51 INFO  o.s.b.d.r.RestartApplicationListener - Restart disabled due to context in which it is running
2026-10-03 13:26:51 WARN  o.s.b.t.j.DuplicateJsonObjectContextCustomizerFactory$DuplicateJsonObjectContextCustomizer - 

Found multiple occurrences of org.json.JSONObject on the class path:

	jar:file:/Users/ch/.m2/repository/org/json/json/20140107/json-20140107.jar!/org/json/JSONObject.class
	jar:file:/Users/ch/.m2/repository/com/vaadin/external/google/android-json/0.0.20131108.vaadin1/android-json-0.0.20131108.vaadin1.jar!/org/json/JSONObject.class

You may wish to exclude one of them to ensure predictable runtime behavior

2026-10-03 13:26:51 INFO  c.d.f.i.config.SecurityConfigTest - Starting SecurityConfigTest using Java 21.0.8 with PID 27574 (started by ch in /Users/ch/Documents/Desarrollo de sistemas/FinCXPXC/CXP_DAV_SERVER_REFACTOR)
2026-10-03 13:26:51 INFO  c.d.f.i.config.SecurityConfigTest - No active profile set, falling back to 1 default profile: "default"
2026-10-03 13:26:51 INFO  o.s.s.c.a.a.c.InitializeUserDetailsBeanManagerConfigurer$InitializeUserDetailsManagerConfigurer - Global AuthenticationManager configured with UserDetailsService bean with name inMemoryUserDetailsManager
2026-10-03 13:26:51 INFO  o.s.s.web.DefaultSecurityFilterChain - Will secure any request with [org.springframework.security.web.session.DisableEncodeUrlFilter@184ed41, org.springframework.security.web.context.request.async.WebAsyncManagerIntegrationFilter@426f9f7e, org.springframework.security.web.context.SecurityContextHolderFilter@6812e86e, org.springframework.security.web.header.HeaderWriterFilter@2d25260c, org.springframework.web.filter.CorsFilter@4a5d1a12, org.springframework.security.web.authentication.logout.LogoutFilter@7a1b621e, com.davivienda.factoraje.infrastructure.security.JwtAuthenticationFilter@446d817c, org.springframework.security.web.savedrequest.RequestCacheAwareFilter@5ea81eb9, org.springframework.security.web.servletapi.SecurityContextHolderAwareRequestFilter@657105d5, org.springframework.security.web.authentication.AnonymousAuthenticationFilter@4cb22a71, org.springframework.security.web.session.SessionManagementFilter@4af51c6a, org.springframework.security.web.access.ExceptionTranslationFilter@27014097, org.springframework.security.web.access.intercept.AuthorizationFilter@103a6245]
2026-10-03 13:26:51 INFO  o.s.b.t.m.w.SpringBootMockServletContext - Initializing Spring TestDispatcherServlet ''
2026-10-03 13:26:51 INFO  o.s.t.w.s.TestDispatcherServlet - Initializing Servlet ''
2026-10-03 13:26:51 INFO  o.s.t.w.s.TestDispatcherServlet - Completed initialization in 0 ms
2026-10-03 13:26:51 INFO  c.d.f.i.config.SecurityConfigTest - Started SecurityConfigTest in 0.49 seconds (process running for 8.197)
2026-10-03 13:26:51 INFO  o.s.o.j.LocalContainerEntityManagerFactoryBean - Closing JPA EntityManagerFactory for persistence unit 'default'
2026-10-03 13:26:51 INFO  com.zaxxer.hikari.HikariDataSource - HikariPool-1 - Shutdown initiated...
2026-10-03 13:26:51 INFO  com.zaxxer.hikari.HikariDataSource - HikariPool-1 - Shutdown completed.
2026-10-03 13:31:24 WARN  o.s.b.t.j.DuplicateJsonObjectContextCustomizerFactory$DuplicateJsonObjectContextCustomizer - 

Found multiple occurrences of org.json.JSONObject on the class path:

	jar:file:/Users/ch/.m2/repository/org/json/json/20140107/json-20140107.jar!/org/json/JSONObject.class
	jar:file:/Users/ch/.m2/repository/com/vaadin/external/google/android-json/0.0.20131108.vaadin1/android-json-0.0.20131108.vaadin1.jar!/org/json/JSONObject.class

You may wish to exclude one of them to ensure predictable runtime behavior

2026-10-03 13:31:24 INFO  c.d.f.r.DocumentDoubleFundingIndexTest - Starting DocumentDoubleFundingIndexTest using Java 21.0.8 with PID 32024 (started by ch in /Users/ch/Documents/Desarrollo de sistemas/FinCXPXC/CXP_DAV_SERVER_REFACTOR)
2026-10-03 13:31:24 INFO  c.d.f.r.DocumentDoubleFundingIndexTest - No active profile set, falling back to 1 default profile: "default"
2026-10-03 13:31:24 INFO  o.s.d.r.c.RepositoryConfigurationDelegate - Bootstrapping Spring Data JPA repositories in DEFAULT mode.
2026-10-03 13:31:24 INFO  o.s.d.r.c.RepositoryConfigurationDelegate - Finished Spring Data repository scanning in 48 ms. Found 27 JPA repository interfaces.
2026-10-03 13:31:25 INFO  org.flywaydb.core.FlywayExecutor - Database: jdbc:postgresql://localhost:58005/test (PostgreSQL 16.9)
2026-10-03 13:31:25 INFO  o.f.c.i.s.JdbcTableSchemaHistory - Schema history table "public"."flyway_schema_history" does not exist yet
2026-10-03 13:31:25 INFO  o.f.core.internal.command.DbValidate - Successfully validated 10 migrations (execution time 00:00.009s)
2026-10-03 13:31:25 INFO  o.f.c.i.s.JdbcTableSchemaHistory - Creating Schema History table "public"."flyway_schema_history" ...
2026-10-03 13:31:25 INFO  o.f.core.internal.command.DbMigrate - Current version of schema "public": << Empty Schema >>
2026-10-03 13:31:25 INFO  o.f.core.internal.command.DbMigrate - Migrating schema "public" to version "1 - esquema inicial"
2026-10-03 13:31:25 INFO  o.f.core.internal.command.DbMigrate - Migrating schema "public" to version "2 - datos de referencia"
2026-10-03 13:31:25 INFO  o.f.core.internal.command.DbMigrate - Migrating schema "public" to version "3 - montos calculados con todos los decimales"
2026-10-03 13:31:25 INFO  o.f.core.internal.command.DbMigrate - Migrating schema "public" to version "4 - estado inactivado por pagador"
2026-10-03 13:31:25 INFO  o.f.core.internal.command.DbMigrate - Migrating schema "public" to version "5 - lotes de dispersion"
2026-10-03 13:31:25 INFO  o.f.core.internal.command.DbMigrate - Migrating schema "public" to version "6 - alta de usuarios proveedor fuera de la carga"
2026-10-03 13:31:25 INFO  o.f.core.internal.command.DbMigrate - Migrating schema "public" to version "7 - eliminar niu de entidades"
2026-10-03 13:31:25 INFO  o.f.core.internal.command.DbMigrate - Migrating schema "public" to version "8 - eliminar rol operator"
2026-10-03 13:31:25 INFO  o.f.core.internal.command.DbMigrate - Migrating schema "public" to version "9 - recursos de carga"
2026-10-03 13:31:25 INFO  o.f.core.internal.command.DbMigrate - Migrating schema "public" to version "10 - manual de carga pdf"
2026-10-03 13:31:25 INFO  o.f.core.internal.command.DbMigrate - Successfully applied 10 migrations to schema "public", now at version v10 (execution time 00:00.096s)
2026-10-03 13:31:25 INFO  o.h.jpa.internal.util.LogHelper - HHH000204: Processing PersistenceUnitInfo [name: default]
2026-10-03 13:31:25 INFO  org.hibernate.Version - HHH000412: Hibernate ORM core version 6.5.2.Final
2026-10-03 13:31:25 INFO  o.h.c.i.RegionFactoryInitiator - HHH000026: Second-level cache disabled
2026-10-03 13:31:25 INFO  com.zaxxer.hikari.HikariDataSource - HikariPool-1 - Starting...
2026-10-03 13:31:25 INFO  com.zaxxer.hikari.pool.HikariPool - HikariPool-1 - Added connection org.postgresql.jdbc.PgConnection@745cf754
2026-10-03 13:31:25 INFO  com.zaxxer.hikari.HikariDataSource - HikariPool-1 - Start completed.
2026-10-03 13:31:25 WARN  org.hibernate.orm.deprecation - HHH90000025: PostgreSQLDialect does not need to be specified explicitly using 'hibernate.dialect' (remove the property setting and it will be selected by default)
2026-10-03 13:31:25 INFO  o.s.o.j.p.SpringPersistenceUnitInfo - No LoadTimeWeaver setup: ignoring JPA class transformer
2026-10-03 13:31:25 INFO  o.h.e.t.j.p.i.JtaPlatformInitiator - HHH000489: No JTA platform available (set 'hibernate.transaction.jta.platform' to enable JTA platform integration)
2026-10-03 13:31:25 INFO  o.s.o.j.LocalContainerEntityManagerFactoryBean - Initialized JPA EntityManagerFactory for persistence unit 'default'
2026-10-03 13:31:26 INFO  o.s.d.j.r.query.QueryEnhancerFactory - Hibernate is in classpath; If applicable, HQL parser will be used.
2026-10-03 13:31:26 INFO  c.d.f.r.DocumentDoubleFundingIndexTest - Started DocumentDoubleFundingIndexTest in 2.046 seconds (process running for 3.805)
2026-10-03 13:31:26 WARN  o.h.e.jdbc.spi.SqlExceptionHelper - SQL Error: 0, SQLState: 23505
2026-10-03 13:31:26 ERROR o.h.e.jdbc.spi.SqlExceptionHelper - ERROR: duplicate key value violates unique constraint "uq_documents_generation_code"
  Detail: Key (upper(generation_code::text))=(AB12CD34-0000-4000-8000-000000000001) already exists.
2026-10-03 13:31:26 WARN  o.h.e.jdbc.spi.SqlExceptionHelper - SQL Error: 0, SQLState: 23505
2026-10-03 13:31:26 ERROR o.h.e.jdbc.spi.SqlExceptionHelper - ERROR: duplicate key value violates unique constraint "uq_documents_received_stamp"
  Detail: Key (upper(received_stamp::text))=(AAAAAAAAAAAAAAAAAAAAAAAAAAAAAAAAAAAAAAAA) already exists.
2026-10-03 13:31:26 WARN  o.h.e.jdbc.spi.SqlExceptionHelper - SQL Error: 0, SQLState: 23505
2026-10-03 13:31:26 ERROR o.h.e.jdbc.spi.SqlExceptionHelper - ERROR: duplicate key value violates unique constraint "uq_documents_control_number"
  Detail: Key (upper(control_number::text))=(DTE-03-ABCD1234-000000000000001) already exists.
2026-10-03 13:31:26 WARN  o.h.e.jdbc.spi.SqlExceptionHelper - SQL Error: 0, SQLState: 23505
2026-10-03 13:31:26 ERROR o.h.e.jdbc.spi.SqlExceptionHelper - ERROR: duplicate key value violates unique constraint "uq_documents_paper_number_year"
  Detail: Key (master_agreement_id, document_number, EXTRACT(year FROM issue_date))=(6874ea94-6a8c-4886-948d-5857b73ff2ff, F-100, 2026) already exists.
2026-10-03 13:31:27 INFO  tc.postgres:16.9 - Creating container for image: postgres:16.9
2026-10-03 13:31:27 INFO  tc.postgres:16.9 - Container postgres:16.9 is starting: bb4a3be098d68a80638b7069371971e61058a5daeabcbcd0f97bb3705f2dce27
2026-10-03 13:31:27 INFO  tc.postgres:16.9 - Container postgres:16.9 started in PT0.686917S
2026-10-03 13:31:27 INFO  tc.postgres:16.9 - Container is started (JDBC URL: jdbc:postgresql://localhost:58019/test?loggerLevel=OFF)
2026-10-03 13:31:27 INFO  org.flywaydb.core.FlywayExecutor - Database: jdbc:postgresql://localhost:58019/flyway_ref (PostgreSQL 16.9)
2026-10-03 13:31:27 INFO  o.f.c.i.s.JdbcTableSchemaHistory - Schema history table "public"."flyway_schema_history" does not exist yet
2026-10-03 13:31:27 INFO  o.f.core.internal.command.DbValidate - Successfully validated 10 migrations (execution time 00:00.002s)
2026-10-03 13:31:27 INFO  o.f.c.i.s.JdbcTableSchemaHistory - Creating Schema History table "public"."flyway_schema_history" ...
2026-10-03 13:31:27 INFO  o.f.core.internal.command.DbMigrate - Current version of schema "public": << Empty Schema >>
2026-10-03 13:31:27 INFO  o.f.core.internal.command.DbMigrate - Migrating schema "public" to version "1 - esquema inicial"
2026-10-03 13:31:27 INFO  o.f.core.internal.command.DbMigrate - Migrating schema "public" to version "2 - datos de referencia"
2026-10-03 13:31:27 INFO  o.f.core.internal.command.DbMigrate - Migrating schema "public" to version "3 - montos calculados con todos los decimales"
2026-10-03 13:31:27 INFO  o.f.core.internal.command.DbMigrate - Migrating schema "public" to version "4 - estado inactivado por pagador"
2026-10-03 13:31:27 INFO  o.f.core.internal.command.DbMigrate - Migrating schema "public" to version "5 - lotes de dispersion"
2026-10-03 13:31:27 INFO  o.f.core.internal.command.DbMigrate - Migrating schema "public" to version "6 - alta de usuarios proveedor fuera de la carga"
2026-10-03 13:31:27 INFO  o.f.core.internal.command.DbMigrate - Migrating schema "public" to version "7 - eliminar niu de entidades"
2026-10-03 13:31:27 INFO  o.f.core.internal.command.DbMigrate - Migrating schema "public" to version "8 - eliminar rol operator"
2026-10-03 13:31:27 INFO  o.f.core.internal.command.DbMigrate - Migrating schema "public" to version "9 - recursos de carga"
2026-10-03 13:31:27 INFO  o.f.core.internal.command.DbMigrate - Migrating schema "public" to version "10 - manual de carga pdf"
2026-10-03 13:31:27 INFO  o.f.core.internal.command.DbMigrate - Successfully applied 10 migrations to schema "public", now at version v10 (execution time 00:00.074s)
2026-10-03 13:31:28 INFO  org.flywaydb.core.FlywayExecutor - Database: jdbc:postgresql://localhost:58019/actualizacion (PostgreSQL 16.9)
2026-10-03 13:31:28 INFO  o.f.c.i.s.JdbcTableSchemaHistory - Schema history table "public"."flyway_schema_history" does not exist yet
2026-10-03 13:31:28 INFO  o.f.core.internal.command.DbValidate - Successfully validated 10 migrations (execution time 00:00.002s)
2026-10-03 13:31:28 INFO  o.f.c.i.s.JdbcTableSchemaHistory - Creating Schema History table "public"."flyway_schema_history" ...
2026-10-03 13:31:28 INFO  o.f.core.internal.command.DbMigrate - Current version of schema "public": << Empty Schema >>
2026-10-03 13:31:28 INFO  o.f.core.internal.command.DbMigrate - Migrating schema "public" to version "1 - esquema inicial"
2026-10-03 13:31:28 INFO  o.f.core.internal.command.DbMigrate - Migrating schema "public" to version "2 - datos de referencia"
2026-10-03 13:31:28 INFO  o.f.core.internal.command.DbMigrate - Migrating schema "public" to version "3 - montos calculados con todos los decimales"
2026-10-03 13:31:28 INFO  o.f.core.internal.command.DbMigrate - Migrating schema "public" to version "4 - estado inactivado por pagador"
2026-10-03 13:31:28 INFO  o.f.core.internal.command.DbMigrate - Migrating schema "public" to version "5 - lotes de dispersion"
2026-10-03 13:31:28 INFO  o.f.core.internal.command.DbMigrate - Migrating schema "public" to version "6 - alta de usuarios proveedor fuera de la carga"
2026-10-03 13:31:28 INFO  o.f.core.internal.command.DbMigrate - Migrating schema "public" to version "7 - eliminar niu de entidades"
2026-10-03 13:31:28 INFO  o.f.core.internal.command.DbMigrate - Migrating schema "public" to version "8 - eliminar rol operator"
2026-10-03 13:31:28 INFO  o.f.core.internal.command.DbMigrate - Successfully applied 8 migrations to schema "public", now at version v8 (execution time 00:00.070s)
2026-10-03 13:31:29 INFO  c.d.f.s.impl.DocumentServiceImpl - Cupo null liberado por inactivación de 1 documento(s): consumo $5000.00 -> $4000.00.
2026-10-03 13:31:29 INFO  c.d.f.s.impl.DocumentServiceImpl - Documento f15f0b45-a382-4d01-b78f-e7e616fabd39 inactivado manualmente por el usuario fd29e405-91ba-42c8-87ee-af66b73521cc.
2026-10-03 13:31:29 INFO  c.d.f.s.impl.DocumentServiceImpl - Cupo null liberado por inactivación de 1 documento(s): consumo $5000.00 -> $4000.00.
2026-10-03 13:31:29 INFO  c.d.f.s.impl.DocumentServiceImpl - Documento 44c2be6b-9ac2-4d40-8401-a085eeb1f231 inactivado manualmente por el usuario 9b52c9fd-abb0-4e8f-b3a6-96951cf12c70.
2026-10-03 13:31:29 INFO  c.d.f.s.impl.DocumentServiceImpl - Fetching financeable documents for master agreement ID: 8d712410-80ad-40c7-917f-87f69885e33f
2026-10-03 13:31:29 INFO  c.d.f.s.impl.DocumentServiceImpl - Cupo null liberado por inactivación de 1 documento(s): consumo $5000.00 -> $4000.00.
2026-10-03 13:31:29 INFO  c.d.f.s.impl.DocumentServiceImpl - 1 documento(s) del convenio 8d712410-80ad-40c7-917f-87f69885e33f pasaron a cuarentena por no ser financiables.
2026-10-03 13:31:29 INFO  c.d.f.s.i.DispersionBatchServiceImpl - Lote de dispersión DSP-20261002-27535C creado: pagador da775af3-3e32-4900-82bf-c3bc8e62f1f2, vencimiento 2026-09-20, 1 documento(s), total 100.00.
2026-10-03 13:31:29 INFO  c.d.f.s.i.DispersionBatchServiceImpl - Lote de dispersión DSP-20261002-ABC123 confirmado por el usuario f501e7bb-1eef-4b18-a82f-8b69278c3dea: 2 documento(s) dispersados.
2026-10-03 13:31:29 INFO  c.d.f.s.i.DispersionBatchServiceImpl - Lote de dispersión DSP-20261002-2002F5 creado: pagador bda81c3d-5d2f-4082-a7ac-28be8d8eeb97, vencimiento 2026-10-05, 2 documento(s), total 17347.00.
2026-10-03 13:31:30 ERROR c.d.f.service.impl.FundingCalculator - División por cero evitada: la base no puede ser cero.
2026-10-03 13:31:30 INFO  c.d.f.service.impl.FundingCalculator - [CALCULO] Totales | nominal 3500.55 | monto a financiar 3440.491071731711441470 | interés 60.058928268288558530 | comisión con IVA 9.719387277642084823 | a desembolsar 3430.771684454069356647
2026-10-03 13:31:30 INFO  c.d.f.s.i.UploadResourceServiceImpl - Recurso de carga TEMPLATE reemplazado por el usuario null (3344 bytes)
2026-10-03 13:31:30 INFO  c.d.f.s.i.UploadResourceServiceImpl - Recurso de carga MANUAL reemplazado por el usuario null (813 bytes)
2026-10-03 13:31:30 INFO  c.d.f.s.i.UploadResourceServiceImpl - Recurso de carga TEMPLATE reemplazado por el usuario null (3327 bytes)
2026-10-03 13:31:30 INFO  o.s.t.c.s.AnnotationConfigContextLoaderUtils - Could not detect default configuration classes for test class [com.davivienda.factoraje.infrastructure.config.SecurityConfigTest]: SecurityConfigTest does not declare any static, non-private, non-final, nested classes annotated with @Configuration.
2026-10-03 13:31:30 INFO  o.s.b.t.c.SpringBootTestContextBootstrapper - Found @SpringBootConfiguration com.davivienda.factoraje.FactorajeApplication for test class com.davivienda.factoraje.infrastructure.config.SecurityConfigTest
2026-10-03 13:31:30 INFO  o.s.b.d.r.RestartApplicationListener - Restart disabled due to context in which it is running
2026-10-03 13:31:30 WARN  o.s.b.t.j.DuplicateJsonObjectContextCustomizerFactory$DuplicateJsonObjectContextCustomizer - 

Found multiple occurrences of org.json.JSONObject on the class path:

	jar:file:/Users/ch/.m2/repository/org/json/json/20140107/json-20140107.jar!/org/json/JSONObject.class
	jar:file:/Users/ch/.m2/repository/com/vaadin/external/google/android-json/0.0.20131108.vaadin1/android-json-0.0.20131108.vaadin1.jar!/org/json/JSONObject.class

You may wish to exclude one of them to ensure predictable runtime behavior

2026-10-03 13:31:30 INFO  c.d.f.i.config.SecurityConfigTest - Starting SecurityConfigTest using Java 21.0.8 with PID 32024 (started by ch in /Users/ch/Documents/Desarrollo de sistemas/FinCXPXC/CXP_DAV_SERVER_REFACTOR)
2026-10-03 13:31:30 INFO  c.d.f.i.config.SecurityConfigTest - No active profile set, falling back to 1 default profile: "default"
2026-10-03 13:31:30 INFO  o.s.s.c.a.a.c.InitializeUserDetailsBeanManagerConfigurer$InitializeUserDetailsManagerConfigurer - Global AuthenticationManager configured with UserDetailsService bean with name inMemoryUserDetailsManager
2026-10-03 13:31:30 INFO  o.s.s.web.DefaultSecurityFilterChain - Will secure any request with [org.springframework.security.web.session.DisableEncodeUrlFilter@423287bb, org.springframework.security.web.context.request.async.WebAsyncManagerIntegrationFilter@4a5dc3c9, org.springframework.security.web.context.SecurityContextHolderFilter@125e5cfb, org.springframework.security.web.header.HeaderWriterFilter@39b52a8a, org.springframework.web.filter.CorsFilter@7dd96f87, org.springframework.security.web.authentication.logout.LogoutFilter@6548432d, com.davivienda.factoraje.infrastructure.security.JwtAuthenticationFilter@1179db7a, org.springframework.security.web.savedrequest.RequestCacheAwareFilter@93d2c14, org.springframework.security.web.servletapi.SecurityContextHolderAwareRequestFilter@78951b5d, org.springframework.security.web.authentication.AnonymousAuthenticationFilter@6d91fbe7, org.springframework.security.web.session.SessionManagementFilter@6ec33366, org.springframework.security.web.access.ExceptionTranslationFilter@63efe85f, org.springframework.security.web.access.intercept.AuthorizationFilter@76ffd31f]
2026-10-03 13:31:30 INFO  o.s.b.t.m.w.SpringBootMockServletContext - Initializing Spring TestDispatcherServlet ''
2026-10-03 13:31:30 INFO  o.s.t.w.s.TestDispatcherServlet - Initializing Servlet ''
2026-10-03 13:31:30 INFO  o.s.t.w.s.TestDispatcherServlet - Completed initialization in 0 ms
2026-10-03 13:31:30 INFO  c.d.f.i.config.SecurityConfigTest - Started SecurityConfigTest in 0.505 seconds (process running for 8.228)
2026-10-03 13:31:31 INFO  o.s.o.j.LocalContainerEntityManagerFactoryBean - Closing JPA EntityManagerFactory for persistence unit 'default'
2026-10-03 13:31:31 INFO  com.zaxxer.hikari.HikariDataSource - HikariPool-1 - Shutdown initiated...
2026-10-03 13:31:31 INFO  com.zaxxer.hikari.HikariDataSource - HikariPool-1 - Shutdown completed.
2026-10-03 13:38:46 WARN  o.s.b.t.j.DuplicateJsonObjectContextCustomizerFactory$DuplicateJsonObjectContextCustomizer - 

Found multiple occurrences of org.json.JSONObject on the class path:

	jar:file:/Users/ch/.m2/repository/org/json/json/20140107/json-20140107.jar!/org/json/JSONObject.class
	jar:file:/Users/ch/.m2/repository/com/vaadin/external/google/android-json/0.0.20131108.vaadin1/android-json-0.0.20131108.vaadin1.jar!/org/json/JSONObject.class

You may wish to exclude one of them to ensure predictable runtime behavior

2026-10-03 13:38:46 INFO  c.d.f.r.DocumentDoubleFundingIndexTest - Starting DocumentDoubleFundingIndexTest using Java 21.0.8 with PID 38698 (started by ch in /Users/ch/Documents/Desarrollo de sistemas/FinCXPXC/CXP_DAV_SERVER_REFACTOR)
2026-10-03 13:38:46 INFO  c.d.f.r.DocumentDoubleFundingIndexTest - No active profile set, falling back to 1 default profile: "default"
2026-10-03 13:38:46 INFO  o.s.d.r.c.RepositoryConfigurationDelegate - Bootstrapping Spring Data JPA repositories in DEFAULT mode.
2026-10-03 13:38:46 INFO  o.s.d.r.c.RepositoryConfigurationDelegate - Finished Spring Data repository scanning in 45 ms. Found 27 JPA repository interfaces.
2026-10-03 13:38:46 INFO  org.flywaydb.core.FlywayExecutor - Database: jdbc:postgresql://localhost:58391/test (PostgreSQL 16.9)
2026-10-03 13:38:46 INFO  o.f.c.i.s.JdbcTableSchemaHistory - Schema history table "public"."flyway_schema_history" does not exist yet
2026-10-03 13:38:46 INFO  o.f.core.internal.command.DbValidate - Successfully validated 11 migrations (execution time 00:00.011s)
2026-10-03 13:38:46 INFO  o.f.c.i.s.JdbcTableSchemaHistory - Creating Schema History table "public"."flyway_schema_history" ...
2026-10-03 13:38:47 INFO  o.f.core.internal.command.DbMigrate - Current version of schema "public": << Empty Schema >>
2026-10-03 13:38:47 INFO  o.f.core.internal.command.DbMigrate - Migrating schema "public" to version "1 - esquema inicial"
2026-10-03 13:38:47 INFO  o.f.core.internal.command.DbMigrate - Migrating schema "public" to version "2 - datos de referencia"
2026-10-03 13:38:47 INFO  o.f.core.internal.command.DbMigrate - Migrating schema "public" to version "3 - montos calculados con todos los decimales"
2026-10-03 13:38:47 INFO  o.f.core.internal.command.DbMigrate - Migrating schema "public" to version "4 - estado inactivado por pagador"
2026-10-03 13:38:47 INFO  o.f.core.internal.command.DbMigrate - Migrating schema "public" to version "5 - lotes de dispersion"
2026-10-03 13:38:47 INFO  o.f.core.internal.command.DbMigrate - Migrating schema "public" to version "6 - alta de usuarios proveedor fuera de la carga"
2026-10-03 13:38:47 INFO  o.f.core.internal.command.DbMigrate - Migrating schema "public" to version "7 - eliminar niu de entidades"
2026-10-03 13:38:47 INFO  o.f.core.internal.command.DbMigrate - Migrating schema "public" to version "8 - eliminar rol operator"
2026-10-03 13:38:47 INFO  o.f.core.internal.command.DbMigrate - Migrating schema "public" to version "9 - recursos de carga"
2026-10-03 13:38:47 INFO  o.f.core.internal.command.DbMigrate - Migrating schema "public" to version "10 - manual de carga pdf"
2026-10-03 13:38:47 INFO  o.f.core.internal.command.DbMigrate - Migrating schema "public" to version "11 - bitacora de documentos operador"
2026-10-03 13:38:47 INFO  o.f.core.internal.command.DbMigrate - Successfully applied 11 migrations to schema "public", now at version v11 (execution time 00:00.091s)
2026-10-03 13:38:47 INFO  o.h.jpa.internal.util.LogHelper - HHH000204: Processing PersistenceUnitInfo [name: default]
2026-10-03 13:38:47 INFO  org.hibernate.Version - HHH000412: Hibernate ORM core version 6.5.2.Final
2026-10-03 13:38:47 INFO  o.h.c.i.RegionFactoryInitiator - HHH000026: Second-level cache disabled
2026-10-03 13:38:47 INFO  com.zaxxer.hikari.HikariDataSource - HikariPool-1 - Starting...
2026-10-03 13:38:47 INFO  com.zaxxer.hikari.pool.HikariPool - HikariPool-1 - Added connection org.postgresql.jdbc.PgConnection@321b7b9e
2026-10-03 13:38:47 INFO  com.zaxxer.hikari.HikariDataSource - HikariPool-1 - Start completed.
2026-10-03 13:38:47 WARN  org.hibernate.orm.deprecation - HHH90000025: PostgreSQLDialect does not need to be specified explicitly using 'hibernate.dialect' (remove the property setting and it will be selected by default)
2026-10-03 13:38:47 INFO  o.s.o.j.p.SpringPersistenceUnitInfo - No LoadTimeWeaver setup: ignoring JPA class transformer
2026-10-03 13:38:47 INFO  o.h.e.t.j.p.i.JtaPlatformInitiator - HHH000489: No JTA platform available (set 'hibernate.transaction.jta.platform' to enable JTA platform integration)
2026-10-03 13:38:47 INFO  o.s.o.j.LocalContainerEntityManagerFactoryBean - Initialized JPA EntityManagerFactory for persistence unit 'default'
2026-10-03 13:38:47 INFO  o.s.d.j.r.query.QueryEnhancerFactory - Hibernate is in classpath; If applicable, HQL parser will be used.
2026-10-03 13:38:48 INFO  c.d.f.r.DocumentDoubleFundingIndexTest - Started DocumentDoubleFundingIndexTest in 2.192 seconds (process running for 4.098)
2026-10-03 13:38:48 WARN  o.h.e.jdbc.spi.SqlExceptionHelper - SQL Error: 0, SQLState: 23505
2026-10-03 13:38:48 ERROR o.h.e.jdbc.spi.SqlExceptionHelper - ERROR: duplicate key value violates unique constraint "uq_documents_generation_code"
  Detail: Key (upper(generation_code::text))=(AB12CD34-0000-4000-8000-000000000001) already exists.
2026-10-03 13:38:48 WARN  o.h.e.jdbc.spi.SqlExceptionHelper - SQL Error: 0, SQLState: 23505
2026-10-03 13:38:48 ERROR o.h.e.jdbc.spi.SqlExceptionHelper - ERROR: duplicate key value violates unique constraint "uq_documents_received_stamp"
  Detail: Key (upper(received_stamp::text))=(AAAAAAAAAAAAAAAAAAAAAAAAAAAAAAAAAAAAAAAA) already exists.
2026-10-03 13:38:48 WARN  o.h.e.jdbc.spi.SqlExceptionHelper - SQL Error: 0, SQLState: 23505
2026-10-03 13:38:48 ERROR o.h.e.jdbc.spi.SqlExceptionHelper - ERROR: duplicate key value violates unique constraint "uq_documents_control_number"
  Detail: Key (upper(control_number::text))=(DTE-03-ABCD1234-000000000000001) already exists.
2026-10-03 13:38:48 WARN  o.h.e.jdbc.spi.SqlExceptionHelper - SQL Error: 0, SQLState: 23505
2026-10-03 13:38:48 ERROR o.h.e.jdbc.spi.SqlExceptionHelper - ERROR: duplicate key value violates unique constraint "uq_documents_paper_number_year"
  Detail: Key (master_agreement_id, document_number, EXTRACT(year FROM issue_date))=(b7f8ffc2-592a-4889-9934-abd8ec8c9950, F-100, 2026) already exists.
2026-10-03 13:38:49 INFO  tc.postgres:16.9 - Creating container for image: postgres:16.9
2026-10-03 13:38:49 INFO  tc.postgres:16.9 - Container postgres:16.9 is starting: 9bfe15b255a54f7e5235d316f60d551a13a277270863b6670a3d769f05017512
2026-10-03 13:38:49 INFO  tc.postgres:16.9 - Container postgres:16.9 started in PT0.654799S
2026-10-03 13:38:49 INFO  tc.postgres:16.9 - Container is started (JDBC URL: jdbc:postgresql://localhost:58409/test?loggerLevel=OFF)
2026-10-03 13:38:49 INFO  org.flywaydb.core.FlywayExecutor - Database: jdbc:postgresql://localhost:58409/flyway_ref (PostgreSQL 16.9)
2026-10-03 13:38:49 INFO  o.f.c.i.s.JdbcTableSchemaHistory - Schema history table "public"."flyway_schema_history" does not exist yet
2026-10-03 13:38:49 INFO  o.f.core.internal.command.DbValidate - Successfully validated 11 migrations (execution time 00:00.003s)
2026-10-03 13:38:49 INFO  o.f.c.i.s.JdbcTableSchemaHistory - Creating Schema History table "public"."flyway_schema_history" ...
2026-10-03 13:38:49 INFO  o.f.core.internal.command.DbMigrate - Current version of schema "public": << Empty Schema >>
2026-10-03 13:38:49 INFO  o.f.core.internal.command.DbMigrate - Migrating schema "public" to version "1 - esquema inicial"
2026-10-03 13:38:49 INFO  o.f.core.internal.command.DbMigrate - Migrating schema "public" to version "2 - datos de referencia"
2026-10-03 13:38:49 INFO  o.f.core.internal.command.DbMigrate - Migrating schema "public" to version "3 - montos calculados con todos los decimales"
2026-10-03 13:38:49 INFO  o.f.core.internal.command.DbMigrate - Migrating schema "public" to version "4 - estado inactivado por pagador"
2026-10-03 13:38:49 INFO  o.f.core.internal.command.DbMigrate - Migrating schema "public" to version "5 - lotes de dispersion"
2026-10-03 13:38:49 INFO  o.f.core.internal.command.DbMigrate - Migrating schema "public" to version "6 - alta de usuarios proveedor fuera de la carga"
2026-10-03 13:38:49 INFO  o.f.core.internal.command.DbMigrate - Migrating schema "public" to version "7 - eliminar niu de entidades"
2026-10-03 13:38:49 INFO  o.f.core.internal.command.DbMigrate - Migrating schema "public" to version "8 - eliminar rol operator"
2026-10-03 13:38:49 INFO  o.f.core.internal.command.DbMigrate - Migrating schema "public" to version "9 - recursos de carga"
2026-10-03 13:38:49 INFO  o.f.core.internal.command.DbMigrate - Migrating schema "public" to version "10 - manual de carga pdf"
2026-10-03 13:38:49 INFO  o.f.core.internal.command.DbMigrate - Migrating schema "public" to version "11 - bitacora de documentos operador"
2026-10-03 13:38:49 INFO  o.f.core.internal.command.DbMigrate - Successfully applied 11 migrations to schema "public", now at version v11 (execution time 00:00.075s)
2026-10-03 13:38:50 INFO  org.flywaydb.core.FlywayExecutor - Database: jdbc:postgresql://localhost:58409/actualizacion (PostgreSQL 16.9)
2026-10-03 13:38:50 INFO  o.f.c.i.s.JdbcTableSchemaHistory - Schema history table "public"."flyway_schema_history" does not exist yet
2026-10-03 13:38:50 INFO  o.f.core.internal.command.DbValidate - Successfully validated 11 migrations (execution time 00:00.006s)
2026-10-03 13:38:50 INFO  o.f.c.i.s.JdbcTableSchemaHistory - Creating Schema History table "public"."flyway_schema_history" ...
2026-10-03 13:38:50 INFO  o.f.core.internal.command.DbMigrate - Current version of schema "public": << Empty Schema >>
2026-10-03 13:38:50 INFO  o.f.core.internal.command.DbMigrate - Migrating schema "public" to version "1 - esquema inicial"
2026-10-03 13:38:50 INFO  o.f.core.internal.command.DbMigrate - Migrating schema "public" to version "2 - datos de referencia"
2026-10-03 13:38:50 INFO  o.f.core.internal.command.DbMigrate - Migrating schema "public" to version "3 - montos calculados con todos los decimales"
2026-10-03 13:38:50 INFO  o.f.core.internal.command.DbMigrate - Migrating schema "public" to version "4 - estado inactivado por pagador"
2026-10-03 13:38:50 INFO  o.f.core.internal.command.DbMigrate - Migrating schema "public" to version "5 - lotes de dispersion"
2026-10-03 13:38:50 INFO  o.f.core.internal.command.DbMigrate - Migrating schema "public" to version "6 - alta de usuarios proveedor fuera de la carga"
2026-10-03 13:38:50 INFO  o.f.core.internal.command.DbMigrate - Migrating schema "public" to version "7 - eliminar niu de entidades"
2026-10-03 13:38:50 INFO  o.f.core.internal.command.DbMigrate - Migrating schema "public" to version "8 - eliminar rol operator"
2026-10-03 13:38:50 INFO  o.f.core.internal.command.DbMigrate - Successfully applied 8 migrations to schema "public", now at version v8 (execution time 00:00.076s)
2026-10-03 13:38:51 INFO  c.d.f.s.impl.DocumentServiceImpl - Cupo null liberado por inactivación de 1 documento(s): consumo $5000.00 -> $4000.00.
2026-10-03 13:38:51 INFO  c.d.f.s.impl.DocumentServiceImpl - Documento b92a6ee4-2084-42ce-895a-fbbc0f62d7c1 inactivado manualmente por el usuario b049dbf4-c91f-4dbb-8c3e-3ba11fd6420a.
2026-10-03 13:38:51 INFO  c.d.f.s.impl.DocumentServiceImpl - Cupo null liberado por inactivación de 1 documento(s): consumo $5000.00 -> $4000.00.
2026-10-03 13:38:51 INFO  c.d.f.s.impl.DocumentServiceImpl - Documento 8b319298-a35e-4136-ac09-ae4850bcc744 inactivado manualmente por el usuario 4887061f-cfe3-4f45-8581-42f40d1d0dd3.
2026-10-03 13:38:51 INFO  c.d.f.s.impl.DocumentServiceImpl - Fetching financeable documents for master agreement ID: 0a6771da-4451-4420-a3e4-b2c21fcc6141
2026-10-03 13:38:51 INFO  c.d.f.s.impl.DocumentServiceImpl - Cupo null liberado por inactivación de 1 documento(s): consumo $5000.00 -> $4000.00.
2026-10-03 13:38:51 INFO  c.d.f.s.impl.DocumentServiceImpl - 1 documento(s) del convenio 0a6771da-4451-4420-a3e4-b2c21fcc6141 pasaron a cuarentena por no ser financiables.
2026-10-03 13:38:51 INFO  c.d.f.s.i.DispersionBatchServiceImpl - Lote de dispersión DSP-20261002-E1C202 creado: pagador 47df2add-54bf-4c22-96b3-654ca010d821, vencimiento 2026-09-20, 1 documento(s), total 100.00.
2026-10-03 13:38:51 INFO  c.d.f.s.i.DispersionBatchServiceImpl - Lote de dispersión DSP-20261002-ABC123 confirmado por el usuario 887ca6f4-0998-4e55-9152-0d33bbd06c91: 2 documento(s) dispersados.
2026-10-03 13:38:51 INFO  c.d.f.s.i.DispersionBatchServiceImpl - Lote de dispersión DSP-20261002-CDD342 creado: pagador 1e2a2756-db90-442c-938e-3e3fab8d9af1, vencimiento 2026-10-05, 2 documento(s), total 17347.00.
2026-10-03 13:38:51 ERROR c.d.f.service.impl.FundingCalculator - División por cero evitada: la base no puede ser cero.
2026-10-03 13:38:51 INFO  c.d.f.service.impl.FundingCalculator - [CALCULO] Totales | nominal 3500.55 | monto a financiar 3440.491071731711441470 | interés 60.058928268288558530 | comisión con IVA 9.719387277642084823 | a desembolsar 3430.771684454069356647
2026-10-03 13:38:52 INFO  c.d.f.s.i.UploadResourceServiceImpl - Recurso de carga TEMPLATE reemplazado por el usuario null (3345 bytes)
2026-10-03 13:38:52 INFO  c.d.f.s.i.UploadResourceServiceImpl - Recurso de carga MANUAL reemplazado por el usuario null (813 bytes)
2026-10-03 13:38:52 INFO  c.d.f.s.i.UploadResourceServiceImpl - Recurso de carga TEMPLATE reemplazado por el usuario null (3328 bytes)
2026-10-03 13:38:52 INFO  o.s.t.c.s.AnnotationConfigContextLoaderUtils - Could not detect default configuration classes for test class [com.davivienda.factoraje.infrastructure.config.SecurityConfigTest]: SecurityConfigTest does not declare any static, non-private, non-final, nested classes annotated with @Configuration.
2026-10-03 13:38:52 INFO  o.s.b.t.c.SpringBootTestContextBootstrapper - Found @SpringBootConfiguration com.davivienda.factoraje.FactorajeApplication for test class com.davivienda.factoraje.infrastructure.config.SecurityConfigTest
2026-10-03 13:38:52 INFO  o.s.b.d.r.RestartApplicationListener - Restart disabled due to context in which it is running
2026-10-03 13:38:52 WARN  o.s.b.t.j.DuplicateJsonObjectContextCustomizerFactory$DuplicateJsonObjectContextCustomizer - 

Found multiple occurrences of org.json.JSONObject on the class path:

	jar:file:/Users/ch/.m2/repository/org/json/json/20140107/json-20140107.jar!/org/json/JSONObject.class
	jar:file:/Users/ch/.m2/repository/com/vaadin/external/google/android-json/0.0.20131108.vaadin1/android-json-0.0.20131108.vaadin1.jar!/org/json/JSONObject.class

You may wish to exclude one of them to ensure predictable runtime behavior

2026-10-03 13:38:52 INFO  c.d.f.i.config.SecurityConfigTest - Starting SecurityConfigTest using Java 21.0.8 with PID 38698 (started by ch in /Users/ch/Documents/Desarrollo de sistemas/FinCXPXC/CXP_DAV_SERVER_REFACTOR)
2026-10-03 13:38:52 INFO  c.d.f.i.config.SecurityConfigTest - No active profile set, falling back to 1 default profile: "default"
2026-10-03 13:38:52 INFO  o.s.s.c.a.a.c.InitializeUserDetailsBeanManagerConfigurer$InitializeUserDetailsManagerConfigurer - Global AuthenticationManager configured with UserDetailsService bean with name inMemoryUserDetailsManager
2026-10-03 13:38:52 INFO  o.s.s.web.DefaultSecurityFilterChain - Will secure any request with [org.springframework.security.web.session.DisableEncodeUrlFilter@5e783e4a, org.springframework.security.web.context.request.async.WebAsyncManagerIntegrationFilter@24d54bae, org.springframework.security.web.context.SecurityContextHolderFilter@1e334e47, org.springframework.security.web.header.HeaderWriterFilter@7fd0e8ca, org.springframework.web.filter.CorsFilter@4faf32e4, org.springframework.security.web.authentication.logout.LogoutFilter@4e07ecf8, com.davivienda.factoraje.infrastructure.security.JwtAuthenticationFilter@657b84c5, org.springframework.security.web.savedrequest.RequestCacheAwareFilter@79ea6b5c, org.springframework.security.web.servletapi.SecurityContextHolderAwareRequestFilter@5a9efa59, org.springframework.security.web.authentication.AnonymousAuthenticationFilter@3b2effe2, org.springframework.security.web.session.SessionManagementFilter@5bb0103, org.springframework.security.web.access.ExceptionTranslationFilter@27fd7512, org.springframework.security.web.access.intercept.AuthorizationFilter@71fa912]
2026-10-03 13:38:52 INFO  o.s.b.t.m.w.SpringBootMockServletContext - Initializing Spring TestDispatcherServlet ''
2026-10-03 13:38:52 INFO  o.s.t.w.s.TestDispatcherServlet - Initializing Servlet ''
2026-10-03 13:38:52 INFO  o.s.t.w.s.TestDispatcherServlet - Completed initialization in 0 ms
2026-10-03 13:38:52 INFO  c.d.f.i.config.SecurityConfigTest - Started SecurityConfigTest in 0.518 seconds (process running for 8.409)
2026-10-03 13:38:53 INFO  o.s.o.j.LocalContainerEntityManagerFactoryBean - Closing JPA EntityManagerFactory for persistence unit 'default'
2026-10-03 13:38:53 INFO  com.zaxxer.hikari.HikariDataSource - HikariPool-1 - Shutdown initiated...
2026-10-03 13:38:53 INFO  com.zaxxer.hikari.HikariDataSource - HikariPool-1 - Shutdown completed.
2026-10-03 13:52:27 WARN  o.s.b.t.j.DuplicateJsonObjectContextCustomizerFactory$DuplicateJsonObjectContextCustomizer - 

Found multiple occurrences of org.json.JSONObject on the class path:

	jar:file:/Users/ch/.m2/repository/org/json/json/20140107/json-20140107.jar!/org/json/JSONObject.class
	jar:file:/Users/ch/.m2/repository/com/vaadin/external/google/android-json/0.0.20131108.vaadin1/android-json-0.0.20131108.vaadin1.jar!/org/json/JSONObject.class

You may wish to exclude one of them to ensure predictable runtime behavior

2026-10-03 13:52:27 INFO  c.d.f.r.DocumentDoubleFundingIndexTest - Starting DocumentDoubleFundingIndexTest using Java 21.0.8 with PID 51111 (started by ch in /Users/ch/Documents/Desarrollo de sistemas/FinCXPXC/CXP_DAV_SERVER_REFACTOR)
2026-10-03 13:52:27 INFO  c.d.f.r.DocumentDoubleFundingIndexTest - No active profile set, falling back to 1 default profile: "default"
2026-10-03 13:52:27 INFO  o.s.d.r.c.RepositoryConfigurationDelegate - Bootstrapping Spring Data JPA repositories in DEFAULT mode.
2026-10-03 13:52:27 INFO  o.s.d.r.c.RepositoryConfigurationDelegate - Finished Spring Data repository scanning in 49 ms. Found 27 JPA repository interfaces.
2026-10-03 13:52:28 INFO  org.flywaydb.core.FlywayExecutor - Database: jdbc:postgresql://localhost:58889/test (PostgreSQL 16.9)
2026-10-03 13:52:28 INFO  o.f.c.i.s.JdbcTableSchemaHistory - Schema history table "public"."flyway_schema_history" does not exist yet
2026-10-03 13:52:28 INFO  o.f.core.internal.command.DbValidate - Successfully validated 11 migrations (execution time 00:00.009s)
2026-10-03 13:52:28 INFO  o.f.c.i.s.JdbcTableSchemaHistory - Creating Schema History table "public"."flyway_schema_history" ...
2026-10-03 13:52:28 INFO  o.f.core.internal.command.DbMigrate - Current version of schema "public": << Empty Schema >>
2026-10-03 13:52:28 INFO  o.f.core.internal.command.DbMigrate - Migrating schema "public" to version "1 - esquema inicial"
2026-10-03 13:52:28 INFO  o.f.core.internal.command.DbMigrate - Migrating schema "public" to version "2 - datos de referencia"
2026-10-03 13:52:28 INFO  o.f.core.internal.command.DbMigrate - Migrating schema "public" to version "3 - montos calculados con todos los decimales"
2026-10-03 13:52:28 INFO  o.f.core.internal.command.DbMigrate - Migrating schema "public" to version "4 - estado inactivado por pagador"
2026-10-03 13:52:28 INFO  o.f.core.internal.command.DbMigrate - Migrating schema "public" to version "5 - lotes de dispersion"
2026-10-03 13:52:28 INFO  o.f.core.internal.command.DbMigrate - Migrating schema "public" to version "6 - alta de usuarios proveedor fuera de la carga"
2026-10-03 13:52:28 INFO  o.f.core.internal.command.DbMigrate - Migrating schema "public" to version "7 - eliminar niu de entidades"
2026-10-03 13:52:28 INFO  o.f.core.internal.command.DbMigrate - Migrating schema "public" to version "8 - eliminar rol operator"
2026-10-03 13:52:28 INFO  o.f.core.internal.command.DbMigrate - Migrating schema "public" to version "9 - recursos de carga"
2026-10-03 13:52:28 INFO  o.f.core.internal.command.DbMigrate - Migrating schema "public" to version "10 - manual de carga pdf"
2026-10-03 13:52:28 INFO  o.f.core.internal.command.DbMigrate - Migrating schema "public" to version "11 - bitacora de documentos operador"
2026-10-03 13:52:28 INFO  o.f.core.internal.command.DbMigrate - Successfully applied 11 migrations to schema "public", now at version v11 (execution time 00:00.096s)
2026-10-03 13:52:28 INFO  o.h.jpa.internal.util.LogHelper - HHH000204: Processing PersistenceUnitInfo [name: default]
2026-10-03 13:52:28 INFO  org.hibernate.Version - HHH000412: Hibernate ORM core version 6.5.2.Final
2026-10-03 13:52:28 INFO  o.h.c.i.RegionFactoryInitiator - HHH000026: Second-level cache disabled
2026-10-03 13:52:28 INFO  com.zaxxer.hikari.HikariDataSource - HikariPool-1 - Starting...
2026-10-03 13:52:28 INFO  com.zaxxer.hikari.pool.HikariPool - HikariPool-1 - Added connection org.postgresql.jdbc.PgConnection@1dcad16f
2026-10-03 13:52:28 INFO  com.zaxxer.hikari.HikariDataSource - HikariPool-1 - Start completed.
2026-10-03 13:52:28 WARN  org.hibernate.orm.deprecation - HHH90000025: PostgreSQLDialect does not need to be specified explicitly using 'hibernate.dialect' (remove the property setting and it will be selected by default)
2026-10-03 13:52:28 INFO  o.s.o.j.p.SpringPersistenceUnitInfo - No LoadTimeWeaver setup: ignoring JPA class transformer
2026-10-03 13:52:28 INFO  o.h.e.t.j.p.i.JtaPlatformInitiator - HHH000489: No JTA platform available (set 'hibernate.transaction.jta.platform' to enable JTA platform integration)
2026-10-03 13:52:29 INFO  o.s.o.j.LocalContainerEntityManagerFactoryBean - Initialized JPA EntityManagerFactory for persistence unit 'default'
2026-10-03 13:52:29 INFO  o.s.d.j.r.query.QueryEnhancerFactory - Hibernate is in classpath; If applicable, HQL parser will be used.
2026-10-03 13:52:29 INFO  c.d.f.r.DocumentDoubleFundingIndexTest - Started DocumentDoubleFundingIndexTest in 2.19 seconds (process running for 4.116)
2026-10-03 13:52:29 WARN  o.h.e.jdbc.spi.SqlExceptionHelper - SQL Error: 0, SQLState: 23505
2026-10-03 13:52:29 ERROR o.h.e.jdbc.spi.SqlExceptionHelper - ERROR: duplicate key value violates unique constraint "uq_documents_generation_code"
  Detail: Key (upper(generation_code::text))=(AB12CD34-0000-4000-8000-000000000001) already exists.
2026-10-03 13:52:30 WARN  o.h.e.jdbc.spi.SqlExceptionHelper - SQL Error: 0, SQLState: 23505
2026-10-03 13:52:30 ERROR o.h.e.jdbc.spi.SqlExceptionHelper - ERROR: duplicate key value violates unique constraint "uq_documents_received_stamp"
  Detail: Key (upper(received_stamp::text))=(AAAAAAAAAAAAAAAAAAAAAAAAAAAAAAAAAAAAAAAA) already exists.
2026-10-03 13:52:30 WARN  o.h.e.jdbc.spi.SqlExceptionHelper - SQL Error: 0, SQLState: 23505
2026-10-03 13:52:30 ERROR o.h.e.jdbc.spi.SqlExceptionHelper - ERROR: duplicate key value violates unique constraint "uq_documents_control_number"
  Detail: Key (upper(control_number::text))=(DTE-03-ABCD1234-000000000000001) already exists.
2026-10-03 13:52:30 WARN  o.h.e.jdbc.spi.SqlExceptionHelper - SQL Error: 0, SQLState: 23505
2026-10-03 13:52:30 ERROR o.h.e.jdbc.spi.SqlExceptionHelper - ERROR: duplicate key value violates unique constraint "uq_documents_paper_number_year"
  Detail: Key (master_agreement_id, document_number, EXTRACT(year FROM issue_date))=(726c6e7a-2820-439d-bcbc-878a661c1d8a, F-100, 2026) already exists.
2026-10-03 13:52:30 INFO  tc.postgres:16.9 - Creating container for image: postgres:16.9
2026-10-03 13:52:30 INFO  tc.postgres:16.9 - Container postgres:16.9 is starting: 2c215909a612a98bf07c8283518a4d98f18b9866667af2601aa7f8f28033e557
2026-10-03 13:52:30 INFO  tc.postgres:16.9 - Container postgres:16.9 started in PT0.657188S
2026-10-03 13:52:30 INFO  tc.postgres:16.9 - Container is started (JDBC URL: jdbc:postgresql://localhost:58903/test?loggerLevel=OFF)
2026-10-03 13:52:30 INFO  org.flywaydb.core.FlywayExecutor - Database: jdbc:postgresql://localhost:58903/flyway_ref (PostgreSQL 16.9)
2026-10-03 13:52:30 INFO  o.f.c.i.s.JdbcTableSchemaHistory - Schema history table "public"."flyway_schema_history" does not exist yet
2026-10-03 13:52:30 INFO  o.f.core.internal.command.DbValidate - Successfully validated 11 migrations (execution time 00:00.003s)
2026-10-03 13:52:30 INFO  o.f.c.i.s.JdbcTableSchemaHistory - Creating Schema History table "public"."flyway_schema_history" ...
2026-10-03 13:52:30 INFO  o.f.core.internal.command.DbMigrate - Current version of schema "public": << Empty Schema >>
2026-10-03 13:52:30 INFO  o.f.core.internal.command.DbMigrate - Migrating schema "public" to version "1 - esquema inicial"
2026-10-03 13:52:31 INFO  o.f.core.internal.command.DbMigrate - Migrating schema "public" to version "2 - datos de referencia"
2026-10-03 13:52:31 INFO  o.f.core.internal.command.DbMigrate - Migrating schema "public" to version "3 - montos calculados con todos los decimales"
2026-10-03 13:52:31 INFO  o.f.core.internal.command.DbMigrate - Migrating schema "public" to version "4 - estado inactivado por pagador"
2026-10-03 13:52:31 INFO  o.f.core.internal.command.DbMigrate - Migrating schema "public" to version "5 - lotes de dispersion"
2026-10-03 13:52:31 INFO  o.f.core.internal.command.DbMigrate - Migrating schema "public" to version "6 - alta de usuarios proveedor fuera de la carga"
2026-10-03 13:52:31 INFO  o.f.core.internal.command.DbMigrate - Migrating schema "public" to version "7 - eliminar niu de entidades"
2026-10-03 13:52:31 INFO  o.f.core.internal.command.DbMigrate - Migrating schema "public" to version "8 - eliminar rol operator"
2026-10-03 13:52:31 INFO  o.f.core.internal.command.DbMigrate - Migrating schema "public" to version "9 - recursos de carga"
2026-10-03 13:52:31 INFO  o.f.core.internal.command.DbMigrate - Migrating schema "public" to version "10 - manual de carga pdf"
2026-10-03 13:52:31 INFO  o.f.core.internal.command.DbMigrate - Migrating schema "public" to version "11 - bitacora de documentos operador"
2026-10-03 13:52:31 INFO  o.f.core.internal.command.DbMigrate - Successfully applied 11 migrations to schema "public", now at version v11 (execution time 00:00.067s)
2026-10-03 13:52:31 INFO  org.flywaydb.core.FlywayExecutor - Database: jdbc:postgresql://localhost:58903/actualizacion (PostgreSQL 16.9)
2026-10-03 13:52:31 INFO  o.f.c.i.s.JdbcTableSchemaHistory - Schema history table "public"."flyway_schema_history" does not exist yet
2026-10-03 13:52:31 INFO  o.f.core.internal.command.DbValidate - Successfully validated 11 migrations (execution time 00:00.002s)
2026-10-03 13:52:31 INFO  o.f.c.i.s.JdbcTableSchemaHistory - Creating Schema History table "public"."flyway_schema_history" ...
2026-10-03 13:52:31 INFO  o.f.core.internal.command.DbMigrate - Current version of schema "public": << Empty Schema >>
2026-10-03 13:52:31 INFO  o.f.core.internal.command.DbMigrate - Migrating schema "public" to version "1 - esquema inicial"
2026-10-03 13:52:31 INFO  o.f.core.internal.command.DbMigrate - Migrating schema "public" to version "2 - datos de referencia"
2026-10-03 13:52:31 INFO  o.f.core.internal.command.DbMigrate - Migrating schema "public" to version "3 - montos calculados con todos los decimales"
2026-10-03 13:52:31 INFO  o.f.core.internal.command.DbMigrate - Migrating schema "public" to version "4 - estado inactivado por pagador"
2026-10-03 13:52:31 INFO  o.f.core.internal.command.DbMigrate - Migrating schema "public" to version "5 - lotes de dispersion"
2026-10-03 13:52:31 INFO  o.f.core.internal.command.DbMigrate - Migrating schema "public" to version "6 - alta de usuarios proveedor fuera de la carga"
2026-10-03 13:52:31 INFO  o.f.core.internal.command.DbMigrate - Migrating schema "public" to version "7 - eliminar niu de entidades"
2026-10-03 13:52:31 INFO  o.f.core.internal.command.DbMigrate - Migrating schema "public" to version "8 - eliminar rol operator"
2026-10-03 13:52:31 INFO  o.f.core.internal.command.DbMigrate - Successfully applied 8 migrations to schema "public", now at version v8 (execution time 00:00.060s)
2026-10-03 13:52:32 INFO  c.d.f.s.impl.DocumentServiceImpl - Cupo null liberado por inactivación de 1 documento(s): consumo $5000.00 -> $4000.00.
2026-10-03 13:52:32 INFO  c.d.f.s.impl.DocumentServiceImpl - Documento 610f2cee-be16-487b-9f55-bacbeb5ac286 inactivado manualmente por el usuario 1c104487-366a-4d15-b850-11b517c40199.
2026-10-03 13:52:32 INFO  c.d.f.s.impl.DocumentServiceImpl - Cupo null liberado por inactivación de 1 documento(s): consumo $5000.00 -> $4000.00.
2026-10-03 13:52:32 INFO  c.d.f.s.impl.DocumentServiceImpl - Documento dfcba56c-e175-444d-9595-683038120dcb inactivado manualmente por el usuario 26ac3d0c-ee5d-409d-b45a-b1d80dad0c1e.
2026-10-03 13:52:32 INFO  c.d.f.s.impl.DocumentServiceImpl - Fetching financeable documents for master agreement ID: 05fd1977-6bea-4083-b2ca-cf8035a38708
2026-10-03 13:52:32 INFO  c.d.f.s.impl.DocumentServiceImpl - Cupo null liberado por inactivación de 1 documento(s): consumo $5000.00 -> $4000.00.
2026-10-03 13:52:32 INFO  c.d.f.s.impl.DocumentServiceImpl - 1 documento(s) del convenio 05fd1977-6bea-4083-b2ca-cf8035a38708 pasaron a cuarentena por no ser financiables.
2026-10-03 13:52:32 INFO  c.d.f.s.i.DispersionBatchServiceImpl - Lote de dispersión DSP-20261002-CBBB9A creado: pagador d39c1a2a-1d27-402e-830e-a6a37484176c, vencimiento 2026-09-20, 1 documento(s), total 100.00.
2026-10-03 13:52:32 INFO  c.d.f.s.i.DispersionBatchServiceImpl - Lote de dispersión DSP-20261002-ABC123 confirmado por el usuario d946e130-c8f8-4ec1-9b61-586929b3bc6b: 2 documento(s) dispersados.
2026-10-03 13:52:32 INFO  c.d.f.s.i.DispersionBatchServiceImpl - Lote de dispersión DSP-20261002-949A22 creado: pagador c58ed3ee-31a7-4166-b750-e8ed99d23743, vencimiento 2026-10-05, 2 documento(s), total 17347.00.
2026-10-03 13:52:33 ERROR c.d.f.service.impl.FundingCalculator - División por cero evitada: la base no puede ser cero.
2026-10-03 13:52:33 INFO  c.d.f.service.impl.FundingCalculator - [CALCULO] Totales | nominal 3500.55 | monto a financiar 3440.491071731711441470 | interés 60.058928268288558530 | comisión con IVA 9.719387277642084823 | a desembolsar 3430.771684454069356647
2026-10-03 13:52:33 INFO  c.d.f.s.i.UploadResourceServiceImpl - Recurso de carga TEMPLATE reemplazado por el usuario null (3345 bytes)
2026-10-03 13:52:33 INFO  c.d.f.s.i.UploadResourceServiceImpl - Recurso de carga MANUAL reemplazado por el usuario null (813 bytes)
2026-10-03 13:52:33 INFO  c.d.f.s.i.UploadResourceServiceImpl - Recurso de carga TEMPLATE reemplazado por el usuario null (3328 bytes)
2026-10-03 13:52:33 INFO  o.s.t.c.s.AnnotationConfigContextLoaderUtils - Could not detect default configuration classes for test class [com.davivienda.factoraje.infrastructure.config.SecurityConfigTest]: SecurityConfigTest does not declare any static, non-private, non-final, nested classes annotated with @Configuration.
2026-10-03 13:52:33 INFO  o.s.b.t.c.SpringBootTestContextBootstrapper - Found @SpringBootConfiguration com.davivienda.factoraje.FactorajeApplication for test class com.davivienda.factoraje.infrastructure.config.SecurityConfigTest
2026-10-03 13:52:33 INFO  o.s.b.d.r.RestartApplicationListener - Restart disabled due to context in which it is running
2026-10-03 13:52:33 WARN  o.s.b.t.j.DuplicateJsonObjectContextCustomizerFactory$DuplicateJsonObjectContextCustomizer - 

Found multiple occurrences of org.json.JSONObject on the class path:

	jar:file:/Users/ch/.m2/repository/org/json/json/20140107/json-20140107.jar!/org/json/JSONObject.class
	jar:file:/Users/ch/.m2/repository/com/vaadin/external/google/android-json/0.0.20131108.vaadin1/android-json-0.0.20131108.vaadin1.jar!/org/json/JSONObject.class

You may wish to exclude one of them to ensure predictable runtime behavior

2026-10-03 13:52:33 INFO  c.d.f.i.config.SecurityConfigTest - Starting SecurityConfigTest using Java 21.0.8 with PID 51111 (started by ch in /Users/ch/Documents/Desarrollo de sistemas/FinCXPXC/CXP_DAV_SERVER_REFACTOR)
2026-10-03 13:52:33 INFO  c.d.f.i.config.SecurityConfigTest - No active profile set, falling back to 1 default profile: "default"
2026-10-03 13:52:33 INFO  o.s.s.c.a.a.c.InitializeUserDetailsBeanManagerConfigurer$InitializeUserDetailsManagerConfigurer - Global AuthenticationManager configured with UserDetailsService bean with name inMemoryUserDetailsManager
2026-10-03 13:52:33 INFO  o.s.s.web.DefaultSecurityFilterChain - Will secure any request with [org.springframework.security.web.session.DisableEncodeUrlFilter@771db8b7, org.springframework.security.web.context.request.async.WebAsyncManagerIntegrationFilter@23005a8b, org.springframework.security.web.context.SecurityContextHolderFilter@4741775e, org.springframework.security.web.header.HeaderWriterFilter@2104e947, org.springframework.web.filter.CorsFilter@35f0e6d1, org.springframework.security.web.authentication.logout.LogoutFilter@3d8364a1, com.davivienda.factoraje.infrastructure.security.JwtAuthenticationFilter@657b84c5, org.springframework.security.web.savedrequest.RequestCacheAwareFilter@1b087d16, org.springframework.security.web.servletapi.SecurityContextHolderAwareRequestFilter@20c0665a, org.springframework.security.web.authentication.AnonymousAuthenticationFilter@7301c83e, org.springframework.security.web.session.SessionManagementFilter@4e7f7c2, org.springframework.security.web.access.ExceptionTranslationFilter@568ffed1, org.springframework.security.web.access.intercept.AuthorizationFilter@67e665ea]
2026-10-03 13:52:34 INFO  o.s.b.t.m.w.SpringBootMockServletContext - Initializing Spring TestDispatcherServlet ''
2026-10-03 13:52:34 INFO  o.s.t.w.s.TestDispatcherServlet - Initializing Servlet ''
2026-10-03 13:52:34 INFO  o.s.t.w.s.TestDispatcherServlet - Completed initialization in 0 ms
2026-10-03 13:52:34 INFO  c.d.f.i.config.SecurityConfigTest - Started SecurityConfigTest in 0.54 seconds (process running for 8.491)
2026-10-03 13:52:34 INFO  o.s.o.j.LocalContainerEntityManagerFactoryBean - Closing JPA EntityManagerFactory for persistence unit 'default'
2026-10-03 13:52:34 INFO  com.zaxxer.hikari.HikariDataSource - HikariPool-1 - Shutdown initiated...
2026-10-03 13:52:34 INFO  com.zaxxer.hikari.HikariDataSource - HikariPool-1 - Shutdown completed.
2026-10-03 13:56:37 WARN  o.s.b.t.j.DuplicateJsonObjectContextCustomizerFactory$DuplicateJsonObjectContextCustomizer - 

Found multiple occurrences of org.json.JSONObject on the class path:

	jar:file:/Users/ch/.m2/repository/org/json/json/20140107/json-20140107.jar!/org/json/JSONObject.class
	jar:file:/Users/ch/.m2/repository/com/vaadin/external/google/android-json/0.0.20131108.vaadin1/android-json-0.0.20131108.vaadin1.jar!/org/json/JSONObject.class

You may wish to exclude one of them to ensure predictable runtime behavior

2026-10-03 13:56:37 INFO  c.d.f.r.DocumentDoubleFundingIndexTest - Starting DocumentDoubleFundingIndexTest using Java 21.0.8 with PID 55083 (started by ch in /Users/ch/Documents/Desarrollo de sistemas/FinCXPXC/CXP_DAV_SERVER_REFACTOR)
2026-10-03 13:56:37 INFO  c.d.f.r.DocumentDoubleFundingIndexTest - No active profile set, falling back to 1 default profile: "default"
2026-10-03 13:56:37 INFO  o.s.d.r.c.RepositoryConfigurationDelegate - Bootstrapping Spring Data JPA repositories in DEFAULT mode.
2026-10-03 13:56:37 INFO  o.s.d.r.c.RepositoryConfigurationDelegate - Finished Spring Data repository scanning in 46 ms. Found 27 JPA repository interfaces.
2026-10-03 13:56:37 INFO  org.flywaydb.core.FlywayExecutor - Database: jdbc:postgresql://localhost:59159/test (PostgreSQL 16.9)
2026-10-03 13:56:37 INFO  o.f.c.i.s.JdbcTableSchemaHistory - Schema history table "public"."flyway_schema_history" does not exist yet
2026-10-03 13:56:37 INFO  o.f.core.internal.command.DbValidate - Successfully validated 11 migrations (execution time 00:00.008s)
2026-10-03 13:56:37 INFO  o.f.c.i.s.JdbcTableSchemaHistory - Creating Schema History table "public"."flyway_schema_history" ...
2026-10-03 13:56:37 INFO  o.f.core.internal.command.DbMigrate - Current version of schema "public": << Empty Schema >>
2026-10-03 13:56:37 INFO  o.f.core.internal.command.DbMigrate - Migrating schema "public" to version "1 - esquema inicial"
2026-10-03 13:56:37 INFO  o.f.core.internal.command.DbMigrate - Migrating schema "public" to version "2 - datos de referencia"
2026-10-03 13:56:37 INFO  o.f.core.internal.command.DbMigrate - Migrating schema "public" to version "3 - montos calculados con todos los decimales"
2026-10-03 13:56:37 INFO  o.f.core.internal.command.DbMigrate - Migrating schema "public" to version "4 - estado inactivado por pagador"
2026-10-03 13:56:37 INFO  o.f.core.internal.command.DbMigrate - Migrating schema "public" to version "5 - lotes de dispersion"
2026-10-03 13:56:37 INFO  o.f.core.internal.command.DbMigrate - Migrating schema "public" to version "6 - alta de usuarios proveedor fuera de la carga"
2026-10-03 13:56:37 INFO  o.f.core.internal.command.DbMigrate - Migrating schema "public" to version "7 - eliminar niu de entidades"
2026-10-03 13:56:37 INFO  o.f.core.internal.command.DbMigrate - Migrating schema "public" to version "8 - eliminar rol operator"
2026-10-03 13:56:37 INFO  o.f.core.internal.command.DbMigrate - Migrating schema "public" to version "9 - recursos de carga"
2026-10-03 13:56:37 INFO  o.f.core.internal.command.DbMigrate - Migrating schema "public" to version "10 - manual de carga pdf"
2026-10-03 13:56:37 INFO  o.f.core.internal.command.DbMigrate - Migrating schema "public" to version "11 - bitacora de documentos operador"
2026-10-03 13:56:37 INFO  o.f.core.internal.command.DbMigrate - Successfully applied 11 migrations to schema "public", now at version v11 (execution time 00:00.091s)
2026-10-03 13:56:37 INFO  o.h.jpa.internal.util.LogHelper - HHH000204: Processing PersistenceUnitInfo [name: default]
2026-10-03 13:56:37 INFO  org.hibernate.Version - HHH000412: Hibernate ORM core version 6.5.2.Final
2026-10-03 13:56:37 INFO  o.h.c.i.RegionFactoryInitiator - HHH000026: Second-level cache disabled
2026-10-03 13:56:37 INFO  com.zaxxer.hikari.HikariDataSource - HikariPool-1 - Starting...
2026-10-03 13:56:37 INFO  com.zaxxer.hikari.pool.HikariPool - HikariPool-1 - Added connection org.postgresql.jdbc.PgConnection@701c482e
2026-10-03 13:56:37 INFO  com.zaxxer.hikari.HikariDataSource - HikariPool-1 - Start completed.
2026-10-03 13:56:37 WARN  org.hibernate.orm.deprecation - HHH90000025: PostgreSQLDialect does not need to be specified explicitly using 'hibernate.dialect' (remove the property setting and it will be selected by default)
2026-10-03 13:56:38 INFO  o.s.o.j.p.SpringPersistenceUnitInfo - No LoadTimeWeaver setup: ignoring JPA class transformer
2026-10-03 13:56:38 INFO  o.h.e.t.j.p.i.JtaPlatformInitiator - HHH000489: No JTA platform available (set 'hibernate.transaction.jta.platform' to enable JTA platform integration)
2026-10-03 13:56:38 INFO  o.s.o.j.LocalContainerEntityManagerFactoryBean - Initialized JPA EntityManagerFactory for persistence unit 'default'
2026-10-03 13:56:38 INFO  o.s.d.j.r.query.QueryEnhancerFactory - Hibernate is in classpath; If applicable, HQL parser will be used.
2026-10-03 13:56:39 INFO  c.d.f.r.DocumentDoubleFundingIndexTest - Started DocumentDoubleFundingIndexTest in 2.269 seconds (process running for 4.084)
2026-10-03 13:56:39 WARN  o.h.e.jdbc.spi.SqlExceptionHelper - SQL Error: 0, SQLState: 23505
2026-10-03 13:56:39 ERROR o.h.e.jdbc.spi.SqlExceptionHelper - ERROR: duplicate key value violates unique constraint "uq_documents_generation_code"
  Detail: Key (upper(generation_code::text))=(AB12CD34-0000-4000-8000-000000000001) already exists.
2026-10-03 13:56:39 WARN  o.h.e.jdbc.spi.SqlExceptionHelper - SQL Error: 0, SQLState: 23505
2026-10-03 13:56:39 ERROR o.h.e.jdbc.spi.SqlExceptionHelper - ERROR: duplicate key value violates unique constraint "uq_documents_received_stamp"
  Detail: Key (upper(received_stamp::text))=(AAAAAAAAAAAAAAAAAAAAAAAAAAAAAAAAAAAAAAAA) already exists.
2026-10-03 13:56:39 WARN  o.h.e.jdbc.spi.SqlExceptionHelper - SQL Error: 0, SQLState: 23505
2026-10-03 13:56:39 ERROR o.h.e.jdbc.spi.SqlExceptionHelper - ERROR: duplicate key value violates unique constraint "uq_documents_control_number"
  Detail: Key (upper(control_number::text))=(DTE-03-ABCD1234-000000000000001) already exists.
2026-10-03 13:56:39 WARN  o.h.e.jdbc.spi.SqlExceptionHelper - SQL Error: 0, SQLState: 23505
2026-10-03 13:56:39 ERROR o.h.e.jdbc.spi.SqlExceptionHelper - ERROR: duplicate key value violates unique constraint "uq_documents_paper_number_year"
  Detail: Key (master_agreement_id, document_number, EXTRACT(year FROM issue_date))=(1e6cfb37-59a3-44be-b438-d2b6d5d75b03, F-100, 2026) already exists.
2026-10-03 13:56:39 INFO  tc.postgres:16.9 - Creating container for image: postgres:16.9
2026-10-03 13:56:39 INFO  tc.postgres:16.9 - Container postgres:16.9 is starting: 2f218a830f8eae88d41f243bb2eb0321b3463bed507a96d2616d588626f500fd
2026-10-03 13:56:40 INFO  tc.postgres:16.9 - Container postgres:16.9 started in PT0.664726S
2026-10-03 13:56:40 INFO  tc.postgres:16.9 - Container is started (JDBC URL: jdbc:postgresql://localhost:59176/test?loggerLevel=OFF)
2026-10-03 13:56:40 INFO  org.flywaydb.core.FlywayExecutor - Database: jdbc:postgresql://localhost:59176/flyway_ref (PostgreSQL 16.9)
2026-10-03 13:56:40 INFO  o.f.c.i.s.JdbcTableSchemaHistory - Schema history table "public"."flyway_schema_history" does not exist yet
2026-10-03 13:56:40 INFO  o.f.core.internal.command.DbValidate - Successfully validated 11 migrations (execution time 00:00.003s)
2026-10-03 13:56:40 INFO  o.f.c.i.s.JdbcTableSchemaHistory - Creating Schema History table "public"."flyway_schema_history" ...
2026-10-03 13:56:40 INFO  o.f.core.internal.command.DbMigrate - Current version of schema "public": << Empty Schema >>
2026-10-03 13:56:40 INFO  o.f.core.internal.command.DbMigrate - Migrating schema "public" to version "1 - esquema inicial"
2026-10-03 13:56:40 INFO  o.f.core.internal.command.DbMigrate - Migrating schema "public" to version "2 - datos de referencia"
2026-10-03 13:56:40 INFO  o.f.core.internal.command.DbMigrate - Migrating schema "public" to version "3 - montos calculados con todos los decimales"
2026-10-03 13:56:40 INFO  o.f.core.internal.command.DbMigrate - Migrating schema "public" to version "4 - estado inactivado por pagador"
2026-10-03 13:56:40 INFO  o.f.core.internal.command.DbMigrate - Migrating schema "public" to version "5 - lotes de dispersion"
2026-10-03 13:56:40 INFO  o.f.core.internal.command.DbMigrate - Migrating schema "public" to version "6 - alta de usuarios proveedor fuera de la carga"
2026-10-03 13:56:40 INFO  o.f.core.internal.command.DbMigrate - Migrating schema "public" to version "7 - eliminar niu de entidades"
2026-10-03 13:56:40 INFO  o.f.core.internal.command.DbMigrate - Migrating schema "public" to version "8 - eliminar rol operator"
2026-10-03 13:56:40 INFO  o.f.core.internal.command.DbMigrate - Migrating schema "public" to version "9 - recursos de carga"
2026-10-03 13:56:40 INFO  o.f.core.internal.command.DbMigrate - Migrating schema "public" to version "10 - manual de carga pdf"
2026-10-03 13:56:40 INFO  o.f.core.internal.command.DbMigrate - Migrating schema "public" to version "11 - bitacora de documentos operador"
2026-10-03 13:56:40 INFO  o.f.core.internal.command.DbMigrate - Successfully applied 11 migrations to schema "public", now at version v11 (execution time 00:00.071s)
2026-10-03 13:56:40 INFO  org.flywaydb.core.FlywayExecutor - Database: jdbc:postgresql://localhost:59176/actualizacion (PostgreSQL 16.9)
2026-10-03 13:56:40 INFO  o.f.c.i.s.JdbcTableSchemaHistory - Schema history table "public"."flyway_schema_history" does not exist yet
2026-10-03 13:56:40 INFO  o.f.core.internal.command.DbValidate - Successfully validated 11 migrations (execution time 00:00.008s)
2026-10-03 13:56:40 INFO  o.f.c.i.s.JdbcTableSchemaHistory - Creating Schema History table "public"."flyway_schema_history" ...
2026-10-03 13:56:40 INFO  o.f.core.internal.command.DbMigrate - Current version of schema "public": << Empty Schema >>
2026-10-03 13:56:40 INFO  o.f.core.internal.command.DbMigrate - Migrating schema "public" to version "1 - esquema inicial"
2026-10-03 13:56:41 INFO  o.f.core.internal.command.DbMigrate - Migrating schema "public" to version "2 - datos de referencia"
2026-10-03 13:56:41 INFO  o.f.core.internal.command.DbMigrate - Migrating schema "public" to version "3 - montos calculados con todos los decimales"
2026-10-03 13:56:41 INFO  o.f.core.internal.command.DbMigrate - Migrating schema "public" to version "4 - estado inactivado por pagador"
2026-10-03 13:56:41 INFO  o.f.core.internal.command.DbMigrate - Migrating schema "public" to version "5 - lotes de dispersion"
2026-10-03 13:56:41 INFO  o.f.core.internal.command.DbMigrate - Migrating schema "public" to version "6 - alta de usuarios proveedor fuera de la carga"
2026-10-03 13:56:41 INFO  o.f.core.internal.command.DbMigrate - Migrating schema "public" to version "7 - eliminar niu de entidades"
2026-10-03 13:56:41 INFO  o.f.core.internal.command.DbMigrate - Migrating schema "public" to version "8 - eliminar rol operator"
2026-10-03 13:56:41 INFO  o.f.core.internal.command.DbMigrate - Successfully applied 8 migrations to schema "public", now at version v8 (execution time 00:00.083s)
2026-10-03 13:56:42 INFO  c.d.f.s.impl.DocumentServiceImpl - Cupo null liberado por inactivación de 1 documento(s): consumo $5000.00 -> $4000.00.
2026-10-03 13:56:42 INFO  c.d.f.s.impl.DocumentServiceImpl - Documento 90d0b5ef-734b-4b29-8d64-8e3f2d8b35d1 inactivado manualmente por el usuario e6a897a0-dd3e-4404-bfad-c461f3aeb60a.
2026-10-03 13:56:42 INFO  c.d.f.s.impl.DocumentServiceImpl - Cupo null liberado por inactivación de 1 documento(s): consumo $5000.00 -> $4000.00.
2026-10-03 13:56:42 INFO  c.d.f.s.impl.DocumentServiceImpl - Documento 8827f860-3939-411d-becb-cb24fb53c932 inactivado manualmente por el usuario fa7b6826-4e2e-417e-852a-0e7441d85e92.
2026-10-03 13:56:42 INFO  c.d.f.s.impl.DocumentServiceImpl - Fetching financeable documents for master agreement ID: 94f04a5e-efb1-4541-a9fe-1d94b73a9d4e
2026-10-03 13:56:42 INFO  c.d.f.s.impl.DocumentServiceImpl - Cupo null liberado por inactivación de 1 documento(s): consumo $5000.00 -> $4000.00.
2026-10-03 13:56:42 INFO  c.d.f.s.impl.DocumentServiceImpl - 1 documento(s) del convenio 94f04a5e-efb1-4541-a9fe-1d94b73a9d4e pasaron a cuarentena por no ser financiables.
2026-10-03 13:56:42 INFO  c.d.f.s.i.DispersionBatchServiceImpl - Lote de dispersión DSP-20261002-76A059 creado: pagador 5b547a87-4a6c-4819-9413-4978bd06e356, vencimiento 2026-09-20, 1 documento(s), total 100.00.
2026-10-03 13:56:42 INFO  c.d.f.s.i.DispersionBatchServiceImpl - Lote de dispersión DSP-20261002-ABC123 confirmado por el usuario b68565ae-5241-48e7-b2aa-32db4a2f91e5: 2 documento(s) dispersados.
2026-10-03 13:56:42 INFO  c.d.f.s.i.DispersionBatchServiceImpl - Lote de dispersión DSP-20261002-953A80 creado: pagador a68fdb2e-2069-4d78-b02b-c88239b4fe6a, vencimiento 2026-10-05, 2 documento(s), total 17347.00.
2026-10-03 13:56:42 ERROR c.d.f.service.impl.FundingCalculator - División por cero evitada: la base no puede ser cero.
2026-10-03 13:56:42 INFO  c.d.f.service.impl.FundingCalculator - [CALCULO] Totales | nominal 3500.55 | monto a financiar 3440.491071731711441470 | interés 60.058928268288558530 | comisión con IVA 9.719387277642084823 | a desembolsar 3430.771684454069356647
2026-10-03 13:56:43 INFO  c.d.f.s.i.UploadResourceServiceImpl - Recurso de carga TEMPLATE reemplazado por el usuario null (3346 bytes)
2026-10-03 13:56:43 INFO  c.d.f.s.i.UploadResourceServiceImpl - Recurso de carga MANUAL reemplazado por el usuario null (813 bytes)
2026-10-03 13:56:43 INFO  c.d.f.s.i.UploadResourceServiceImpl - Recurso de carga TEMPLATE reemplazado por el usuario null (3329 bytes)
2026-10-03 13:56:43 INFO  o.s.t.c.s.AnnotationConfigContextLoaderUtils - Could not detect default configuration classes for test class [com.davivienda.factoraje.infrastructure.config.SecurityConfigTest]: SecurityConfigTest does not declare any static, non-private, non-final, nested classes annotated with @Configuration.
2026-10-03 13:56:43 INFO  o.s.b.t.c.SpringBootTestContextBootstrapper - Found @SpringBootConfiguration com.davivienda.factoraje.FactorajeApplication for test class com.davivienda.factoraje.infrastructure.config.SecurityConfigTest
2026-10-03 13:56:43 INFO  o.s.b.d.r.RestartApplicationListener - Restart disabled due to context in which it is running
2026-10-03 13:56:43 WARN  o.s.b.t.j.DuplicateJsonObjectContextCustomizerFactory$DuplicateJsonObjectContextCustomizer - 

Found multiple occurrences of org.json.JSONObject on the class path:

	jar:file:/Users/ch/.m2/repository/org/json/json/20140107/json-20140107.jar!/org/json/JSONObject.class
	jar:file:/Users/ch/.m2/repository/com/vaadin/external/google/android-json/0.0.20131108.vaadin1/android-json-0.0.20131108.vaadin1.jar!/org/json/JSONObject.class

You may wish to exclude one of them to ensure predictable runtime behavior

2026-10-03 13:56:43 INFO  c.d.f.i.config.SecurityConfigTest - Starting SecurityConfigTest using Java 21.0.8 with PID 55083 (started by ch in /Users/ch/Documents/Desarrollo de sistemas/FinCXPXC/CXP_DAV_SERVER_REFACTOR)
2026-10-03 13:56:43 INFO  c.d.f.i.config.SecurityConfigTest - No active profile set, falling back to 1 default profile: "default"
2026-10-03 13:56:43 INFO  o.s.s.c.a.a.c.InitializeUserDetailsBeanManagerConfigurer$InitializeUserDetailsManagerConfigurer - Global AuthenticationManager configured with UserDetailsService bean with name inMemoryUserDetailsManager
2026-10-03 13:56:43 INFO  o.s.s.web.DefaultSecurityFilterChain - Will secure any request with [org.springframework.security.web.session.DisableEncodeUrlFilter@3548a64e, org.springframework.security.web.context.request.async.WebAsyncManagerIntegrationFilter@3c838746, org.springframework.security.web.context.SecurityContextHolderFilter@1ec23fda, org.springframework.security.web.header.HeaderWriterFilter@53df324b, org.springframework.web.filter.CorsFilter@4f5fb427, org.springframework.security.web.authentication.logout.LogoutFilter@91411a0, com.davivienda.factoraje.infrastructure.security.JwtAuthenticationFilter@73325555, org.springframework.security.web.savedrequest.RequestCacheAwareFilter@64de3744, org.springframework.security.web.servletapi.SecurityContextHolderAwareRequestFilter@10be5d15, org.springframework.security.web.authentication.AnonymousAuthenticationFilter@e9001fc, org.springframework.security.web.session.SessionManagementFilter@728006fa, org.springframework.security.web.access.ExceptionTranslationFilter@2aca1c10, org.springframework.security.web.access.intercept.AuthorizationFilter@6fecd5d4]
2026-10-03 13:56:43 INFO  o.s.b.t.m.w.SpringBootMockServletContext - Initializing Spring TestDispatcherServlet ''
2026-10-03 13:56:43 INFO  o.s.t.w.s.TestDispatcherServlet - Initializing Servlet ''
2026-10-03 13:56:43 INFO  o.s.t.w.s.TestDispatcherServlet - Completed initialization in 1 ms
2026-10-03 13:56:43 INFO  c.d.f.i.config.SecurityConfigTest - Started SecurityConfigTest in 0.543 seconds (process running for 8.749)
2026-10-03 13:56:43 INFO  o.s.o.j.LocalContainerEntityManagerFactoryBean - Closing JPA EntityManagerFactory for persistence unit 'default'
2026-10-03 13:56:43 INFO  com.zaxxer.hikari.HikariDataSource - HikariPool-1 - Shutdown initiated...
2026-10-03 13:56:43 INFO  com.zaxxer.hikari.HikariDataSource - HikariPool-1 - Shutdown completed.
2026-10-03 14:09:53 WARN  o.s.b.t.j.DuplicateJsonObjectContextCustomizerFactory$DuplicateJsonObjectContextCustomizer - 

Found multiple occurrences of org.json.JSONObject on the class path:

	jar:file:/Users/ch/.m2/repository/org/json/json/20140107/json-20140107.jar!/org/json/JSONObject.class
	jar:file:/Users/ch/.m2/repository/com/vaadin/external/google/android-json/0.0.20131108.vaadin1/android-json-0.0.20131108.vaadin1.jar!/org/json/JSONObject.class

You may wish to exclude one of them to ensure predictable runtime behavior

2026-10-03 14:09:54 INFO  c.d.f.r.DocumentDoubleFundingIndexTest - Starting DocumentDoubleFundingIndexTest using Java 21.0.8 with PID 67758 (started by ch in /Users/ch/Documents/Desarrollo de sistemas/FinCXPXC/CXP_DAV_SERVER_REFACTOR)
2026-10-03 14:09:54 INFO  c.d.f.r.DocumentDoubleFundingIndexTest - No active profile set, falling back to 1 default profile: "default"
2026-10-03 14:09:54 INFO  o.s.d.r.c.RepositoryConfigurationDelegate - Bootstrapping Spring Data JPA repositories in DEFAULT mode.
2026-10-03 14:09:54 INFO  o.s.d.r.c.RepositoryConfigurationDelegate - Finished Spring Data repository scanning in 46 ms. Found 27 JPA repository interfaces.
2026-10-03 14:09:54 INFO  org.flywaydb.core.FlywayExecutor - Database: jdbc:postgresql://localhost:59749/test (PostgreSQL 16.9)
2026-10-03 14:09:54 INFO  o.f.c.i.s.JdbcTableSchemaHistory - Schema history table "public"."flyway_schema_history" does not exist yet
2026-10-03 14:09:54 INFO  o.f.core.internal.command.DbValidate - Successfully validated 11 migrations (execution time 00:00.009s)
2026-10-03 14:09:54 INFO  o.f.c.i.s.JdbcTableSchemaHistory - Creating Schema History table "public"."flyway_schema_history" ...
2026-10-03 14:09:54 INFO  o.f.core.internal.command.DbMigrate - Current version of schema "public": << Empty Schema >>
2026-10-03 14:09:54 INFO  o.f.core.internal.command.DbMigrate - Migrating schema "public" to version "1 - esquema inicial"
2026-10-03 14:09:54 INFO  o.f.core.internal.command.DbMigrate - Migrating schema "public" to version "2 - datos de referencia"
2026-10-03 14:09:54 INFO  o.f.core.internal.command.DbMigrate - Migrating schema "public" to version "3 - montos calculados con todos los decimales"
2026-10-03 14:09:54 INFO  o.f.core.internal.command.DbMigrate - Migrating schema "public" to version "4 - estado inactivado por pagador"
2026-10-03 14:09:54 INFO  o.f.core.internal.command.DbMigrate - Migrating schema "public" to version "5 - lotes de dispersion"
2026-10-03 14:09:54 INFO  o.f.core.internal.command.DbMigrate - Migrating schema "public" to version "6 - alta de usuarios proveedor fuera de la carga"
2026-10-03 14:09:54 INFO  o.f.core.internal.command.DbMigrate - Migrating schema "public" to version "7 - eliminar niu de entidades"
2026-10-03 14:09:54 INFO  o.f.core.internal.command.DbMigrate - Migrating schema "public" to version "8 - eliminar rol operator"
2026-10-03 14:09:54 INFO  o.f.core.internal.command.DbMigrate - Migrating schema "public" to version "9 - recursos de carga"
2026-10-03 14:09:54 INFO  o.f.core.internal.command.DbMigrate - Migrating schema "public" to version "10 - manual de carga pdf"
2026-10-03 14:09:54 INFO  o.f.core.internal.command.DbMigrate - Migrating schema "public" to version "11 - bitacora de documentos operador"
2026-10-03 14:09:54 INFO  o.f.core.internal.command.DbMigrate - Successfully applied 11 migrations to schema "public", now at version v11 (execution time 00:00.151s)
2026-10-03 14:09:54 INFO  o.h.jpa.internal.util.LogHelper - HHH000204: Processing PersistenceUnitInfo [name: default]
2026-10-03 14:09:54 INFO  org.hibernate.Version - HHH000412: Hibernate ORM core version 6.5.2.Final
2026-10-03 14:09:54 INFO  o.h.c.i.RegionFactoryInitiator - HHH000026: Second-level cache disabled
2026-10-03 14:09:54 INFO  com.zaxxer.hikari.HikariDataSource - HikariPool-1 - Starting...
2026-10-03 14:09:54 INFO  com.zaxxer.hikari.pool.HikariPool - HikariPool-1 - Added connection org.postgresql.jdbc.PgConnection@4738131e
2026-10-03 14:09:54 INFO  com.zaxxer.hikari.HikariDataSource - HikariPool-1 - Start completed.
2026-10-03 14:09:54 WARN  org.hibernate.orm.deprecation - HHH90000025: PostgreSQLDialect does not need to be specified explicitly using 'hibernate.dialect' (remove the property setting and it will be selected by default)
2026-10-03 14:09:54 INFO  o.s.o.j.p.SpringPersistenceUnitInfo - No LoadTimeWeaver setup: ignoring JPA class transformer
2026-10-03 14:09:55 INFO  o.h.e.t.j.p.i.JtaPlatformInitiator - HHH000489: No JTA platform available (set 'hibernate.transaction.jta.platform' to enable JTA platform integration)
2026-10-03 14:09:55 INFO  o.s.o.j.LocalContainerEntityManagerFactoryBean - Initialized JPA EntityManagerFactory for persistence unit 'default'
2026-10-03 14:09:55 INFO  o.s.d.j.r.query.QueryEnhancerFactory - Hibernate is in classpath; If applicable, HQL parser will be used.
2026-10-03 14:09:56 INFO  c.d.f.r.DocumentDoubleFundingIndexTest - Started DocumentDoubleFundingIndexTest in 2.236 seconds (process running for 4.082)
2026-10-03 14:09:56 WARN  o.h.e.jdbc.spi.SqlExceptionHelper - SQL Error: 0, SQLState: 23505
2026-10-03 14:09:56 ERROR o.h.e.jdbc.spi.SqlExceptionHelper - ERROR: duplicate key value violates unique constraint "uq_documents_generation_code"
  Detail: Key (upper(generation_code::text))=(AB12CD34-0000-4000-8000-000000000001) already exists.
2026-10-03 14:09:56 WARN  o.h.e.jdbc.spi.SqlExceptionHelper - SQL Error: 0, SQLState: 23505
2026-10-03 14:09:56 ERROR o.h.e.jdbc.spi.SqlExceptionHelper - ERROR: duplicate key value violates unique constraint "uq_documents_received_stamp"
  Detail: Key (upper(received_stamp::text))=(AAAAAAAAAAAAAAAAAAAAAAAAAAAAAAAAAAAAAAAA) already exists.
2026-10-03 14:09:56 WARN  o.h.e.jdbc.spi.SqlExceptionHelper - SQL Error: 0, SQLState: 23505
2026-10-03 14:09:56 ERROR o.h.e.jdbc.spi.SqlExceptionHelper - ERROR: duplicate key value violates unique constraint "uq_documents_control_number"
  Detail: Key (upper(control_number::text))=(DTE-03-ABCD1234-000000000000001) already exists.
2026-10-03 14:09:56 WARN  o.h.e.jdbc.spi.SqlExceptionHelper - SQL Error: 0, SQLState: 23505
2026-10-03 14:09:56 ERROR o.h.e.jdbc.spi.SqlExceptionHelper - ERROR: duplicate key value violates unique constraint "uq_documents_paper_number_year"
  Detail: Key (master_agreement_id, document_number, EXTRACT(year FROM issue_date))=(cbacb0d9-992d-4b36-af70-5772a4f8ce07, F-100, 2026) already exists.
2026-10-03 14:09:56 INFO  tc.postgres:16.9 - Creating container for image: postgres:16.9
2026-10-03 14:09:56 INFO  tc.postgres:16.9 - Container postgres:16.9 is starting: 5d56426f5be9b2044d6ab3a957b37c292c80ff8addd6f95557992dd1e2406b80
2026-10-03 14:09:57 INFO  tc.postgres:16.9 - Container postgres:16.9 started in PT0.666368S
2026-10-03 14:09:57 INFO  tc.postgres:16.9 - Container is started (JDBC URL: jdbc:postgresql://localhost:59763/test?loggerLevel=OFF)
2026-10-03 14:09:57 INFO  org.flywaydb.core.FlywayExecutor - Database: jdbc:postgresql://localhost:59763/flyway_ref (PostgreSQL 16.9)
2026-10-03 14:09:57 INFO  o.f.c.i.s.JdbcTableSchemaHistory - Schema history table "public"."flyway_schema_history" does not exist yet
2026-10-03 14:09:57 INFO  o.f.core.internal.command.DbValidate - Successfully validated 11 migrations (execution time 00:00.005s)
2026-10-03 14:09:57 INFO  o.f.c.i.s.JdbcTableSchemaHistory - Creating Schema History table "public"."flyway_schema_history" ...
2026-10-03 14:09:57 INFO  o.f.core.internal.command.DbMigrate - Current version of schema "public": << Empty Schema >>
2026-10-03 14:09:57 INFO  o.f.core.internal.command.DbMigrate - Migrating schema "public" to version "1 - esquema inicial"
2026-10-03 14:09:57 INFO  o.f.core.internal.command.DbMigrate - Migrating schema "public" to version "2 - datos de referencia"
2026-10-03 14:09:57 INFO  o.f.core.internal.command.DbMigrate - Migrating schema "public" to version "3 - montos calculados con todos los decimales"
2026-10-03 14:09:57 INFO  o.f.core.internal.command.DbMigrate - Migrating schema "public" to version "4 - estado inactivado por pagador"
2026-10-03 14:09:57 INFO  o.f.core.internal.command.DbMigrate - Migrating schema "public" to version "5 - lotes de dispersion"
2026-10-03 14:09:57 INFO  o.f.core.internal.command.DbMigrate - Migrating schema "public" to version "6 - alta de usuarios proveedor fuera de la carga"
2026-10-03 14:09:57 INFO  o.f.core.internal.command.DbMigrate - Migrating schema "public" to version "7 - eliminar niu de entidades"
2026-10-03 14:09:57 INFO  o.f.core.internal.command.DbMigrate - Migrating schema "public" to version "8 - eliminar rol operator"
2026-10-03 14:09:57 INFO  o.f.core.internal.command.DbMigrate - Migrating schema "public" to version "9 - recursos de carga"
2026-10-03 14:09:57 INFO  o.f.core.internal.command.DbMigrate - Migrating schema "public" to version "10 - manual de carga pdf"
2026-10-03 14:09:57 INFO  o.f.core.internal.command.DbMigrate - Migrating schema "public" to version "11 - bitacora de documentos operador"
2026-10-03 14:09:57 INFO  o.f.core.internal.command.DbMigrate - Successfully applied 11 migrations to schema "public", now at version v11 (execution time 00:00.070s)
2026-10-03 14:09:57 INFO  org.flywaydb.core.FlywayExecutor - Database: jdbc:postgresql://localhost:59763/actualizacion (PostgreSQL 16.9)
2026-10-03 14:09:57 INFO  o.f.c.i.s.JdbcTableSchemaHistory - Schema history table "public"."flyway_schema_history" does not exist yet
2026-10-03 14:09:57 INFO  o.f.core.internal.command.DbValidate - Successfully validated 11 migrations (execution time 00:00.002s)
2026-10-03 14:09:57 INFO  o.f.c.i.s.JdbcTableSchemaHistory - Creating Schema History table "public"."flyway_schema_history" ...
2026-10-03 14:09:57 INFO  o.f.core.internal.command.DbMigrate - Current version of schema "public": << Empty Schema >>
2026-10-03 14:09:57 INFO  o.f.core.internal.command.DbMigrate - Migrating schema "public" to version "1 - esquema inicial"
2026-10-03 14:09:57 INFO  o.f.core.internal.command.DbMigrate - Migrating schema "public" to version "2 - datos de referencia"
2026-10-03 14:09:57 INFO  o.f.core.internal.command.DbMigrate - Migrating schema "public" to version "3 - montos calculados con todos los decimales"
2026-10-03 14:09:57 INFO  o.f.core.internal.command.DbMigrate - Migrating schema "public" to version "4 - estado inactivado por pagador"
2026-10-03 14:09:57 INFO  o.f.core.internal.command.DbMigrate - Migrating schema "public" to version "5 - lotes de dispersion"
2026-10-03 14:09:57 INFO  o.f.core.internal.command.DbMigrate - Migrating schema "public" to version "6 - alta de usuarios proveedor fuera de la carga"
2026-10-03 14:09:57 INFO  o.f.core.internal.command.DbMigrate - Migrating schema "public" to version "7 - eliminar niu de entidades"
2026-10-03 14:09:57 INFO  o.f.core.internal.command.DbMigrate - Migrating schema "public" to version "8 - eliminar rol operator"
2026-10-03 14:09:57 INFO  o.f.core.internal.command.DbMigrate - Successfully applied 8 migrations to schema "public", now at version v8 (execution time 00:00.073s)
2026-10-03 14:09:59 INFO  c.d.f.s.impl.DocumentServiceImpl - Cupo null liberado por inactivación de 1 documento(s): consumo $5000.00 -> $4000.00.
2026-10-03 14:09:59 INFO  c.d.f.s.impl.DocumentServiceImpl - Documento a9819955-d935-4b32-9c51-44e244426411 inactivado manualmente por el usuario 923ea9d5-787b-4d3c-9af1-3725359b0b9b.
2026-10-03 14:09:59 INFO  c.d.f.s.impl.DocumentServiceImpl - Cupo null liberado por inactivación de 1 documento(s): consumo $5000.00 -> $4000.00.
2026-10-03 14:09:59 INFO  c.d.f.s.impl.DocumentServiceImpl - Documento 3f7dd637-3dc7-4cf3-bc20-3cd5ab7c57b3 inactivado manualmente por el usuario 953b21aa-f79c-4510-86b3-ce54dd82d8df.
2026-10-03 14:09:59 INFO  c.d.f.s.impl.DocumentServiceImpl - Fetching financeable documents for master agreement ID: 41d02c83-577c-417c-b5f4-f3baf70aeaa8
2026-10-03 14:09:59 INFO  c.d.f.s.impl.DocumentServiceImpl - Cupo null liberado por inactivación de 1 documento(s): consumo $5000.00 -> $4000.00.
2026-10-03 14:09:59 INFO  c.d.f.s.impl.DocumentServiceImpl - 1 documento(s) del convenio 41d02c83-577c-417c-b5f4-f3baf70aeaa8 pasaron a cuarentena por no ser financiables.
2026-10-03 14:09:59 INFO  c.d.f.s.i.DispersionBatchServiceImpl - Lote de dispersión DSP-20261002-C26754 creado: pagador 6729886b-cba3-4a18-a1ef-88659629f6dd, vencimiento 2026-09-20, 1 documento(s), total 100.00.
2026-10-03 14:09:59 INFO  c.d.f.s.i.DispersionBatchServiceImpl - Lote de dispersión DSP-20261002-ABC123 confirmado por el usuario 7286e5ba-4023-4bf3-b2a4-e50cff80b3b3: 2 documento(s) dispersados.
2026-10-03 14:09:59 INFO  c.d.f.s.i.DispersionBatchServiceImpl - Lote de dispersión DSP-20261002-44FDFB creado: pagador 90b81b33-a28b-4003-9220-df6a75cc4415, vencimiento 2026-10-05, 2 documento(s), total 17347.00.
2026-10-03 14:09:59 ERROR c.d.f.service.impl.FundingCalculator - División por cero evitada: la base no puede ser cero.
2026-10-03 14:09:59 INFO  c.d.f.service.impl.FundingCalculator - [CALCULO] Totales | nominal 3500.55 | monto a financiar 3440.491071731711441470 | interés 60.058928268288558530 | comisión con IVA 9.719387277642084823 | a desembolsar 3430.771684454069356647
2026-10-03 14:09:59 INFO  c.d.f.s.i.UploadResourceServiceImpl - Recurso de carga TEMPLATE reemplazado por el usuario null (3345 bytes)
2026-10-03 14:09:59 INFO  c.d.f.s.i.UploadResourceServiceImpl - Recurso de carga MANUAL reemplazado por el usuario null (813 bytes)
2026-10-03 14:10:00 INFO  c.d.f.s.i.UploadResourceServiceImpl - Recurso de carga TEMPLATE reemplazado por el usuario null (3328 bytes)
2026-10-03 14:10:00 INFO  o.s.t.c.s.AnnotationConfigContextLoaderUtils - Could not detect default configuration classes for test class [com.davivienda.factoraje.infrastructure.config.SecurityConfigTest]: SecurityConfigTest does not declare any static, non-private, non-final, nested classes annotated with @Configuration.
2026-10-03 14:10:00 INFO  o.s.b.t.c.SpringBootTestContextBootstrapper - Found @SpringBootConfiguration com.davivienda.factoraje.FactorajeApplication for test class com.davivienda.factoraje.infrastructure.config.SecurityConfigTest
2026-10-03 14:10:00 INFO  o.s.b.d.r.RestartApplicationListener - Restart disabled due to context in which it is running
2026-10-03 14:10:00 WARN  o.s.b.t.j.DuplicateJsonObjectContextCustomizerFactory$DuplicateJsonObjectContextCustomizer - 

Found multiple occurrences of org.json.JSONObject on the class path:

	jar:file:/Users/ch/.m2/repository/org/json/json/20140107/json-20140107.jar!/org/json/JSONObject.class
	jar:file:/Users/ch/.m2/repository/com/vaadin/external/google/android-json/0.0.20131108.vaadin1/android-json-0.0.20131108.vaadin1.jar!/org/json/JSONObject.class

You may wish to exclude one of them to ensure predictable runtime behavior

2026-10-03 14:10:00 INFO  c.d.f.i.config.SecurityConfigTest - Starting SecurityConfigTest using Java 21.0.8 with PID 67758 (started by ch in /Users/ch/Documents/Desarrollo de sistemas/FinCXPXC/CXP_DAV_SERVER_REFACTOR)
2026-10-03 14:10:00 INFO  c.d.f.i.config.SecurityConfigTest - No active profile set, falling back to 1 default profile: "default"
2026-10-03 14:10:00 INFO  o.s.s.c.a.a.c.InitializeUserDetailsBeanManagerConfigurer$InitializeUserDetailsManagerConfigurer - Global AuthenticationManager configured with UserDetailsService bean with name inMemoryUserDetailsManager
2026-10-03 14:10:00 INFO  o.s.s.web.DefaultSecurityFilterChain - Will secure any request with [org.springframework.security.web.session.DisableEncodeUrlFilter@61241c4d, org.springframework.security.web.context.request.async.WebAsyncManagerIntegrationFilter@69abe626, org.springframework.security.web.context.SecurityContextHolderFilter@7f39d5f2, org.springframework.security.web.header.HeaderWriterFilter@1f2956f1, org.springframework.web.filter.CorsFilter@50043914, org.springframework.security.web.authentication.logout.LogoutFilter@185c7635, com.davivienda.factoraje.infrastructure.security.JwtAuthenticationFilter@746b15e, org.springframework.security.web.savedrequest.RequestCacheAwareFilter@3c6c3ae8, org.springframework.security.web.servletapi.SecurityContextHolderAwareRequestFilter@1bd89be8, org.springframework.security.web.authentication.AnonymousAuthenticationFilter@406f7217, org.springframework.security.web.session.SessionManagementFilter@1ae9ce0a, org.springframework.security.web.access.ExceptionTranslationFilter@5c607c76, org.springframework.security.web.access.intercept.AuthorizationFilter@5c8a91ae]
2026-10-03 14:10:00 INFO  o.s.b.t.m.w.SpringBootMockServletContext - Initializing Spring TestDispatcherServlet ''
2026-10-03 14:10:00 INFO  o.s.t.w.s.TestDispatcherServlet - Initializing Servlet ''
2026-10-03 14:10:00 INFO  o.s.t.w.s.TestDispatcherServlet - Completed initialization in 1 ms
2026-10-03 14:10:00 INFO  c.d.f.i.config.SecurityConfigTest - Started SecurityConfigTest in 0.556 seconds (process running for 8.595)
2026-10-03 14:10:00 INFO  o.s.o.j.LocalContainerEntityManagerFactoryBean - Closing JPA EntityManagerFactory for persistence unit 'default'
2026-10-03 14:10:00 INFO  com.zaxxer.hikari.HikariDataSource - HikariPool-1 - Shutdown initiated...
2026-10-03 14:10:00 INFO  com.zaxxer.hikari.HikariDataSource - HikariPool-1 - Shutdown completed.
2026-10-03 14:12:51 WARN  o.s.b.t.j.DuplicateJsonObjectContextCustomizerFactory$DuplicateJsonObjectContextCustomizer - 

Found multiple occurrences of org.json.JSONObject on the class path:

	jar:file:/Users/ch/.m2/repository/org/json/json/20140107/json-20140107.jar!/org/json/JSONObject.class
	jar:file:/Users/ch/.m2/repository/com/vaadin/external/google/android-json/0.0.20131108.vaadin1/android-json-0.0.20131108.vaadin1.jar!/org/json/JSONObject.class

You may wish to exclude one of them to ensure predictable runtime behavior

2026-10-03 14:12:51 INFO  c.d.f.r.DocumentDoubleFundingIndexTest - Starting DocumentDoubleFundingIndexTest using Java 21.0.8 with PID 70952 (started by ch in /Users/ch/Documents/Desarrollo de sistemas/FinCXPXC/CXP_DAV_SERVER_REFACTOR)
2026-10-03 14:12:51 INFO  c.d.f.r.DocumentDoubleFundingIndexTest - No active profile set, falling back to 1 default profile: "default"
2026-10-03 14:12:52 INFO  o.s.d.r.c.RepositoryConfigurationDelegate - Bootstrapping Spring Data JPA repositories in DEFAULT mode.
2026-10-03 14:12:52 INFO  o.s.d.r.c.RepositoryConfigurationDelegate - Finished Spring Data repository scanning in 61 ms. Found 27 JPA repository interfaces.
2026-10-03 14:12:52 INFO  org.flywaydb.core.FlywayExecutor - Database: jdbc:postgresql://localhost:60045/test (PostgreSQL 16.9)
2026-10-03 14:12:52 INFO  o.f.c.i.s.JdbcTableSchemaHistory - Schema history table "public"."flyway_schema_history" does not exist yet
2026-10-03 14:12:52 INFO  o.f.core.internal.command.DbValidate - Successfully validated 11 migrations (execution time 00:00.013s)
2026-10-03 14:12:52 INFO  o.f.c.i.s.JdbcTableSchemaHistory - Creating Schema History table "public"."flyway_schema_history" ...
2026-10-03 14:12:52 INFO  o.f.core.internal.command.DbMigrate - Current version of schema "public": << Empty Schema >>
2026-10-03 14:12:52 INFO  o.f.core.internal.command.DbMigrate - Migrating schema "public" to version "1 - esquema inicial"
2026-10-03 14:12:52 INFO  o.f.core.internal.command.DbMigrate - Migrating schema "public" to version "2 - datos de referencia"
2026-10-03 14:12:52 INFO  o.f.core.internal.command.DbMigrate - Migrating schema "public" to version "3 - montos calculados con todos los decimales"
2026-10-03 14:12:52 INFO  o.f.core.internal.command.DbMigrate - Migrating schema "public" to version "4 - estado inactivado por pagador"
2026-10-03 14:12:52 INFO  o.f.core.internal.command.DbMigrate - Migrating schema "public" to version "5 - lotes de dispersion"
2026-10-03 14:12:52 INFO  o.f.core.internal.command.DbMigrate - Migrating schema "public" to version "6 - alta de usuarios proveedor fuera de la carga"
2026-10-03 14:12:52 INFO  o.f.core.internal.command.DbMigrate - Migrating schema "public" to version "7 - eliminar niu de entidades"
2026-10-03 14:12:52 INFO  o.f.core.internal.command.DbMigrate - Migrating schema "public" to version "8 - eliminar rol operator"
2026-10-03 14:12:52 INFO  o.f.core.internal.command.DbMigrate - Migrating schema "public" to version "9 - recursos de carga"
2026-10-03 14:12:52 INFO  o.f.core.internal.command.DbMigrate - Migrating schema "public" to version "10 - manual de carga pdf"
2026-10-03 14:12:52 INFO  o.f.core.internal.command.DbMigrate - Migrating schema "public" to version "11 - bitacora de documentos operador"
2026-10-03 14:12:52 INFO  o.f.core.internal.command.DbMigrate - Successfully applied 11 migrations to schema "public", now at version v11 (execution time 00:00.156s)
2026-10-03 14:12:52 INFO  o.h.jpa.internal.util.LogHelper - HHH000204: Processing PersistenceUnitInfo [name: default]
2026-10-03 14:12:52 INFO  org.hibernate.Version - HHH000412: Hibernate ORM core version 6.5.2.Final
2026-10-03 14:12:52 INFO  o.h.c.i.RegionFactoryInitiator - HHH000026: Second-level cache disabled
2026-10-03 14:12:52 INFO  com.zaxxer.hikari.HikariDataSource - HikariPool-1 - Starting...
2026-10-03 14:12:52 INFO  com.zaxxer.hikari.pool.HikariPool - HikariPool-1 - Added connection org.postgresql.jdbc.PgConnection@e18d2a2
2026-10-03 14:12:52 INFO  com.zaxxer.hikari.HikariDataSource - HikariPool-1 - Start completed.
2026-10-03 14:12:52 WARN  org.hibernate.orm.deprecation - HHH90000025: PostgreSQLDialect does not need to be specified explicitly using 'hibernate.dialect' (remove the property setting and it will be selected by default)
2026-10-03 14:12:52 INFO  o.s.o.j.p.SpringPersistenceUnitInfo - No LoadTimeWeaver setup: ignoring JPA class transformer
2026-10-03 14:12:53 INFO  o.h.e.t.j.p.i.JtaPlatformInitiator - HHH000489: No JTA platform available (set 'hibernate.transaction.jta.platform' to enable JTA platform integration)
2026-10-03 14:12:53 INFO  o.s.o.j.LocalContainerEntityManagerFactoryBean - Initialized JPA EntityManagerFactory for persistence unit 'default'
2026-10-03 14:12:53 INFO  o.s.d.j.r.query.QueryEnhancerFactory - Hibernate is in classpath; If applicable, HQL parser will be used.
2026-10-03 14:12:54 INFO  c.d.f.r.DocumentDoubleFundingIndexTest - Started DocumentDoubleFundingIndexTest in 2.55 seconds (process running for 4.431)
2026-10-03 14:12:54 WARN  o.h.e.jdbc.spi.SqlExceptionHelper - SQL Error: 0, SQLState: 23505
2026-10-03 14:12:54 ERROR o.h.e.jdbc.spi.SqlExceptionHelper - ERROR: duplicate key value violates unique constraint "uq_documents_generation_code"
  Detail: Key (upper(generation_code::text))=(AB12CD34-0000-4000-8000-000000000001) already exists.
2026-10-03 14:12:54 WARN  o.h.e.jdbc.spi.SqlExceptionHelper - SQL Error: 0, SQLState: 23505
2026-10-03 14:12:54 ERROR o.h.e.jdbc.spi.SqlExceptionHelper - ERROR: duplicate key value violates unique constraint "uq_documents_received_stamp"
  Detail: Key (upper(received_stamp::text))=(AAAAAAAAAAAAAAAAAAAAAAAAAAAAAAAAAAAAAAAA) already exists.
2026-10-03 14:12:54 WARN  o.h.e.jdbc.spi.SqlExceptionHelper - SQL Error: 0, SQLState: 23505
2026-10-03 14:12:54 ERROR o.h.e.jdbc.spi.SqlExceptionHelper - ERROR: duplicate key value violates unique constraint "uq_documents_control_number"
  Detail: Key (upper(control_number::text))=(DTE-03-ABCD1234-000000000000001) already exists.
2026-10-03 14:12:54 WARN  o.h.e.jdbc.spi.SqlExceptionHelper - SQL Error: 0, SQLState: 23505
2026-10-03 14:12:54 ERROR o.h.e.jdbc.spi.SqlExceptionHelper - ERROR: duplicate key value violates unique constraint "uq_documents_paper_number_year"
  Detail: Key (master_agreement_id, document_number, EXTRACT(year FROM issue_date))=(9044da12-65f3-4df4-974d-46241262d9af, F-100, 2026) already exists.
2026-10-03 14:12:54 INFO  tc.postgres:16.9 - Creating container for image: postgres:16.9
2026-10-03 14:12:54 INFO  tc.postgres:16.9 - Container postgres:16.9 is starting: 7452a2d2bb2a836bda30d80d0dff5e8934cb75d54bf7c5bccd8409db21a7c300
2026-10-03 14:12:55 INFO  tc.postgres:16.9 - Container postgres:16.9 started in PT0.752652S
2026-10-03 14:12:55 INFO  tc.postgres:16.9 - Container is started (JDBC URL: jdbc:postgresql://localhost:60059/test?loggerLevel=OFF)
2026-10-03 14:12:55 INFO  org.flywaydb.core.FlywayExecutor - Database: jdbc:postgresql://localhost:60059/flyway_ref (PostgreSQL 16.9)
2026-10-03 14:12:55 INFO  o.f.c.i.s.JdbcTableSchemaHistory - Schema history table "public"."flyway_schema_history" does not exist yet
2026-10-03 14:12:55 INFO  o.f.core.internal.command.DbValidate - Successfully validated 11 migrations (execution time 00:00.003s)
2026-10-03 14:12:55 INFO  o.f.c.i.s.JdbcTableSchemaHistory - Creating Schema History table "public"."flyway_schema_history" ...
2026-10-03 14:12:55 INFO  o.f.core.internal.command.DbMigrate - Current version of schema "public": << Empty Schema >>
2026-10-03 14:12:55 INFO  o.f.core.internal.command.DbMigrate - Migrating schema "public" to version "1 - esquema inicial"
2026-10-03 14:12:55 INFO  o.f.core.internal.command.DbMigrate - Migrating schema "public" to version "2 - datos de referencia"
2026-10-03 14:12:55 INFO  o.f.core.internal.command.DbMigrate - Migrating schema "public" to version "3 - montos calculados con todos los decimales"
2026-10-03 14:12:55 INFO  o.f.core.internal.command.DbMigrate - Migrating schema "public" to version "4 - estado inactivado por pagador"
2026-10-03 14:12:55 INFO  o.f.core.internal.command.DbMigrate - Migrating schema "public" to version "5 - lotes de dispersion"
2026-10-03 14:12:55 INFO  o.f.core.internal.command.DbMigrate - Migrating schema "public" to version "6 - alta de usuarios proveedor fuera de la carga"
2026-10-03 14:12:55 INFO  o.f.core.internal.command.DbMigrate - Migrating schema "public" to version "7 - eliminar niu de entidades"
2026-10-03 14:12:55 INFO  o.f.core.internal.command.DbMigrate - Migrating schema "public" to version "8 - eliminar rol operator"
2026-10-03 14:12:55 INFO  o.f.core.internal.command.DbMigrate - Migrating schema "public" to version "9 - recursos de carga"
2026-10-03 14:12:55 INFO  o.f.core.internal.command.DbMigrate - Migrating schema "public" to version "10 - manual de carga pdf"
2026-10-03 14:12:55 INFO  o.f.core.internal.command.DbMigrate - Migrating schema "public" to version "11 - bitacora de documentos operador"
2026-10-03 14:12:55 INFO  o.f.core.internal.command.DbMigrate - Successfully applied 11 migrations to schema "public", now at version v11 (execution time 00:00.081s)
2026-10-03 14:12:56 INFO  org.flywaydb.core.FlywayExecutor - Database: jdbc:postgresql://localhost:60059/actualizacion (PostgreSQL 16.9)
2026-10-03 14:12:56 INFO  o.f.c.i.s.JdbcTableSchemaHistory - Schema history table "public"."flyway_schema_history" does not exist yet
2026-10-03 14:12:56 INFO  o.f.core.internal.command.DbValidate - Successfully validated 11 migrations (execution time 00:00.002s)
2026-10-03 14:12:56 INFO  o.f.c.i.s.JdbcTableSchemaHistory - Creating Schema History table "public"."flyway_schema_history" ...
2026-10-03 14:12:56 INFO  o.f.core.internal.command.DbMigrate - Current version of schema "public": << Empty Schema >>
2026-10-03 14:12:56 INFO  o.f.core.internal.command.DbMigrate - Migrating schema "public" to version "1 - esquema inicial"
2026-10-03 14:12:56 INFO  o.f.core.internal.command.DbMigrate - Migrating schema "public" to version "2 - datos de referencia"
2026-10-03 14:12:56 INFO  o.f.core.internal.command.DbMigrate - Migrating schema "public" to version "3 - montos calculados con todos los decimales"
2026-10-03 14:12:56 INFO  o.f.core.internal.command.DbMigrate - Migrating schema "public" to version "4 - estado inactivado por pagador"
2026-10-03 14:12:56 INFO  o.f.core.internal.command.DbMigrate - Migrating schema "public" to version "5 - lotes de dispersion"
2026-10-03 14:12:56 INFO  o.f.core.internal.command.DbMigrate - Migrating schema "public" to version "6 - alta de usuarios proveedor fuera de la carga"
2026-10-03 14:12:56 INFO  o.f.core.internal.command.DbMigrate - Migrating schema "public" to version "7 - eliminar niu de entidades"
2026-10-03 14:12:56 INFO  o.f.core.internal.command.DbMigrate - Migrating schema "public" to version "8 - eliminar rol operator"
2026-10-03 14:12:56 INFO  o.f.core.internal.command.DbMigrate - Successfully applied 8 migrations to schema "public", now at version v8 (execution time 00:00.061s)
2026-10-03 14:12:57 INFO  c.d.f.s.impl.DocumentServiceImpl - Cupo null liberado por inactivación de 1 documento(s): consumo $5000.00 -> $4000.00.
2026-10-03 14:12:57 INFO  c.d.f.s.impl.DocumentServiceImpl - Documento 32a638c7-78bd-4dd5-ad55-c152ffef23aa inactivado manualmente por el usuario 43f1bc08-1e15-4c78-b43f-7f626d8e310b.
2026-10-03 14:12:57 INFO  c.d.f.s.impl.DocumentServiceImpl - Cupo null liberado por inactivación de 1 documento(s): consumo $5000.00 -> $4000.00.
2026-10-03 14:12:57 INFO  c.d.f.s.impl.DocumentServiceImpl - Documento 3d223ea2-2ab3-4531-aa6e-2afc17c0abe5 inactivado manualmente por el usuario 3601237e-02b2-43a8-9657-1d033a3a3282.
2026-10-03 14:12:57 INFO  c.d.f.s.impl.DocumentServiceImpl - Fetching financeable documents for master agreement ID: dce590c9-e336-4917-bd39-6e309b7b4980
2026-10-03 14:12:57 INFO  c.d.f.s.impl.DocumentServiceImpl - Cupo null liberado por inactivación de 1 documento(s): consumo $5000.00 -> $4000.00.
2026-10-03 14:12:57 INFO  c.d.f.s.impl.DocumentServiceImpl - 1 documento(s) del convenio dce590c9-e336-4917-bd39-6e309b7b4980 pasaron a cuarentena por no ser financiables.
2026-10-03 14:12:57 INFO  c.d.f.s.i.DispersionBatchServiceImpl - Lote de dispersión DSP-20261002-FFF630 creado: pagador b1056ae8-a462-4bef-81ba-94280dfde5da, vencimiento 2026-09-20, 1 documento(s), total 100.00.
2026-10-03 14:12:57 INFO  c.d.f.s.i.DispersionBatchServiceImpl - Lote de dispersión DSP-20261002-ABC123 confirmado por el usuario aaa49cf7-adb2-4a5d-9392-48b9d383f178: 2 documento(s) dispersados.
2026-10-03 14:12:57 INFO  c.d.f.s.i.DispersionBatchServiceImpl - Lote de dispersión DSP-20261002-72CBBD creado: pagador 64da6cbf-9a04-4ef2-b2dc-902c7dca134a, vencimiento 2026-10-05, 2 documento(s), total 17347.00.
2026-10-03 14:12:58 ERROR c.d.f.service.impl.FundingCalculator - División por cero evitada: la base no puede ser cero.
2026-10-03 14:12:58 INFO  c.d.f.service.impl.FundingCalculator - [CALCULO] Totales | nominal 3500.55 | monto a financiar 3440.491071731711441470 | interés 60.058928268288558530 | comisión con IVA 9.719387277642084823 | a desembolsar 3430.771684454069356647
2026-10-03 14:12:58 INFO  c.d.f.s.i.UploadResourceServiceImpl - Recurso de carga TEMPLATE reemplazado por el usuario null (3345 bytes)
2026-10-03 14:12:58 INFO  c.d.f.s.i.UploadResourceServiceImpl - Recurso de carga MANUAL reemplazado por el usuario null (813 bytes)
2026-10-03 14:12:58 INFO  c.d.f.s.i.UploadResourceServiceImpl - Recurso de carga TEMPLATE reemplazado por el usuario null (3328 bytes)
2026-10-03 14:12:58 INFO  o.s.t.c.s.AnnotationConfigContextLoaderUtils - Could not detect default configuration classes for test class [com.davivienda.factoraje.infrastructure.config.SecurityConfigTest]: SecurityConfigTest does not declare any static, non-private, non-final, nested classes annotated with @Configuration.
2026-10-03 14:12:58 INFO  o.s.b.t.c.SpringBootTestContextBootstrapper - Found @SpringBootConfiguration com.davivienda.factoraje.FactorajeApplication for test class com.davivienda.factoraje.infrastructure.config.SecurityConfigTest
2026-10-03 14:12:58 INFO  o.s.b.d.r.RestartApplicationListener - Restart disabled due to context in which it is running
2026-10-03 14:12:58 WARN  o.s.b.t.j.DuplicateJsonObjectContextCustomizerFactory$DuplicateJsonObjectContextCustomizer - 

Found multiple occurrences of org.json.JSONObject on the class path:

	jar:file:/Users/ch/.m2/repository/org/json/json/20140107/json-20140107.jar!/org/json/JSONObject.class
	jar:file:/Users/ch/.m2/repository/com/vaadin/external/google/android-json/0.0.20131108.vaadin1/android-json-0.0.20131108.vaadin1.jar!/org/json/JSONObject.class

You may wish to exclude one of them to ensure predictable runtime behavior

2026-10-03 14:12:58 INFO  c.d.f.i.config.SecurityConfigTest - Starting SecurityConfigTest using Java 21.0.8 with PID 70952 (started by ch in /Users/ch/Documents/Desarrollo de sistemas/FinCXPXC/CXP_DAV_SERVER_REFACTOR)
2026-10-03 14:12:58 INFO  c.d.f.i.config.SecurityConfigTest - No active profile set, falling back to 1 default profile: "default"
2026-10-03 14:12:58 INFO  o.s.s.c.a.a.c.InitializeUserDetailsBeanManagerConfigurer$InitializeUserDetailsManagerConfigurer - Global AuthenticationManager configured with UserDetailsService bean with name inMemoryUserDetailsManager
2026-10-03 14:12:58 INFO  o.s.s.web.DefaultSecurityFilterChain - Will secure any request with [org.springframework.security.web.session.DisableEncodeUrlFilter@41034c9, org.springframework.security.web.context.request.async.WebAsyncManagerIntegrationFilter@2b74723f, org.springframework.security.web.context.SecurityContextHolderFilter@7308bd1d, org.springframework.security.web.header.HeaderWriterFilter@3a538cdd, org.springframework.web.filter.CorsFilter@79671c2b, org.springframework.security.web.authentication.logout.LogoutFilter@425b6c52, com.davivienda.factoraje.infrastructure.security.JwtAuthenticationFilter@2af02f92, org.springframework.security.web.savedrequest.RequestCacheAwareFilter@34d48c86, org.springframework.security.web.servletapi.SecurityContextHolderAwareRequestFilter@29a5ccf3, org.springframework.security.web.authentication.AnonymousAuthenticationFilter@3da045fe, org.springframework.security.web.session.SessionManagementFilter@619d83bf, org.springframework.security.web.access.ExceptionTranslationFilter@46f9c78b, org.springframework.security.web.access.intercept.AuthorizationFilter@964d5e9]
2026-10-03 14:12:59 INFO  o.s.b.t.m.w.SpringBootMockServletContext - Initializing Spring TestDispatcherServlet ''
2026-10-03 14:12:59 INFO  o.s.t.w.s.TestDispatcherServlet - Initializing Servlet ''
2026-10-03 14:12:59 INFO  o.s.t.w.s.TestDispatcherServlet - Completed initialization in 0 ms
2026-10-03 14:12:59 INFO  c.d.f.i.config.SecurityConfigTest - Started SecurityConfigTest in 0.609 seconds (process running for 9.155)
2026-10-03 14:12:59 INFO  o.s.o.j.LocalContainerEntityManagerFactoryBean - Closing JPA EntityManagerFactory for persistence unit 'default'
2026-10-03 14:12:59 INFO  com.zaxxer.hikari.HikariDataSource - HikariPool-1 - Shutdown initiated...
2026-10-03 14:12:59 INFO  com.zaxxer.hikari.HikariDataSource - HikariPool-1 - Shutdown completed.
2026-10-03 14:27:03 WARN  o.s.b.t.j.DuplicateJsonObjectContextCustomizerFactory$DuplicateJsonObjectContextCustomizer - 

Found multiple occurrences of org.json.JSONObject on the class path:

	jar:file:/Users/ch/.m2/repository/org/json/json/20140107/json-20140107.jar!/org/json/JSONObject.class
	jar:file:/Users/ch/.m2/repository/com/vaadin/external/google/android-json/0.0.20131108.vaadin1/android-json-0.0.20131108.vaadin1.jar!/org/json/JSONObject.class

You may wish to exclude one of them to ensure predictable runtime behavior

2026-10-03 14:27:03 INFO  c.d.f.r.DocumentDoubleFundingIndexTest - Starting DocumentDoubleFundingIndexTest using Java 21.0.8 with PID 84583 (started by ch in /Users/ch/Documents/Desarrollo de sistemas/FinCXPXC/CXP_DAV_SERVER_REFACTOR)
2026-10-03 14:27:03 INFO  c.d.f.r.DocumentDoubleFundingIndexTest - No active profile set, falling back to 1 default profile: "default"
2026-10-03 14:27:03 INFO  o.s.d.r.c.RepositoryConfigurationDelegate - Bootstrapping Spring Data JPA repositories in DEFAULT mode.
2026-10-03 14:27:03 INFO  o.s.d.r.c.RepositoryConfigurationDelegate - Finished Spring Data repository scanning in 45 ms. Found 27 JPA repository interfaces.
2026-10-03 14:27:03 INFO  org.flywaydb.core.FlywayExecutor - Database: jdbc:postgresql://localhost:60687/test (PostgreSQL 16.9)
2026-10-03 14:27:03 INFO  o.f.c.i.s.JdbcTableSchemaHistory - Schema history table "public"."flyway_schema_history" does not exist yet
2026-10-03 14:27:03 INFO  o.f.core.internal.command.DbValidate - Successfully validated 11 migrations (execution time 00:00.008s)
2026-10-03 14:27:03 INFO  o.f.c.i.s.JdbcTableSchemaHistory - Creating Schema History table "public"."flyway_schema_history" ...
2026-10-03 14:27:03 INFO  o.f.core.internal.command.DbMigrate - Current version of schema "public": << Empty Schema >>
2026-10-03 14:27:03 INFO  o.f.core.internal.command.DbMigrate - Migrating schema "public" to version "1 - esquema inicial"
2026-10-03 14:27:03 INFO  o.f.core.internal.command.DbMigrate - Migrating schema "public" to version "2 - datos de referencia"
2026-10-03 14:27:03 INFO  o.f.core.internal.command.DbMigrate - Migrating schema "public" to version "3 - montos calculados con todos los decimales"
2026-10-03 14:27:03 INFO  o.f.core.internal.command.DbMigrate - Migrating schema "public" to version "4 - estado inactivado por pagador"
2026-10-03 14:27:03 INFO  o.f.core.internal.command.DbMigrate - Migrating schema "public" to version "5 - lotes de dispersion"
2026-10-03 14:27:03 INFO  o.f.core.internal.command.DbMigrate - Migrating schema "public" to version "6 - alta de usuarios proveedor fuera de la carga"
2026-10-03 14:27:03 INFO  o.f.core.internal.command.DbMigrate - Migrating schema "public" to version "7 - eliminar niu de entidades"
2026-10-03 14:27:03 INFO  o.f.core.internal.command.DbMigrate - Migrating schema "public" to version "8 - eliminar rol operator"
2026-10-03 14:27:03 INFO  o.f.core.internal.command.DbMigrate - Migrating schema "public" to version "9 - recursos de carga"
2026-10-03 14:27:03 INFO  o.f.core.internal.command.DbMigrate - Migrating schema "public" to version "10 - manual de carga pdf"
2026-10-03 14:27:03 INFO  o.f.core.internal.command.DbMigrate - Migrating schema "public" to version "11 - bitacora de documentos operador"
2026-10-03 14:27:03 INFO  o.f.core.internal.command.DbMigrate - Successfully applied 11 migrations to schema "public", now at version v11 (execution time 00:00.089s)
2026-10-03 14:27:03 INFO  o.h.jpa.internal.util.LogHelper - HHH000204: Processing PersistenceUnitInfo [name: default]
2026-10-03 14:27:03 INFO  org.hibernate.Version - HHH000412: Hibernate ORM core version 6.5.2.Final
2026-10-03 14:27:03 INFO  o.h.c.i.RegionFactoryInitiator - HHH000026: Second-level cache disabled
2026-10-03 14:27:03 INFO  com.zaxxer.hikari.HikariDataSource - HikariPool-1 - Starting...
2026-10-03 14:27:03 INFO  com.zaxxer.hikari.pool.HikariPool - HikariPool-1 - Added connection org.postgresql.jdbc.PgConnection@4738131e
2026-10-03 14:27:03 INFO  com.zaxxer.hikari.HikariDataSource - HikariPool-1 - Start completed.
2026-10-03 14:27:03 WARN  org.hibernate.orm.deprecation - HHH90000025: PostgreSQLDialect does not need to be specified explicitly using 'hibernate.dialect' (remove the property setting and it will be selected by default)
2026-10-03 14:27:03 INFO  o.s.o.j.p.SpringPersistenceUnitInfo - No LoadTimeWeaver setup: ignoring JPA class transformer
2026-10-03 14:27:04 INFO  o.h.e.t.j.p.i.JtaPlatformInitiator - HHH000489: No JTA platform available (set 'hibernate.transaction.jta.platform' to enable JTA platform integration)
2026-10-03 14:27:04 INFO  o.s.o.j.LocalContainerEntityManagerFactoryBean - Initialized JPA EntityManagerFactory for persistence unit 'default'
2026-10-03 14:27:04 INFO  o.s.d.j.r.query.QueryEnhancerFactory - Hibernate is in classpath; If applicable, HQL parser will be used.
2026-10-03 14:27:05 INFO  c.d.f.r.DocumentDoubleFundingIndexTest - Started DocumentDoubleFundingIndexTest in 2.129 seconds (process running for 3.905)
2026-10-03 14:27:05 WARN  o.h.e.jdbc.spi.SqlExceptionHelper - SQL Error: 0, SQLState: 23505
2026-10-03 14:27:05 ERROR o.h.e.jdbc.spi.SqlExceptionHelper - ERROR: duplicate key value violates unique constraint "uq_documents_generation_code"
  Detail: Key (upper(generation_code::text))=(AB12CD34-0000-4000-8000-000000000001) already exists.
2026-10-03 14:27:05 WARN  o.h.e.jdbc.spi.SqlExceptionHelper - SQL Error: 0, SQLState: 23505
2026-10-03 14:27:05 ERROR o.h.e.jdbc.spi.SqlExceptionHelper - ERROR: duplicate key value violates unique constraint "uq_documents_received_stamp"
  Detail: Key (upper(received_stamp::text))=(AAAAAAAAAAAAAAAAAAAAAAAAAAAAAAAAAAAAAAAA) already exists.
2026-10-03 14:27:05 WARN  o.h.e.jdbc.spi.SqlExceptionHelper - SQL Error: 0, SQLState: 23505
2026-10-03 14:27:05 ERROR o.h.e.jdbc.spi.SqlExceptionHelper - ERROR: duplicate key value violates unique constraint "uq_documents_control_number"
  Detail: Key (upper(control_number::text))=(DTE-03-ABCD1234-000000000000001) already exists.
2026-10-03 14:27:05 WARN  o.h.e.jdbc.spi.SqlExceptionHelper - SQL Error: 0, SQLState: 23505
2026-10-03 14:27:05 ERROR o.h.e.jdbc.spi.SqlExceptionHelper - ERROR: duplicate key value violates unique constraint "uq_documents_paper_number_year"
  Detail: Key (master_agreement_id, document_number, EXTRACT(year FROM issue_date))=(34427754-505c-4295-80c1-338610771a19, F-100, 2026) already exists.
2026-10-03 14:27:05 INFO  tc.postgres:16.9 - Creating container for image: postgres:16.9
2026-10-03 14:27:05 INFO  tc.postgres:16.9 - Container postgres:16.9 is starting: ffd128a63c30836e1c356ff1f46d12438c1c5c975f2c7a11957d7759cca0dd36
2026-10-03 14:27:06 INFO  tc.postgres:16.9 - Container postgres:16.9 started in PT0.639165S
2026-10-03 14:27:06 INFO  tc.postgres:16.9 - Container is started (JDBC URL: jdbc:postgresql://localhost:60702/test?loggerLevel=OFF)
2026-10-03 14:27:06 INFO  org.flywaydb.core.FlywayExecutor - Database: jdbc:postgresql://localhost:60702/flyway_ref (PostgreSQL 16.9)
2026-10-03 14:27:06 INFO  o.f.c.i.s.JdbcTableSchemaHistory - Schema history table "public"."flyway_schema_history" does not exist yet
2026-10-03 14:27:06 INFO  o.f.core.internal.command.DbValidate - Successfully validated 11 migrations (execution time 00:00.003s)
2026-10-03 14:27:06 INFO  o.f.c.i.s.JdbcTableSchemaHistory - Creating Schema History table "public"."flyway_schema_history" ...
2026-10-03 14:27:06 INFO  o.f.core.internal.command.DbMigrate - Current version of schema "public": << Empty Schema >>
2026-10-03 14:27:06 INFO  o.f.core.internal.command.DbMigrate - Migrating schema "public" to version "1 - esquema inicial"
2026-10-03 14:27:06 INFO  o.f.core.internal.command.DbMigrate - Migrating schema "public" to version "2 - datos de referencia"
2026-10-03 14:27:06 INFO  o.f.core.internal.command.DbMigrate - Migrating schema "public" to version "3 - montos calculados con todos los decimales"
2026-10-03 14:27:06 INFO  o.f.core.internal.command.DbMigrate - Migrating schema "public" to version "4 - estado inactivado por pagador"
2026-10-03 14:27:06 INFO  o.f.core.internal.command.DbMigrate - Migrating schema "public" to version "5 - lotes de dispersion"
2026-10-03 14:27:06 INFO  o.f.core.internal.command.DbMigrate - Migrating schema "public" to version "6 - alta de usuarios proveedor fuera de la carga"
2026-10-03 14:27:06 INFO  o.f.core.internal.command.DbMigrate - Migrating schema "public" to version "7 - eliminar niu de entidades"
2026-10-03 14:27:06 INFO  o.f.core.internal.command.DbMigrate - Migrating schema "public" to version "8 - eliminar rol operator"
2026-10-03 14:27:06 INFO  o.f.core.internal.command.DbMigrate - Migrating schema "public" to version "9 - recursos de carga"
2026-10-03 14:27:06 INFO  o.f.core.internal.command.DbMigrate - Migrating schema "public" to version "10 - manual de carga pdf"
2026-10-03 14:27:06 INFO  o.f.core.internal.command.DbMigrate - Migrating schema "public" to version "11 - bitacora de documentos operador"
2026-10-03 14:27:06 INFO  o.f.core.internal.command.DbMigrate - Successfully applied 11 migrations to schema "public", now at version v11 (execution time 00:00.067s)
2026-10-03 14:27:06 INFO  org.flywaydb.core.FlywayExecutor - Database: jdbc:postgresql://localhost:60702/actualizacion (PostgreSQL 16.9)
2026-10-03 14:27:06 INFO  o.f.c.i.s.JdbcTableSchemaHistory - Schema history table "public"."flyway_schema_history" does not exist yet
2026-10-03 14:27:06 INFO  o.f.core.internal.command.DbValidate - Successfully validated 11 migrations (execution time 00:00.002s)
2026-10-03 14:27:06 INFO  o.f.c.i.s.JdbcTableSchemaHistory - Creating Schema History table "public"."flyway_schema_history" ...
2026-10-03 14:27:06 INFO  o.f.core.internal.command.DbMigrate - Current version of schema "public": << Empty Schema >>
2026-10-03 14:27:06 INFO  o.f.core.internal.command.DbMigrate - Migrating schema "public" to version "1 - esquema inicial"
2026-10-03 14:27:06 INFO  o.f.core.internal.command.DbMigrate - Migrating schema "public" to version "2 - datos de referencia"
2026-10-03 14:27:06 INFO  o.f.core.internal.command.DbMigrate - Migrating schema "public" to version "3 - montos calculados con todos los decimales"
2026-10-03 14:27:06 INFO  o.f.core.internal.command.DbMigrate - Migrating schema "public" to version "4 - estado inactivado por pagador"
2026-10-03 14:27:06 INFO  o.f.core.internal.command.DbMigrate - Migrating schema "public" to version "5 - lotes de dispersion"
2026-10-03 14:27:06 INFO  o.f.core.internal.command.DbMigrate - Migrating schema "public" to version "6 - alta de usuarios proveedor fuera de la carga"
2026-10-03 14:27:06 INFO  o.f.core.internal.command.DbMigrate - Migrating schema "public" to version "7 - eliminar niu de entidades"
2026-10-03 14:27:06 INFO  o.f.core.internal.command.DbMigrate - Migrating schema "public" to version "8 - eliminar rol operator"
2026-10-03 14:27:06 INFO  o.f.core.internal.command.DbMigrate - Successfully applied 8 migrations to schema "public", now at version v8 (execution time 00:00.061s)
2026-10-03 14:27:07 INFO  c.d.f.s.impl.DocumentServiceImpl - Cupo null liberado por inactivación de 1 documento(s): consumo $5000.00 -> $4000.00.
2026-10-03 14:27:07 INFO  c.d.f.s.impl.DocumentServiceImpl - Documento 54089391-0235-4ce5-85f0-c3895d371e99 inactivado manualmente por el usuario 856fe426-74be-4549-b0f4-13e25e9dd660.
2026-10-03 14:27:07 INFO  c.d.f.s.impl.DocumentServiceImpl - Cupo null liberado por inactivación de 1 documento(s): consumo $5000.00 -> $4000.00.
2026-10-03 14:27:07 INFO  c.d.f.s.impl.DocumentServiceImpl - Documento df3913f0-8709-4766-95f5-0cb5e0675a79 inactivado manualmente por el usuario 209101ad-1fcd-413f-9006-74b9832ee8a1.
2026-10-03 14:27:07 INFO  c.d.f.s.impl.DocumentServiceImpl - Fetching financeable documents for master agreement ID: 71774d74-58fa-4065-9b88-5991d5df597c
2026-10-03 14:27:07 INFO  c.d.f.s.impl.DocumentServiceImpl - Cupo null liberado por inactivación de 1 documento(s): consumo $5000.00 -> $4000.00.
2026-10-03 14:27:07 INFO  c.d.f.s.impl.DocumentServiceImpl - 1 documento(s) del convenio 71774d74-58fa-4065-9b88-5991d5df597c pasaron a cuarentena por no ser financiables.
2026-10-03 14:27:08 INFO  c.d.f.s.i.DispersionBatchServiceImpl - Lote de dispersión DSP-20261002-5CB525 creado: pagador fa9c2167-80e1-41c2-bb45-df56b98d31c4, vencimiento 2026-09-20, 1 documento(s), total 100.00.
2026-10-03 14:27:08 INFO  c.d.f.s.i.DispersionBatchServiceImpl - Lote de dispersión DSP-20261002-ABC123 confirmado por el usuario fa66d245-de34-4dce-b5f1-62b8b5cc79be: 2 documento(s) dispersados.
2026-10-03 14:27:08 INFO  c.d.f.s.i.DispersionBatchServiceImpl - Lote de dispersión DSP-20261002-17E0D7 creado: pagador a5c915c9-1885-499c-bcfb-73a48c1009e1, vencimiento 2026-10-05, 2 documento(s), total 17347.00.
2026-10-03 14:27:08 ERROR c.d.f.service.impl.FundingCalculator - División por cero evitada: la base no puede ser cero.
2026-10-03 14:27:08 INFO  c.d.f.service.impl.FundingCalculator - [CALCULO] Totales | nominal 3500.55 | monto a financiar 3440.491071731711441470 | interés 60.058928268288558530 | comisión con IVA 9.719387277642084823 | a desembolsar 3430.771684454069356647
2026-10-03 14:27:09 INFO  c.d.f.s.i.UploadResourceServiceImpl - Recurso de carga TEMPLATE reemplazado por el usuario null (3345 bytes)
2026-10-03 14:27:09 INFO  c.d.f.s.i.UploadResourceServiceImpl - Recurso de carga MANUAL reemplazado por el usuario null (813 bytes)
2026-10-03 14:27:09 INFO  c.d.f.s.i.UploadResourceServiceImpl - Recurso de carga TEMPLATE reemplazado por el usuario null (3328 bytes)
2026-10-03 14:27:09 INFO  o.s.t.c.s.AnnotationConfigContextLoaderUtils - Could not detect default configuration classes for test class [com.davivienda.factoraje.infrastructure.config.SecurityConfigTest]: SecurityConfigTest does not declare any static, non-private, non-final, nested classes annotated with @Configuration.
2026-10-03 14:27:09 INFO  o.s.b.t.c.SpringBootTestContextBootstrapper - Found @SpringBootConfiguration com.davivienda.factoraje.FactorajeApplication for test class com.davivienda.factoraje.infrastructure.config.SecurityConfigTest
2026-10-03 14:27:09 INFO  o.s.b.d.r.RestartApplicationListener - Restart disabled due to context in which it is running
2026-10-03 14:27:09 WARN  o.s.b.t.j.DuplicateJsonObjectContextCustomizerFactory$DuplicateJsonObjectContextCustomizer - 

Found multiple occurrences of org.json.JSONObject on the class path:

	jar:file:/Users/ch/.m2/repository/org/json/json/20140107/json-20140107.jar!/org/json/JSONObject.class
	jar:file:/Users/ch/.m2/repository/com/vaadin/external/google/android-json/0.0.20131108.vaadin1/android-json-0.0.20131108.vaadin1.jar!/org/json/JSONObject.class

You may wish to exclude one of them to ensure predictable runtime behavior

2026-10-03 14:27:09 INFO  c.d.f.i.config.SecurityConfigTest - Starting SecurityConfigTest using Java 21.0.8 with PID 84583 (started by ch in /Users/ch/Documents/Desarrollo de sistemas/FinCXPXC/CXP_DAV_SERVER_REFACTOR)
2026-10-03 14:27:09 INFO  c.d.f.i.config.SecurityConfigTest - No active profile set, falling back to 1 default profile: "default"
2026-10-03 14:27:09 INFO  o.s.s.c.a.a.c.InitializeUserDetailsBeanManagerConfigurer$InitializeUserDetailsManagerConfigurer - Global AuthenticationManager configured with UserDetailsService bean with name inMemoryUserDetailsManager
2026-10-03 14:27:09 INFO  o.s.s.web.DefaultSecurityFilterChain - Will secure any request with [org.springframework.security.web.session.DisableEncodeUrlFilter@61241c4d, org.springframework.security.web.context.request.async.WebAsyncManagerIntegrationFilter@69abe626, org.springframework.security.web.context.SecurityContextHolderFilter@7f39d5f2, org.springframework.security.web.header.HeaderWriterFilter@1f2956f1, org.springframework.web.filter.CorsFilter@50043914, org.springframework.security.web.authentication.logout.LogoutFilter@185c7635, com.davivienda.factoraje.infrastructure.security.JwtAuthenticationFilter@490857ea, org.springframework.security.web.savedrequest.RequestCacheAwareFilter@3c6c3ae8, org.springframework.security.web.servletapi.SecurityContextHolderAwareRequestFilter@1bd89be8, org.springframework.security.web.authentication.AnonymousAuthenticationFilter@406f7217, org.springframework.security.web.session.SessionManagementFilter@1ae9ce0a, org.springframework.security.web.access.ExceptionTranslationFilter@5c607c76, org.springframework.security.web.access.intercept.AuthorizationFilter@5c8a91ae]
2026-10-03 14:27:09 INFO  o.s.b.t.m.w.SpringBootMockServletContext - Initializing Spring TestDispatcherServlet ''
2026-10-03 14:27:09 INFO  o.s.t.w.s.TestDispatcherServlet - Initializing Servlet ''
2026-10-03 14:27:09 INFO  o.s.t.w.s.TestDispatcherServlet - Completed initialization in 0 ms
2026-10-03 14:27:09 INFO  c.d.f.i.config.SecurityConfigTest - Started SecurityConfigTest in 0.763 seconds (process running for 8.648)
2026-10-03 14:27:09 INFO  o.s.o.j.LocalContainerEntityManagerFactoryBean - Closing JPA EntityManagerFactory for persistence unit 'default'
2026-10-03 14:27:09 INFO  com.zaxxer.hikari.HikariDataSource - HikariPool-1 - Shutdown initiated...
2026-10-03 14:27:09 INFO  com.zaxxer.hikari.HikariDataSource - HikariPool-1 - Shutdown completed.
2026-10-03 14:28:09 WARN  o.s.b.t.j.DuplicateJsonObjectContextCustomizerFactory$DuplicateJsonObjectContextCustomizer - 

Found multiple occurrences of org.json.JSONObject on the class path:

	jar:file:/Users/ch/.m2/repository/org/json/json/20140107/json-20140107.jar!/org/json/JSONObject.class
	jar:file:/Users/ch/.m2/repository/com/vaadin/external/google/android-json/0.0.20131108.vaadin1/android-json-0.0.20131108.vaadin1.jar!/org/json/JSONObject.class

You may wish to exclude one of them to ensure predictable runtime behavior

2026-10-03 14:28:09 INFO  c.d.f.r.DocumentDoubleFundingIndexTest - Starting DocumentDoubleFundingIndexTest using Java 21.0.8 with PID 85645 (started by ch in /Users/ch/Documents/Desarrollo de sistemas/FinCXPXC/CXP_DAV_SERVER_REFACTOR)
2026-10-03 14:28:09 INFO  c.d.f.r.DocumentDoubleFundingIndexTest - No active profile set, falling back to 1 default profile: "default"
2026-10-03 14:28:09 INFO  o.s.d.r.c.RepositoryConfigurationDelegate - Bootstrapping Spring Data JPA repositories in DEFAULT mode.
2026-10-03 14:28:09 INFO  o.s.d.r.c.RepositoryConfigurationDelegate - Finished Spring Data repository scanning in 46 ms. Found 27 JPA repository interfaces.
2026-10-03 14:28:10 INFO  org.flywaydb.core.FlywayExecutor - Database: jdbc:postgresql://localhost:60837/test (PostgreSQL 16.9)
2026-10-03 14:28:10 INFO  o.f.c.i.s.JdbcTableSchemaHistory - Schema history table "public"."flyway_schema_history" does not exist yet
2026-10-03 14:28:10 INFO  o.f.core.internal.command.DbValidate - Successfully validated 11 migrations (execution time 00:00.008s)
2026-10-03 14:28:10 INFO  o.f.c.i.s.JdbcTableSchemaHistory - Creating Schema History table "public"."flyway_schema_history" ...
2026-10-03 14:28:10 INFO  o.f.core.internal.command.DbMigrate - Current version of schema "public": << Empty Schema >>
2026-10-03 14:28:10 INFO  o.f.core.internal.command.DbMigrate - Migrating schema "public" to version "1 - esquema inicial"
2026-10-03 14:28:10 INFO  o.f.core.internal.command.DbMigrate - Migrating schema "public" to version "2 - datos de referencia"
2026-10-03 14:28:10 INFO  o.f.core.internal.command.DbMigrate - Migrating schema "public" to version "3 - montos calculados con todos los decimales"
2026-10-03 14:28:10 INFO  o.f.core.internal.command.DbMigrate - Migrating schema "public" to version "4 - estado inactivado por pagador"
2026-10-03 14:28:10 INFO  o.f.core.internal.command.DbMigrate - Migrating schema "public" to version "5 - lotes de dispersion"
2026-10-03 14:28:10 INFO  o.f.core.internal.command.DbMigrate - Migrating schema "public" to version "6 - alta de usuarios proveedor fuera de la carga"
2026-10-03 14:28:10 INFO  o.f.core.internal.command.DbMigrate - Migrating schema "public" to version "7 - eliminar niu de entidades"
2026-10-03 14:28:10 INFO  o.f.core.internal.command.DbMigrate - Migrating schema "public" to version "8 - eliminar rol operator"
2026-10-03 14:28:10 INFO  o.f.core.internal.command.DbMigrate - Migrating schema "public" to version "9 - recursos de carga"
2026-10-03 14:28:10 INFO  o.f.core.internal.command.DbMigrate - Migrating schema "public" to version "10 - manual de carga pdf"
2026-10-03 14:28:10 INFO  o.f.core.internal.command.DbMigrate - Migrating schema "public" to version "11 - bitacora de documentos operador"
2026-10-03 14:28:10 INFO  o.f.core.internal.command.DbMigrate - Successfully applied 11 migrations to schema "public", now at version v11 (execution time 00:00.086s)
2026-10-03 14:28:10 INFO  o.h.jpa.internal.util.LogHelper - HHH000204: Processing PersistenceUnitInfo [name: default]
2026-10-03 14:28:10 INFO  org.hibernate.Version - HHH000412: Hibernate ORM core version 6.5.2.Final
2026-10-03 14:28:10 INFO  o.h.c.i.RegionFactoryInitiator - HHH000026: Second-level cache disabled
2026-10-03 14:28:10 INFO  com.zaxxer.hikari.HikariDataSource - HikariPool-1 - Starting...
2026-10-03 14:28:10 INFO  com.zaxxer.hikari.pool.HikariPool - HikariPool-1 - Added connection org.postgresql.jdbc.PgConnection@e18d2a2
2026-10-03 14:28:10 INFO  com.zaxxer.hikari.HikariDataSource - HikariPool-1 - Start completed.
2026-10-03 14:28:10 WARN  org.hibernate.orm.deprecation - HHH90000025: PostgreSQLDialect does not need to be specified explicitly using 'hibernate.dialect' (remove the property setting and it will be selected by default)
2026-10-03 14:28:10 INFO  o.s.o.j.p.SpringPersistenceUnitInfo - No LoadTimeWeaver setup: ignoring JPA class transformer
2026-10-03 14:28:11 INFO  o.h.e.t.j.p.i.JtaPlatformInitiator - HHH000489: No JTA platform available (set 'hibernate.transaction.jta.platform' to enable JTA platform integration)
2026-10-03 14:28:11 INFO  o.s.o.j.LocalContainerEntityManagerFactoryBean - Initialized JPA EntityManagerFactory for persistence unit 'default'
2026-10-03 14:28:11 INFO  o.s.d.j.r.query.QueryEnhancerFactory - Hibernate is in classpath; If applicable, HQL parser will be used.
2026-10-03 14:28:11 INFO  c.d.f.r.DocumentDoubleFundingIndexTest - Started DocumentDoubleFundingIndexTest in 2.077 seconds (process running for 3.82)
2026-10-03 14:28:12 WARN  o.h.e.jdbc.spi.SqlExceptionHelper - SQL Error: 0, SQLState: 23505
2026-10-03 14:28:12 ERROR o.h.e.jdbc.spi.SqlExceptionHelper - ERROR: duplicate key value violates unique constraint "uq_documents_generation_code"
  Detail: Key (upper(generation_code::text))=(AB12CD34-0000-4000-8000-000000000001) already exists.
2026-10-03 14:28:12 WARN  o.h.e.jdbc.spi.SqlExceptionHelper - SQL Error: 0, SQLState: 23505
2026-10-03 14:28:12 ERROR o.h.e.jdbc.spi.SqlExceptionHelper - ERROR: duplicate key value violates unique constraint "uq_documents_received_stamp"
  Detail: Key (upper(received_stamp::text))=(AAAAAAAAAAAAAAAAAAAAAAAAAAAAAAAAAAAAAAAA) already exists.
2026-10-03 14:28:12 WARN  o.h.e.jdbc.spi.SqlExceptionHelper - SQL Error: 0, SQLState: 23505
2026-10-03 14:28:12 ERROR o.h.e.jdbc.spi.SqlExceptionHelper - ERROR: duplicate key value violates unique constraint "uq_documents_control_number"
  Detail: Key (upper(control_number::text))=(DTE-03-ABCD1234-000000000000001) already exists.
2026-10-03 14:28:12 WARN  o.h.e.jdbc.spi.SqlExceptionHelper - SQL Error: 0, SQLState: 23505
2026-10-03 14:28:12 ERROR o.h.e.jdbc.spi.SqlExceptionHelper - ERROR: duplicate key value violates unique constraint "uq_documents_paper_number_year"
  Detail: Key (master_agreement_id, document_number, EXTRACT(year FROM issue_date))=(9a65a850-a87e-40b2-a315-ecaef7b83404, F-100, 2026) already exists.
2026-10-03 14:28:12 INFO  tc.postgres:16.9 - Creating container for image: postgres:16.9
2026-10-03 14:28:12 INFO  tc.postgres:16.9 - Container postgres:16.9 is starting: e76147b167d8b81fe97ddf8d56bfb3c80d6fd76898cebd5d31cab6b9d51759d0
2026-10-03 14:28:12 INFO  tc.postgres:16.9 - Container postgres:16.9 started in PT0.656204S
2026-10-03 14:28:12 INFO  tc.postgres:16.9 - Container is started (JDBC URL: jdbc:postgresql://localhost:60851/test?loggerLevel=OFF)
2026-10-03 14:28:12 INFO  org.flywaydb.core.FlywayExecutor - Database: jdbc:postgresql://localhost:60851/flyway_ref (PostgreSQL 16.9)
2026-10-03 14:28:12 INFO  o.f.c.i.s.JdbcTableSchemaHistory - Schema history table "public"."flyway_schema_history" does not exist yet
2026-10-03 14:28:12 INFO  o.f.core.internal.command.DbValidate - Successfully validated 11 migrations (execution time 00:00.003s)
2026-10-03 14:28:12 INFO  o.f.c.i.s.JdbcTableSchemaHistory - Creating Schema History table "public"."flyway_schema_history" ...
2026-10-03 14:28:12 INFO  o.f.core.internal.command.DbMigrate - Current version of schema "public": << Empty Schema >>
2026-10-03 14:28:12 INFO  o.f.core.internal.command.DbMigrate - Migrating schema "public" to version "1 - esquema inicial"
2026-10-03 14:28:13 INFO  o.f.core.internal.command.DbMigrate - Migrating schema "public" to version "2 - datos de referencia"
2026-10-03 14:28:13 INFO  o.f.core.internal.command.DbMigrate - Migrating schema "public" to version "3 - montos calculados con todos los decimales"
2026-10-03 14:28:13 INFO  o.f.core.internal.command.DbMigrate - Migrating schema "public" to version "4 - estado inactivado por pagador"
2026-10-03 14:28:13 INFO  o.f.core.internal.command.DbMigrate - Migrating schema "public" to version "5 - lotes de dispersion"
2026-10-03 14:28:13 INFO  o.f.core.internal.command.DbMigrate - Migrating schema "public" to version "6 - alta de usuarios proveedor fuera de la carga"
2026-10-03 14:28:13 INFO  o.f.core.internal.command.DbMigrate - Migrating schema "public" to version "7 - eliminar niu de entidades"
2026-10-03 14:28:13 INFO  o.f.core.internal.command.DbMigrate - Migrating schema "public" to version "8 - eliminar rol operator"
2026-10-03 14:28:13 INFO  o.f.core.internal.command.DbMigrate - Migrating schema "public" to version "9 - recursos de carga"
2026-10-03 14:28:13 INFO  o.f.core.internal.command.DbMigrate - Migrating schema "public" to version "10 - manual de carga pdf"
2026-10-03 14:28:13 INFO  o.f.core.internal.command.DbMigrate - Migrating schema "public" to version "11 - bitacora de documentos operador"
2026-10-03 14:28:13 INFO  o.f.core.internal.command.DbMigrate - Successfully applied 11 migrations to schema "public", now at version v11 (execution time 00:00.070s)
2026-10-03 14:28:13 INFO  org.flywaydb.core.FlywayExecutor - Database: jdbc:postgresql://localhost:60851/actualizacion (PostgreSQL 16.9)
2026-10-03 14:28:13 INFO  o.f.c.i.s.JdbcTableSchemaHistory - Schema history table "public"."flyway_schema_history" does not exist yet
2026-10-03 14:28:13 INFO  o.f.core.internal.command.DbValidate - Successfully validated 11 migrations (execution time 00:00.002s)
2026-10-03 14:28:13 INFO  o.f.c.i.s.JdbcTableSchemaHistory - Creating Schema History table "public"."flyway_schema_history" ...
2026-10-03 14:28:13 INFO  o.f.core.internal.command.DbMigrate - Current version of schema "public": << Empty Schema >>
2026-10-03 14:28:13 INFO  o.f.core.internal.command.DbMigrate - Migrating schema "public" to version "1 - esquema inicial"
2026-10-03 14:28:13 INFO  o.f.core.internal.command.DbMigrate - Migrating schema "public" to version "2 - datos de referencia"
2026-10-03 14:28:13 INFO  o.f.core.internal.command.DbMigrate - Migrating schema "public" to version "3 - montos calculados con todos los decimales"
2026-10-03 14:28:13 INFO  o.f.core.internal.command.DbMigrate - Migrating schema "public" to version "4 - estado inactivado por pagador"
2026-10-03 14:28:13 INFO  o.f.core.internal.command.DbMigrate - Migrating schema "public" to version "5 - lotes de dispersion"
2026-10-03 14:28:13 INFO  o.f.core.internal.command.DbMigrate - Migrating schema "public" to version "6 - alta de usuarios proveedor fuera de la carga"
2026-10-03 14:28:13 INFO  o.f.core.internal.command.DbMigrate - Migrating schema "public" to version "7 - eliminar niu de entidades"
2026-10-03 14:28:13 INFO  o.f.core.internal.command.DbMigrate - Migrating schema "public" to version "8 - eliminar rol operator"
2026-10-03 14:28:13 INFO  o.f.core.internal.command.DbMigrate - Successfully applied 8 migrations to schema "public", now at version v8 (execution time 00:00.056s)
2026-10-03 14:28:14 INFO  c.d.f.s.impl.DocumentServiceImpl - Cupo null liberado por inactivación de 1 documento(s): consumo $5000.00 -> $4000.00.
2026-10-03 14:28:14 INFO  c.d.f.s.impl.DocumentServiceImpl - Documento be102f74-3941-419e-bc03-a37c945141ab inactivado manualmente por el usuario f9d5b1fa-9852-42d3-b8a5-d9cdbdd23703.
2026-10-03 14:28:14 INFO  c.d.f.s.impl.DocumentServiceImpl - Cupo null liberado por inactivación de 1 documento(s): consumo $5000.00 -> $4000.00.
2026-10-03 14:28:14 INFO  c.d.f.s.impl.DocumentServiceImpl - Documento 8b53efb4-d647-4654-9b01-a9b477b00501 inactivado manualmente por el usuario 5a3bbbbb-c00a-4e1f-a154-14bb61831e04.
2026-10-03 14:28:14 INFO  c.d.f.s.impl.DocumentServiceImpl - Fetching financeable documents for master agreement ID: 7325883c-b668-4021-af14-27653d78dd2a
2026-10-03 14:28:14 INFO  c.d.f.s.impl.DocumentServiceImpl - Cupo null liberado por inactivación de 1 documento(s): consumo $5000.00 -> $4000.00.
2026-10-03 14:28:14 INFO  c.d.f.s.impl.DocumentServiceImpl - 1 documento(s) del convenio 7325883c-b668-4021-af14-27653d78dd2a pasaron a cuarentena por no ser financiables.
2026-10-03 14:28:14 INFO  c.d.f.s.i.DispersionBatchServiceImpl - Lote de dispersión DSP-20261002-FBE929 creado: pagador 0da272f3-f856-47e2-88ad-63f0fc30d70e, vencimiento 2026-09-20, 1 documento(s), total 100.00.
2026-10-03 14:28:14 INFO  c.d.f.s.i.DispersionBatchServiceImpl - Lote de dispersión DSP-20261002-ABC123 confirmado por el usuario f42899a5-1c46-4111-b761-fc2069f0d123: 2 documento(s) dispersados.
2026-10-03 14:28:14 INFO  c.d.f.s.i.DispersionBatchServiceImpl - Lote de dispersión DSP-20261002-E57129 creado: pagador 64aadf3b-5ab9-4a64-9f20-b7521fe789dc, vencimiento 2026-10-05, 2 documento(s), total 17347.00.
2026-10-03 14:28:15 ERROR c.d.f.service.impl.FundingCalculator - División por cero evitada: la base no puede ser cero.
2026-10-03 14:28:15 INFO  c.d.f.service.impl.FundingCalculator - [CALCULO] Totales | nominal 3500.55 | monto a financiar 3440.491071731711441470 | interés 60.058928268288558530 | comisión con IVA 9.719387277642084823 | a desembolsar 3430.771684454069356647
2026-10-03 14:28:15 INFO  c.d.f.s.i.UploadResourceServiceImpl - Recurso de carga TEMPLATE reemplazado por el usuario null (3345 bytes)
2026-10-03 14:28:15 INFO  c.d.f.s.i.UploadResourceServiceImpl - Recurso de carga MANUAL reemplazado por el usuario null (813 bytes)
2026-10-03 14:28:15 INFO  c.d.f.s.i.UploadResourceServiceImpl - Recurso de carga TEMPLATE reemplazado por el usuario null (3328 bytes)
2026-10-03 14:28:15 INFO  o.s.t.c.s.AnnotationConfigContextLoaderUtils - Could not detect default configuration classes for test class [com.davivienda.factoraje.infrastructure.config.SecurityConfigTest]: SecurityConfigTest does not declare any static, non-private, non-final, nested classes annotated with @Configuration.
2026-10-03 14:28:15 INFO  o.s.b.t.c.SpringBootTestContextBootstrapper - Found @SpringBootConfiguration com.davivienda.factoraje.FactorajeApplication for test class com.davivienda.factoraje.infrastructure.config.SecurityConfigTest
2026-10-03 14:28:15 INFO  o.s.b.d.r.RestartApplicationListener - Restart disabled due to context in which it is running
2026-10-03 14:28:15 WARN  o.s.b.t.j.DuplicateJsonObjectContextCustomizerFactory$DuplicateJsonObjectContextCustomizer - 

Found multiple occurrences of org.json.JSONObject on the class path:

	jar:file:/Users/ch/.m2/repository/org/json/json/20140107/json-20140107.jar!/org/json/JSONObject.class
	jar:file:/Users/ch/.m2/repository/com/vaadin/external/google/android-json/0.0.20131108.vaadin1/android-json-0.0.20131108.vaadin1.jar!/org/json/JSONObject.class

You may wish to exclude one of them to ensure predictable runtime behavior

2026-10-03 14:28:15 INFO  c.d.f.i.config.SecurityConfigTest - Starting SecurityConfigTest using Java 21.0.8 with PID 85645 (started by ch in /Users/ch/Documents/Desarrollo de sistemas/FinCXPXC/CXP_DAV_SERVER_REFACTOR)
2026-10-03 14:28:15 INFO  c.d.f.i.config.SecurityConfigTest - No active profile set, falling back to 1 default profile: "default"
2026-10-03 14:28:15 INFO  o.s.s.c.a.a.c.InitializeUserDetailsBeanManagerConfigurer$InitializeUserDetailsManagerConfigurer - Global AuthenticationManager configured with UserDetailsService bean with name inMemoryUserDetailsManager
2026-10-03 14:28:16 INFO  o.s.s.web.DefaultSecurityFilterChain - Will secure any request with [org.springframework.security.web.session.DisableEncodeUrlFilter@3e4f0fca, org.springframework.security.web.context.request.async.WebAsyncManagerIntegrationFilter@170db95f, org.springframework.security.web.context.SecurityContextHolderFilter@5cb62d0, org.springframework.security.web.header.HeaderWriterFilter@50043914, org.springframework.web.filter.CorsFilter@5f4dd848, org.springframework.security.web.authentication.logout.LogoutFilter@5a04007e, com.davivienda.factoraje.infrastructure.security.JwtAuthenticationFilter@32585df, org.springframework.security.web.savedrequest.RequestCacheAwareFilter@179fc045, org.springframework.security.web.servletapi.SecurityContextHolderAwareRequestFilter@7e5d3699, org.springframework.security.web.authentication.AnonymousAuthenticationFilter@964d5e9, org.springframework.security.web.session.SessionManagementFilter@2a3e2e2e, org.springframework.security.web.access.ExceptionTranslationFilter@61241c4d, org.springframework.security.web.access.intercept.AuthorizationFilter@563fea86]
2026-10-03 14:28:16 INFO  o.s.b.t.m.w.SpringBootMockServletContext - Initializing Spring TestDispatcherServlet ''
2026-10-03 14:28:16 INFO  o.s.t.w.s.TestDispatcherServlet - Initializing Servlet ''
2026-10-03 14:28:16 INFO  o.s.t.w.s.TestDispatcherServlet - Completed initialization in 0 ms
2026-10-03 14:28:16 INFO  c.d.f.i.config.SecurityConfigTest - Started SecurityConfigTest in 0.48 seconds (process running for 8.178)
2026-10-03 14:28:16 INFO  o.s.o.j.LocalContainerEntityManagerFactoryBean - Closing JPA EntityManagerFactory for persistence unit 'default'
2026-10-03 14:28:16 INFO  com.zaxxer.hikari.HikariDataSource - HikariPool-1 - Shutdown initiated...
2026-10-03 14:28:16 INFO  com.zaxxer.hikari.HikariDataSource - HikariPool-1 - Shutdown completed.
2026-10-03 14:29:20 WARN  o.s.b.t.j.DuplicateJsonObjectContextCustomizerFactory$DuplicateJsonObjectContextCustomizer - 

Found multiple occurrences of org.json.JSONObject on the class path:

	jar:file:/Users/ch/.m2/repository/org/json/json/20140107/json-20140107.jar!/org/json/JSONObject.class
	jar:file:/Users/ch/.m2/repository/com/vaadin/external/google/android-json/0.0.20131108.vaadin1/android-json-0.0.20131108.vaadin1.jar!/org/json/JSONObject.class

You may wish to exclude one of them to ensure predictable runtime behavior

2026-10-03 14:29:20 INFO  c.d.f.r.DocumentDoubleFundingIndexTest - Starting DocumentDoubleFundingIndexTest using Java 21.0.8 with PID 86746 (started by ch in /Users/ch/Documents/Desarrollo de sistemas/FinCXPXC/CXP_DAV_SERVER_REFACTOR)
2026-10-03 14:29:20 INFO  c.d.f.r.DocumentDoubleFundingIndexTest - No active profile set, falling back to 1 default profile: "default"
2026-10-03 14:29:20 INFO  o.s.d.r.c.RepositoryConfigurationDelegate - Bootstrapping Spring Data JPA repositories in DEFAULT mode.
2026-10-03 14:29:20 INFO  o.s.d.r.c.RepositoryConfigurationDelegate - Finished Spring Data repository scanning in 50 ms. Found 27 JPA repository interfaces.
2026-10-03 14:29:20 INFO  org.flywaydb.core.FlywayExecutor - Database: jdbc:postgresql://localhost:61003/test (PostgreSQL 16.9)
2026-10-03 14:29:20 INFO  o.f.c.i.s.JdbcTableSchemaHistory - Schema history table "public"."flyway_schema_history" does not exist yet
2026-10-03 14:29:20 INFO  o.f.core.internal.command.DbValidate - Successfully validated 11 migrations (execution time 00:00.009s)
2026-10-03 14:29:20 INFO  o.f.c.i.s.JdbcTableSchemaHistory - Creating Schema History table "public"."flyway_schema_history" ...
2026-10-03 14:29:20 INFO  o.f.core.internal.command.DbMigrate - Current version of schema "public": << Empty Schema >>
2026-10-03 14:29:20 INFO  o.f.core.internal.command.DbMigrate - Migrating schema "public" to version "1 - esquema inicial"
2026-10-03 14:29:20 INFO  o.f.core.internal.command.DbMigrate - Migrating schema "public" to version "2 - datos de referencia"
2026-10-03 14:29:20 INFO  o.f.core.internal.command.DbMigrate - Migrating schema "public" to version "3 - montos calculados con todos los decimales"
2026-10-03 14:29:20 INFO  o.f.core.internal.command.DbMigrate - Migrating schema "public" to version "4 - estado inactivado por pagador"
2026-10-03 14:29:20 INFO  o.f.core.internal.command.DbMigrate - Migrating schema "public" to version "5 - lotes de dispersion"
2026-10-03 14:29:20 INFO  o.f.core.internal.command.DbMigrate - Migrating schema "public" to version "6 - alta de usuarios proveedor fuera de la carga"
2026-10-03 14:29:20 INFO  o.f.core.internal.command.DbMigrate - Migrating schema "public" to version "7 - eliminar niu de entidades"
2026-10-03 14:29:20 INFO  o.f.core.internal.command.DbMigrate - Migrating schema "public" to version "8 - eliminar rol operator"
2026-10-03 14:29:20 INFO  o.f.core.internal.command.DbMigrate - Migrating schema "public" to version "9 - recursos de carga"
2026-10-03 14:29:20 INFO  o.f.core.internal.command.DbMigrate - Migrating schema "public" to version "10 - manual de carga pdf"
2026-10-03 14:29:20 INFO  o.f.core.internal.command.DbMigrate - Migrating schema "public" to version "11 - bitacora de documentos operador"
2026-10-03 14:29:20 INFO  o.f.core.internal.command.DbMigrate - Successfully applied 11 migrations to schema "public", now at version v11 (execution time 00:00.091s)
2026-10-03 14:29:20 INFO  o.h.jpa.internal.util.LogHelper - HHH000204: Processing PersistenceUnitInfo [name: default]
2026-10-03 14:29:20 INFO  org.hibernate.Version - HHH000412: Hibernate ORM core version 6.5.2.Final
2026-10-03 14:29:20 INFO  o.h.c.i.RegionFactoryInitiator - HHH000026: Second-level cache disabled
2026-10-03 14:29:20 INFO  com.zaxxer.hikari.HikariDataSource - HikariPool-1 - Starting...
2026-10-03 14:29:20 INFO  com.zaxxer.hikari.pool.HikariPool - HikariPool-1 - Added connection org.postgresql.jdbc.PgConnection@e18d2a2
2026-10-03 14:29:20 INFO  com.zaxxer.hikari.HikariDataSource - HikariPool-1 - Start completed.
2026-10-03 14:29:20 WARN  org.hibernate.orm.deprecation - HHH90000025: PostgreSQLDialect does not need to be specified explicitly using 'hibernate.dialect' (remove the property setting and it will be selected by default)
2026-10-03 14:29:21 INFO  o.s.o.j.p.SpringPersistenceUnitInfo - No LoadTimeWeaver setup: ignoring JPA class transformer
2026-10-03 14:29:21 INFO  o.h.e.t.j.p.i.JtaPlatformInitiator - HHH000489: No JTA platform available (set 'hibernate.transaction.jta.platform' to enable JTA platform integration)
2026-10-03 14:29:21 INFO  o.s.o.j.LocalContainerEntityManagerFactoryBean - Initialized JPA EntityManagerFactory for persistence unit 'default'
2026-10-03 14:29:21 INFO  o.s.d.j.r.query.QueryEnhancerFactory - Hibernate is in classpath; If applicable, HQL parser will be used.
2026-10-03 14:29:22 INFO  c.d.f.r.DocumentDoubleFundingIndexTest - Started DocumentDoubleFundingIndexTest in 2.241 seconds (process running for 4.148)
2026-10-03 14:29:22 WARN  o.h.e.jdbc.spi.SqlExceptionHelper - SQL Error: 0, SQLState: 23505
2026-10-03 14:29:22 ERROR o.h.e.jdbc.spi.SqlExceptionHelper - ERROR: duplicate key value violates unique constraint "uq_documents_generation_code"
  Detail: Key (upper(generation_code::text))=(AB12CD34-0000-4000-8000-000000000001) already exists.
2026-10-03 14:29:22 WARN  o.h.e.jdbc.spi.SqlExceptionHelper - SQL Error: 0, SQLState: 23505
2026-10-03 14:29:22 ERROR o.h.e.jdbc.spi.SqlExceptionHelper - ERROR: duplicate key value violates unique constraint "uq_documents_received_stamp"
  Detail: Key (upper(received_stamp::text))=(AAAAAAAAAAAAAAAAAAAAAAAAAAAAAAAAAAAAAAAA) already exists.
2026-10-03 14:29:22 WARN  o.h.e.jdbc.spi.SqlExceptionHelper - SQL Error: 0, SQLState: 23505
2026-10-03 14:29:22 ERROR o.h.e.jdbc.spi.SqlExceptionHelper - ERROR: duplicate key value violates unique constraint "uq_documents_control_number"
  Detail: Key (upper(control_number::text))=(DTE-03-ABCD1234-000000000000001) already exists.
2026-10-03 14:29:22 WARN  o.h.e.jdbc.spi.SqlExceptionHelper - SQL Error: 0, SQLState: 23505
2026-10-03 14:29:22 ERROR o.h.e.jdbc.spi.SqlExceptionHelper - ERROR: duplicate key value violates unique constraint "uq_documents_paper_number_year"
  Detail: Key (master_agreement_id, document_number, EXTRACT(year FROM issue_date))=(318dca33-8c4c-4bc3-a165-296665032209, F-100, 2026) already exists.
2026-10-03 14:29:22 INFO  tc.postgres:16.9 - Creating container for image: postgres:16.9
2026-10-03 14:29:22 INFO  tc.postgres:16.9 - Container postgres:16.9 is starting: 6143618e672619e7149348c6f6c7d25001f923f508671a1d04c203691e941db1
2026-10-03 14:29:23 INFO  tc.postgres:16.9 - Container postgres:16.9 started in PT0.681333S
2026-10-03 14:29:23 INFO  tc.postgres:16.9 - Container is started (JDBC URL: jdbc:postgresql://localhost:61018/test?loggerLevel=OFF)
2026-10-03 14:29:23 INFO  org.flywaydb.core.FlywayExecutor - Database: jdbc:postgresql://localhost:61018/flyway_ref (PostgreSQL 16.9)
2026-10-03 14:29:23 INFO  o.f.c.i.s.JdbcTableSchemaHistory - Schema history table "public"."flyway_schema_history" does not exist yet
2026-10-03 14:29:23 INFO  o.f.core.internal.command.DbValidate - Successfully validated 11 migrations (execution time 00:00.004s)
2026-10-03 14:29:23 INFO  o.f.c.i.s.JdbcTableSchemaHistory - Creating Schema History table "public"."flyway_schema_history" ...
2026-10-03 14:29:23 INFO  o.f.core.internal.command.DbMigrate - Current version of schema "public": << Empty Schema >>
2026-10-03 14:29:23 INFO  o.f.core.internal.command.DbMigrate - Migrating schema "public" to version "1 - esquema inicial"
2026-10-03 14:29:23 INFO  o.f.core.internal.command.DbMigrate - Migrating schema "public" to version "2 - datos de referencia"
2026-10-03 14:29:23 INFO  o.f.core.internal.command.DbMigrate - Migrating schema "public" to version "3 - montos calculados con todos los decimales"
2026-10-03 14:29:23 INFO  o.f.core.internal.command.DbMigrate - Migrating schema "public" to version "4 - estado inactivado por pagador"
2026-10-03 14:29:23 INFO  o.f.core.internal.command.DbMigrate - Migrating schema "public" to version "5 - lotes de dispersion"
2026-10-03 14:29:23 INFO  o.f.core.internal.command.DbMigrate - Migrating schema "public" to version "6 - alta de usuarios proveedor fuera de la carga"
2026-10-03 14:29:23 INFO  o.f.core.internal.command.DbMigrate - Migrating schema "public" to version "7 - eliminar niu de entidades"
2026-10-03 14:29:23 INFO  o.f.core.internal.command.DbMigrate - Migrating schema "public" to version "8 - eliminar rol operator"
2026-10-03 14:29:23 INFO  o.f.core.internal.command.DbMigrate - Migrating schema "public" to version "9 - recursos de carga"
2026-10-03 14:29:23 INFO  o.f.core.internal.command.DbMigrate - Migrating schema "public" to version "10 - manual de carga pdf"
2026-10-03 14:29:23 INFO  o.f.core.internal.command.DbMigrate - Migrating schema "public" to version "11 - bitacora de documentos operador"
2026-10-03 14:29:23 INFO  o.f.core.internal.command.DbMigrate - Successfully applied 11 migrations to schema "public", now at version v11 (execution time 00:00.070s)
2026-10-03 14:29:24 INFO  org.flywaydb.core.FlywayExecutor - Database: jdbc:postgresql://localhost:61018/actualizacion (PostgreSQL 16.9)
2026-10-03 14:29:24 INFO  o.f.c.i.s.JdbcTableSchemaHistory - Schema history table "public"."flyway_schema_history" does not exist yet
2026-10-03 14:29:24 INFO  o.f.core.internal.command.DbValidate - Successfully validated 11 migrations (execution time 00:00.003s)
2026-10-03 14:29:24 INFO  o.f.c.i.s.JdbcTableSchemaHistory - Creating Schema History table "public"."flyway_schema_history" ...
2026-10-03 14:29:24 INFO  o.f.core.internal.command.DbMigrate - Current version of schema "public": << Empty Schema >>
2026-10-03 14:29:24 INFO  o.f.core.internal.command.DbMigrate - Migrating schema "public" to version "1 - esquema inicial"
2026-10-03 14:29:24 INFO  o.f.core.internal.command.DbMigrate - Migrating schema "public" to version "2 - datos de referencia"
2026-10-03 14:29:24 INFO  o.f.core.internal.command.DbMigrate - Migrating schema "public" to version "3 - montos calculados con todos los decimales"
2026-10-03 14:29:24 INFO  o.f.core.internal.command.DbMigrate - Migrating schema "public" to version "4 - estado inactivado por pagador"
2026-10-03 14:29:24 INFO  o.f.core.internal.command.DbMigrate - Migrating schema "public" to version "5 - lotes de dispersion"
2026-10-03 14:29:24 INFO  o.f.core.internal.command.DbMigrate - Migrating schema "public" to version "6 - alta de usuarios proveedor fuera de la carga"
2026-10-03 14:29:24 INFO  o.f.core.internal.command.DbMigrate - Migrating schema "public" to version "7 - eliminar niu de entidades"
2026-10-03 14:29:24 INFO  o.f.core.internal.command.DbMigrate - Migrating schema "public" to version "8 - eliminar rol operator"
2026-10-03 14:29:24 INFO  o.f.core.internal.command.DbMigrate - Successfully applied 8 migrations to schema "public", now at version v8 (execution time 00:00.064s)
2026-10-03 14:29:25 INFO  c.d.f.s.impl.DocumentServiceImpl - Cupo null liberado por inactivación de 1 documento(s): consumo $5000.00 -> $4000.00.
2026-10-03 14:29:25 INFO  c.d.f.s.impl.DocumentServiceImpl - Documento 4927ffa1-0987-4f8a-8746-6ced23db0bea inactivado manualmente por el usuario 088d3c6f-5bc7-4734-994c-b9e685d6a1e5.
2026-10-03 14:29:25 INFO  c.d.f.s.impl.DocumentServiceImpl - Cupo null liberado por inactivación de 1 documento(s): consumo $5000.00 -> $4000.00.
2026-10-03 14:29:25 INFO  c.d.f.s.impl.DocumentServiceImpl - Documento 3659e5d9-4166-4e69-b0c9-0089cf247d9e inactivado manualmente por el usuario 16f2c3be-bb39-46a5-8b65-8505f2b1c181.
2026-10-03 14:29:25 INFO  c.d.f.s.impl.DocumentServiceImpl - Fetching financeable documents for master agreement ID: c2ab3b97-c0b0-45b7-bfe4-5021d8644159
2026-10-03 14:29:25 INFO  c.d.f.s.impl.DocumentServiceImpl - Cupo null liberado por inactivación de 1 documento(s): consumo $5000.00 -> $4000.00.
2026-10-03 14:29:25 INFO  c.d.f.s.impl.DocumentServiceImpl - 1 documento(s) del convenio c2ab3b97-c0b0-45b7-bfe4-5021d8644159 pasaron a cuarentena por no ser financiables.
2026-10-03 14:29:25 INFO  c.d.f.s.i.DispersionBatchServiceImpl - Lote de dispersión DSP-20261002-EADF78 creado: pagador d1cb05af-111c-4314-b813-06e4e5d05ee9, vencimiento 2026-09-20, 1 documento(s), total 100.00.
2026-10-03 14:29:25 INFO  c.d.f.s.i.DispersionBatchServiceImpl - Lote de dispersión DSP-20261002-ABC123 confirmado por el usuario 3e1f8fbb-4b2e-4322-9c30-fc502a8abe08: 2 documento(s) dispersados.
2026-10-03 14:29:25 INFO  c.d.f.s.i.DispersionBatchServiceImpl - Lote de dispersión DSP-20261002-EFEBBC creado: pagador 25ed0198-074f-4518-a9a1-c9f03fa53b2a, vencimiento 2026-10-05, 2 documento(s), total 17347.00.
2026-10-03 14:29:25 ERROR c.d.f.service.impl.FundingCalculator - División por cero evitada: la base no puede ser cero.
2026-10-03 14:29:25 INFO  c.d.f.service.impl.FundingCalculator - [CALCULO] Totales | nominal 3500.55 | monto a financiar 3440.491071731711441470 | interés 60.058928268288558530 | comisión con IVA 9.719387277642084823 | a desembolsar 3430.771684454069356647
2026-10-03 14:29:26 INFO  c.d.f.s.i.UploadResourceServiceImpl - Recurso de carga TEMPLATE reemplazado por el usuario null (3345 bytes)
2026-10-03 14:29:26 INFO  c.d.f.s.i.UploadResourceServiceImpl - Recurso de carga MANUAL reemplazado por el usuario null (813 bytes)
2026-10-03 14:29:26 INFO  c.d.f.s.i.UploadResourceServiceImpl - Recurso de carga TEMPLATE reemplazado por el usuario null (3328 bytes)
2026-10-03 14:29:26 INFO  o.s.t.c.s.AnnotationConfigContextLoaderUtils - Could not detect default configuration classes for test class [com.davivienda.factoraje.infrastructure.config.SecurityConfigTest]: SecurityConfigTest does not declare any static, non-private, non-final, nested classes annotated with @Configuration.
2026-10-03 14:29:26 INFO  o.s.b.t.c.SpringBootTestContextBootstrapper - Found @SpringBootConfiguration com.davivienda.factoraje.FactorajeApplication for test class com.davivienda.factoraje.infrastructure.config.SecurityConfigTest
2026-10-03 14:29:26 INFO  o.s.b.d.r.RestartApplicationListener - Restart disabled due to context in which it is running
2026-10-03 14:29:26 WARN  o.s.b.t.j.DuplicateJsonObjectContextCustomizerFactory$DuplicateJsonObjectContextCustomizer - 

Found multiple occurrences of org.json.JSONObject on the class path:

	jar:file:/Users/ch/.m2/repository/org/json/json/20140107/json-20140107.jar!/org/json/JSONObject.class
	jar:file:/Users/ch/.m2/repository/com/vaadin/external/google/android-json/0.0.20131108.vaadin1/android-json-0.0.20131108.vaadin1.jar!/org/json/JSONObject.class

You may wish to exclude one of them to ensure predictable runtime behavior

2026-10-03 14:29:26 INFO  c.d.f.i.config.SecurityConfigTest - Starting SecurityConfigTest using Java 21.0.8 with PID 86746 (started by ch in /Users/ch/Documents/Desarrollo de sistemas/FinCXPXC/CXP_DAV_SERVER_REFACTOR)
2026-10-03 14:29:26 INFO  c.d.f.i.config.SecurityConfigTest - No active profile set, falling back to 1 default profile: "default"
2026-10-03 14:29:26 INFO  o.s.s.c.a.a.c.InitializeUserDetailsBeanManagerConfigurer$InitializeUserDetailsManagerConfigurer - Global AuthenticationManager configured with UserDetailsService bean with name inMemoryUserDetailsManager
2026-10-03 14:29:26 INFO  o.s.s.web.DefaultSecurityFilterChain - Will secure any request with [org.springframework.security.web.session.DisableEncodeUrlFilter@5f4dd848, org.springframework.security.web.context.request.async.WebAsyncManagerIntegrationFilter@964d5e9, org.springframework.security.web.context.SecurityContextHolderFilter@179fc045, org.springframework.security.web.header.HeaderWriterFilter@168d823, org.springframework.web.filter.CorsFilter@4f13aa50, org.springframework.security.web.authentication.logout.LogoutFilter@4c5a27b9, com.davivienda.factoraje.infrastructure.security.JwtAuthenticationFilter@32585df, org.springframework.security.web.savedrequest.RequestCacheAwareFilter@3f9ea0be, org.springframework.security.web.servletapi.SecurityContextHolderAwareRequestFilter@3ae9f811, org.springframework.security.web.authentication.AnonymousAuthenticationFilter@35ae35ac, org.springframework.security.web.session.SessionManagementFilter@3c5955bc, org.springframework.security.web.access.ExceptionTranslationFilter@50043914, org.springframework.security.web.access.intercept.AuthorizationFilter@457271b1]
2026-10-03 14:29:26 INFO  o.s.b.t.m.w.SpringBootMockServletContext - Initializing Spring TestDispatcherServlet ''
2026-10-03 14:29:26 INFO  o.s.t.w.s.TestDispatcherServlet - Initializing Servlet ''
2026-10-03 14:29:26 INFO  o.s.t.w.s.TestDispatcherServlet - Completed initialization in 0 ms
2026-10-03 14:29:26 INFO  c.d.f.i.config.SecurityConfigTest - Started SecurityConfigTest in 0.51 seconds (process running for 8.712)
2026-10-03 14:29:26 INFO  o.s.o.j.LocalContainerEntityManagerFactoryBean - Closing JPA EntityManagerFactory for persistence unit 'default'
2026-10-03 14:29:26 INFO  com.zaxxer.hikari.HikariDataSource - HikariPool-1 - Shutdown initiated...
2026-10-03 14:29:26 INFO  com.zaxxer.hikari.HikariDataSource - HikariPool-1 - Shutdown completed.
2026-10-03 15:15:42 WARN  o.s.b.t.j.DuplicateJsonObjectContextCustomizerFactory$DuplicateJsonObjectContextCustomizer - 

Found multiple occurrences of org.json.JSONObject on the class path:

	jar:file:/Users/ch/.m2/repository/org/json/json/20140107/json-20140107.jar!/org/json/JSONObject.class
	jar:file:/Users/ch/.m2/repository/com/vaadin/external/google/android-json/0.0.20131108.vaadin1/android-json-0.0.20131108.vaadin1.jar!/org/json/JSONObject.class

You may wish to exclude one of them to ensure predictable runtime behavior

2026-10-03 15:15:42 INFO  c.d.f.r.DocumentDoubleFundingIndexTest - Starting DocumentDoubleFundingIndexTest using Java 21.0.8 with PID 27300 (started by ch in /Users/ch/Documents/Desarrollo de sistemas/FinCXPXC/CXP_DAV_SERVER_REFACTOR)
2026-10-03 15:15:42 INFO  c.d.f.r.DocumentDoubleFundingIndexTest - No active profile set, falling back to 1 default profile: "default"
2026-10-03 15:15:42 INFO  o.s.d.r.c.RepositoryConfigurationDelegate - Bootstrapping Spring Data JPA repositories in DEFAULT mode.
2026-10-03 15:15:42 INFO  o.s.d.r.c.RepositoryConfigurationDelegate - Finished Spring Data repository scanning in 49 ms. Found 27 JPA repository interfaces.
2026-10-03 15:15:42 INFO  org.flywaydb.core.FlywayExecutor - Database: jdbc:postgresql://localhost:61775/test (PostgreSQL 16.9)
2026-10-03 15:15:42 INFO  o.f.c.i.s.JdbcTableSchemaHistory - Schema history table "public"."flyway_schema_history" does not exist yet
2026-10-03 15:15:42 INFO  o.f.core.internal.command.DbValidate - Successfully validated 11 migrations (execution time 00:00.011s)
2026-10-03 15:15:42 INFO  o.f.c.i.s.JdbcTableSchemaHistory - Creating Schema History table "public"."flyway_schema_history" ...
2026-10-03 15:15:42 INFO  o.f.core.internal.command.DbMigrate - Current version of schema "public": << Empty Schema >>
2026-10-03 15:15:42 INFO  o.f.core.internal.command.DbMigrate - Migrating schema "public" to version "1 - esquema inicial"
2026-10-03 15:15:43 INFO  o.f.core.internal.command.DbMigrate - Migrating schema "public" to version "2 - datos de referencia"
2026-10-03 15:15:43 INFO  o.f.core.internal.command.DbMigrate - Migrating schema "public" to version "3 - montos calculados con todos los decimales"
2026-10-03 15:15:43 INFO  o.f.core.internal.command.DbMigrate - Migrating schema "public" to version "4 - estado inactivado por pagador"
2026-10-03 15:15:43 INFO  o.f.core.internal.command.DbMigrate - Migrating schema "public" to version "5 - lotes de dispersion"
2026-10-03 15:15:43 INFO  o.f.core.internal.command.DbMigrate - Migrating schema "public" to version "6 - alta de usuarios proveedor fuera de la carga"
2026-10-03 15:15:43 INFO  o.f.core.internal.command.DbMigrate - Migrating schema "public" to version "7 - eliminar niu de entidades"
2026-10-03 15:15:43 INFO  o.f.core.internal.command.DbMigrate - Migrating schema "public" to version "8 - eliminar rol operator"
2026-10-03 15:15:43 INFO  o.f.core.internal.command.DbMigrate - Migrating schema "public" to version "9 - recursos de carga"
2026-10-03 15:15:43 INFO  o.f.core.internal.command.DbMigrate - Migrating schema "public" to version "10 - manual de carga pdf"
2026-10-03 15:15:43 INFO  o.f.core.internal.command.DbMigrate - Migrating schema "public" to version "11 - bitacora de documentos operador"
2026-10-03 15:15:43 INFO  o.f.core.internal.command.DbMigrate - Successfully applied 11 migrations to schema "public", now at version v11 (execution time 00:00.134s)
2026-10-03 15:15:43 INFO  o.h.jpa.internal.util.LogHelper - HHH000204: Processing PersistenceUnitInfo [name: default]
2026-10-03 15:15:43 INFO  org.hibernate.Version - HHH000412: Hibernate ORM core version 6.5.2.Final
2026-10-03 15:15:43 INFO  o.h.c.i.RegionFactoryInitiator - HHH000026: Second-level cache disabled
2026-10-03 15:15:43 INFO  com.zaxxer.hikari.HikariDataSource - HikariPool-1 - Starting...
2026-10-03 15:15:43 INFO  com.zaxxer.hikari.pool.HikariPool - HikariPool-1 - Added connection org.postgresql.jdbc.PgConnection@e18d2a2
2026-10-03 15:15:43 INFO  com.zaxxer.hikari.HikariDataSource - HikariPool-1 - Start completed.
2026-10-03 15:15:43 WARN  org.hibernate.orm.deprecation - HHH90000025: PostgreSQLDialect does not need to be specified explicitly using 'hibernate.dialect' (remove the property setting and it will be selected by default)
2026-10-03 15:15:43 INFO  o.s.o.j.p.SpringPersistenceUnitInfo - No LoadTimeWeaver setup: ignoring JPA class transformer
2026-10-03 15:15:43 INFO  o.h.e.t.j.p.i.JtaPlatformInitiator - HHH000489: No JTA platform available (set 'hibernate.transaction.jta.platform' to enable JTA platform integration)
2026-10-03 15:15:43 INFO  o.s.o.j.LocalContainerEntityManagerFactoryBean - Initialized JPA EntityManagerFactory for persistence unit 'default'
2026-10-03 15:15:43 INFO  o.s.d.j.r.query.QueryEnhancerFactory - Hibernate is in classpath; If applicable, HQL parser will be used.
2026-10-03 15:15:44 INFO  c.d.f.r.DocumentDoubleFundingIndexTest - Started DocumentDoubleFundingIndexTest in 2.31 seconds (process running for 4.277)
2026-10-03 15:15:44 WARN  o.h.e.jdbc.spi.SqlExceptionHelper - SQL Error: 0, SQLState: 23505
2026-10-03 15:15:44 ERROR o.h.e.jdbc.spi.SqlExceptionHelper - ERROR: duplicate key value violates unique constraint "uq_documents_generation_code"
  Detail: Key (upper(generation_code::text))=(AB12CD34-0000-4000-8000-000000000001) already exists.
2026-10-03 15:15:44 WARN  o.h.e.jdbc.spi.SqlExceptionHelper - SQL Error: 0, SQLState: 23505
2026-10-03 15:15:44 ERROR o.h.e.jdbc.spi.SqlExceptionHelper - ERROR: duplicate key value violates unique constraint "uq_documents_received_stamp"
  Detail: Key (upper(received_stamp::text))=(AAAAAAAAAAAAAAAAAAAAAAAAAAAAAAAAAAAAAAAA) already exists.
2026-10-03 15:15:44 WARN  o.h.e.jdbc.spi.SqlExceptionHelper - SQL Error: 0, SQLState: 23505
2026-10-03 15:15:44 ERROR o.h.e.jdbc.spi.SqlExceptionHelper - ERROR: duplicate key value violates unique constraint "uq_documents_control_number"
  Detail: Key (upper(control_number::text))=(DTE-03-ABCD1234-000000000000001) already exists.
2026-10-03 15:15:44 WARN  o.h.e.jdbc.spi.SqlExceptionHelper - SQL Error: 0, SQLState: 23505
2026-10-03 15:15:44 ERROR o.h.e.jdbc.spi.SqlExceptionHelper - ERROR: duplicate key value violates unique constraint "uq_documents_paper_number_year"
  Detail: Key (master_agreement_id, document_number, EXTRACT(year FROM issue_date))=(9c41eeec-d864-47e8-afec-ca6cbf9e5155, F-100, 2026) already exists.
2026-10-03 15:15:45 INFO  tc.postgres:16.9 - Creating container for image: postgres:16.9
2026-10-03 15:15:45 INFO  tc.postgres:16.9 - Container postgres:16.9 is starting: 71ce344dfefb3d14b17bf7ad60f67c5e00ae56d2ba1612b3267ba78a3b9c9f4b
2026-10-03 15:15:45 INFO  tc.postgres:16.9 - Container postgres:16.9 started in PT0.663952S
2026-10-03 15:15:45 INFO  tc.postgres:16.9 - Container is started (JDBC URL: jdbc:postgresql://localhost:61791/test?loggerLevel=OFF)
2026-10-03 15:15:45 INFO  org.flywaydb.core.FlywayExecutor - Database: jdbc:postgresql://localhost:61791/flyway_ref (PostgreSQL 16.9)
2026-10-03 15:15:45 INFO  o.f.c.i.s.JdbcTableSchemaHistory - Schema history table "public"."flyway_schema_history" does not exist yet
2026-10-03 15:15:45 INFO  o.f.core.internal.command.DbValidate - Successfully validated 11 migrations (execution time 00:00.002s)
2026-10-03 15:15:45 INFO  o.f.c.i.s.JdbcTableSchemaHistory - Creating Schema History table "public"."flyway_schema_history" ...
2026-10-03 15:15:45 INFO  o.f.core.internal.command.DbMigrate - Current version of schema "public": << Empty Schema >>
2026-10-03 15:15:45 INFO  o.f.core.internal.command.DbMigrate - Migrating schema "public" to version "1 - esquema inicial"
2026-10-03 15:15:45 INFO  o.f.core.internal.command.DbMigrate - Migrating schema "public" to version "2 - datos de referencia"
2026-10-03 15:15:45 INFO  o.f.core.internal.command.DbMigrate - Migrating schema "public" to version "3 - montos calculados con todos los decimales"
2026-10-03 15:15:45 INFO  o.f.core.internal.command.DbMigrate - Migrating schema "public" to version "4 - estado inactivado por pagador"
2026-10-03 15:15:45 INFO  o.f.core.internal.command.DbMigrate - Migrating schema "public" to version "5 - lotes de dispersion"
2026-10-03 15:15:45 INFO  o.f.core.internal.command.DbMigrate - Migrating schema "public" to version "6 - alta de usuarios proveedor fuera de la carga"
2026-10-03 15:15:45 INFO  o.f.core.internal.command.DbMigrate - Migrating schema "public" to version "7 - eliminar niu de entidades"
2026-10-03 15:15:45 INFO  o.f.core.internal.command.DbMigrate - Migrating schema "public" to version "8 - eliminar rol operator"
2026-10-03 15:15:45 INFO  o.f.core.internal.command.DbMigrate - Migrating schema "public" to version "9 - recursos de carga"
2026-10-03 15:15:45 INFO  o.f.core.internal.command.DbMigrate - Migrating schema "public" to version "10 - manual de carga pdf"
2026-10-03 15:15:45 INFO  o.f.core.internal.command.DbMigrate - Migrating schema "public" to version "11 - bitacora de documentos operador"
2026-10-03 15:15:45 INFO  o.f.core.internal.command.DbMigrate - Successfully applied 11 migrations to schema "public", now at version v11 (execution time 00:00.073s)
2026-10-03 15:15:46 INFO  org.flywaydb.core.FlywayExecutor - Database: jdbc:postgresql://localhost:61791/actualizacion (PostgreSQL 16.9)
2026-10-03 15:15:46 INFO  o.f.c.i.s.JdbcTableSchemaHistory - Schema history table "public"."flyway_schema_history" does not exist yet
2026-10-03 15:15:46 INFO  o.f.core.internal.command.DbValidate - Successfully validated 11 migrations (execution time 00:00.002s)
2026-10-03 15:15:46 INFO  o.f.c.i.s.JdbcTableSchemaHistory - Creating Schema History table "public"."flyway_schema_history" ...
2026-10-03 15:15:46 INFO  o.f.core.internal.command.DbMigrate - Current version of schema "public": << Empty Schema >>
2026-10-03 15:15:46 INFO  o.f.core.internal.command.DbMigrate - Migrating schema "public" to version "1 - esquema inicial"
2026-10-03 15:15:46 INFO  o.f.core.internal.command.DbMigrate - Migrating schema "public" to version "2 - datos de referencia"
2026-10-03 15:15:46 INFO  o.f.core.internal.command.DbMigrate - Migrating schema "public" to version "3 - montos calculados con todos los decimales"
2026-10-03 15:15:46 INFO  o.f.core.internal.command.DbMigrate - Migrating schema "public" to version "4 - estado inactivado por pagador"
2026-10-03 15:15:46 INFO  o.f.core.internal.command.DbMigrate - Migrating schema "public" to version "5 - lotes de dispersion"
2026-10-03 15:15:46 INFO  o.f.core.internal.command.DbMigrate - Migrating schema "public" to version "6 - alta de usuarios proveedor fuera de la carga"
2026-10-03 15:15:46 INFO  o.f.core.internal.command.DbMigrate - Migrating schema "public" to version "7 - eliminar niu de entidades"
2026-10-03 15:15:46 INFO  o.f.core.internal.command.DbMigrate - Migrating schema "public" to version "8 - eliminar rol operator"
2026-10-03 15:15:46 INFO  o.f.core.internal.command.DbMigrate - Successfully applied 8 migrations to schema "public", now at version v8 (execution time 00:00.060s)
2026-10-03 15:15:47 INFO  c.d.f.s.impl.DocumentServiceImpl - Cupo null liberado por inactivación de 1 documento(s): consumo $5000.00 -> $4000.00.
2026-10-03 15:15:47 INFO  c.d.f.s.impl.DocumentServiceImpl - Documento a663cef6-dae8-42cc-8abd-150863a478ea inactivado manualmente por el usuario e4be721a-e150-4dea-b8af-3428398f2cba.
2026-10-03 15:15:47 INFO  c.d.f.s.impl.DocumentServiceImpl - Cupo null liberado por inactivación de 1 documento(s): consumo $5000.00 -> $4000.00.
2026-10-03 15:15:47 INFO  c.d.f.s.impl.DocumentServiceImpl - Documento dc7b934b-b0d5-4049-b35e-6686859ea57e inactivado manualmente por el usuario dc4c532e-d9ab-4c03-b827-2f41c8672244.
2026-10-03 15:15:47 INFO  c.d.f.s.impl.DocumentServiceImpl - Fetching financeable documents for master agreement ID: 4748fdec-ddd9-4965-b0f4-b58fa8177e85
2026-10-03 15:15:47 INFO  c.d.f.s.impl.DocumentServiceImpl - Cupo null liberado por inactivación de 1 documento(s): consumo $5000.00 -> $4000.00.
2026-10-03 15:15:47 INFO  c.d.f.s.impl.DocumentServiceImpl - 1 documento(s) del convenio 4748fdec-ddd9-4965-b0f4-b58fa8177e85 pasaron a cuarentena por no ser financiables.
2026-10-03 15:15:47 INFO  c.d.f.s.i.DispersionBatchServiceImpl - Lote de dispersión DSP-20261002-8872FF creado: pagador 6ed06412-e637-4436-8c4d-f06bf35dec8d, vencimiento 2026-09-20, 1 documento(s), total 100.00.
2026-10-03 15:15:47 INFO  c.d.f.s.i.DispersionBatchServiceImpl - Lote de dispersión DSP-20261002-ABC123 confirmado por el usuario 5c9b226b-eb32-4ef7-b290-debe94eea802: 2 documento(s) dispersados.
2026-10-03 15:15:47 INFO  c.d.f.s.i.DispersionBatchServiceImpl - Lote de dispersión DSP-20261002-8D11AE creado: pagador f0a1aa0b-8005-4be8-a29d-8b5a0b2e7955, vencimiento 2026-10-05, 2 documento(s), total 17347.00.
2026-10-03 15:15:48 ERROR c.d.f.service.impl.FundingCalculator - División por cero evitada: la base no puede ser cero.
2026-10-03 15:15:48 INFO  c.d.f.service.impl.FundingCalculator - [CALCULO] Totales | nominal 3500.55 | monto a financiar 3440.491071731711441470 | interés 60.058928268288558530 | comisión con IVA 9.719387277642084823 | a desembolsar 3430.771684454069356647
2026-10-03 15:15:48 INFO  c.d.f.s.i.UploadResourceServiceImpl - Recurso de carga TEMPLATE reemplazado por el usuario null (3345 bytes)
2026-10-03 15:15:48 INFO  c.d.f.s.i.UploadResourceServiceImpl - Recurso de carga MANUAL reemplazado por el usuario null (813 bytes)
2026-10-03 15:15:48 INFO  c.d.f.s.i.UploadResourceServiceImpl - Recurso de carga TEMPLATE reemplazado por el usuario null (3328 bytes)
2026-10-03 15:15:48 INFO  c.d.f.service.impl.EntityServiceImpl - Registering payer with NIT 06140101901011
2026-10-03 15:15:48 INFO  c.d.f.service.impl.EntityServiceImpl - Payer null registered with credit facility null and pricing term null
2026-10-03 15:15:48 INFO  c.d.f.service.impl.EntityServiceImpl - Registering payer with NIT 06140101901011
2026-10-03 15:15:48 INFO  c.d.f.service.impl.EntityServiceImpl - Updating payer 03875f27-4d26-4653-97ba-e9a7d0f653ff
2026-10-03 15:15:48 INFO  c.d.f.service.impl.EntityServiceImpl - Updating payer 13d052ff-023b-45e7-818a-5f7ca7c75e8b
2026-10-03 15:15:48 INFO  c.d.f.service.impl.EntityServiceImpl - Payer 13d052ff-023b-45e7-818a-5f7ca7c75e8b updated
2026-10-03 15:15:48 INFO  o.s.t.c.s.AnnotationConfigContextLoaderUtils - Could not detect default configuration classes for test class [com.davivienda.factoraje.infrastructure.config.SecurityConfigTest]: SecurityConfigTest does not declare any static, non-private, non-final, nested classes annotated with @Configuration.
2026-10-03 15:15:48 INFO  o.s.b.t.c.SpringBootTestContextBootstrapper - Found @SpringBootConfiguration com.davivienda.factoraje.FactorajeApplication for test class com.davivienda.factoraje.infrastructure.config.SecurityConfigTest
2026-10-03 15:15:48 INFO  o.s.b.d.r.RestartApplicationListener - Restart disabled due to context in which it is running
2026-10-03 15:15:48 WARN  o.s.b.t.j.DuplicateJsonObjectContextCustomizerFactory$DuplicateJsonObjectContextCustomizer - 

Found multiple occurrences of org.json.JSONObject on the class path:

	jar:file:/Users/ch/.m2/repository/org/json/json/20140107/json-20140107.jar!/org/json/JSONObject.class
	jar:file:/Users/ch/.m2/repository/com/vaadin/external/google/android-json/0.0.20131108.vaadin1/android-json-0.0.20131108.vaadin1.jar!/org/json/JSONObject.class

You may wish to exclude one of them to ensure predictable runtime behavior

2026-10-03 15:15:48 INFO  c.d.f.i.config.SecurityConfigTest - Starting SecurityConfigTest using Java 21.0.8 with PID 27300 (started by ch in /Users/ch/Documents/Desarrollo de sistemas/FinCXPXC/CXP_DAV_SERVER_REFACTOR)
2026-10-03 15:15:48 INFO  c.d.f.i.config.SecurityConfigTest - No active profile set, falling back to 1 default profile: "default"
2026-10-03 15:15:49 INFO  o.s.s.c.a.a.c.InitializeUserDetailsBeanManagerConfigurer$InitializeUserDetailsManagerConfigurer - Global AuthenticationManager configured with UserDetailsService bean with name inMemoryUserDetailsManager
2026-10-03 15:15:49 INFO  o.s.s.web.DefaultSecurityFilterChain - Will secure any request with [org.springframework.security.web.session.DisableEncodeUrlFilter@2ad24194, org.springframework.security.web.context.request.async.WebAsyncManagerIntegrationFilter@558eb96b, org.springframework.security.web.context.SecurityContextHolderFilter@3e3975da, org.springframework.security.web.header.HeaderWriterFilter@1ebb81df, org.springframework.web.filter.CorsFilter@1ed7bed0, org.springframework.security.web.authentication.logout.LogoutFilter@6e451bcb, com.davivienda.factoraje.infrastructure.security.JwtAuthenticationFilter@274657d4, org.springframework.security.web.savedrequest.RequestCacheAwareFilter@26a9560d, org.springframework.security.web.servletapi.SecurityContextHolderAwareRequestFilter@6a96d1, org.springframework.security.web.authentication.AnonymousAuthenticationFilter@2cb5fa10, org.springframework.security.web.session.SessionManagementFilter@17af85c3, org.springframework.security.web.access.ExceptionTranslationFilter@59210be9, org.springframework.security.web.access.intercept.AuthorizationFilter@7b90966b]
2026-10-03 15:15:49 INFO  o.s.b.t.m.w.SpringBootMockServletContext - Initializing Spring TestDispatcherServlet ''
2026-10-03 15:15:49 INFO  o.s.t.w.s.TestDispatcherServlet - Initializing Servlet ''
2026-10-03 15:15:49 INFO  o.s.t.w.s.TestDispatcherServlet - Completed initialization in 1 ms
2026-10-03 15:15:49 INFO  c.d.f.i.config.SecurityConfigTest - Started SecurityConfigTest in 0.538 seconds (process running for 9.017)
2026-10-03 15:15:49 INFO  o.s.o.j.LocalContainerEntityManagerFactoryBean - Closing JPA EntityManagerFactory for persistence unit 'default'
2026-10-03 15:15:49 INFO  com.zaxxer.hikari.HikariDataSource - HikariPool-1 - Shutdown initiated...
2026-10-03 15:15:49 INFO  com.zaxxer.hikari.HikariDataSource - HikariPool-1 - Shutdown completed.
2026-10-03 15:18:14 WARN  o.s.b.t.j.DuplicateJsonObjectContextCustomizerFactory$DuplicateJsonObjectContextCustomizer - 

Found multiple occurrences of org.json.JSONObject on the class path:

	jar:file:/Users/ch/.m2/repository/org/json/json/20140107/json-20140107.jar!/org/json/JSONObject.class
	jar:file:/Users/ch/.m2/repository/com/vaadin/external/google/android-json/0.0.20131108.vaadin1/android-json-0.0.20131108.vaadin1.jar!/org/json/JSONObject.class

You may wish to exclude one of them to ensure predictable runtime behavior

2026-10-03 15:18:14 INFO  c.d.f.r.DocumentDoubleFundingIndexTest - Starting DocumentDoubleFundingIndexTest using Java 21.0.8 with PID 29768 (started by ch in /Users/ch/Documents/Desarrollo de sistemas/FinCXPXC/CXP_DAV_SERVER_REFACTOR)
2026-10-03 15:18:14 INFO  c.d.f.r.DocumentDoubleFundingIndexTest - No active profile set, falling back to 1 default profile: "default"
2026-10-03 15:18:14 INFO  o.s.d.r.c.RepositoryConfigurationDelegate - Bootstrapping Spring Data JPA repositories in DEFAULT mode.
2026-10-03 15:18:14 INFO  o.s.d.r.c.RepositoryConfigurationDelegate - Finished Spring Data repository scanning in 43 ms. Found 27 JPA repository interfaces.
2026-10-03 15:18:15 INFO  org.flywaydb.core.FlywayExecutor - Database: jdbc:postgresql://localhost:62044/test (PostgreSQL 16.9)
2026-10-03 15:18:15 INFO  o.f.c.i.s.JdbcTableSchemaHistory - Schema history table "public"."flyway_schema_history" does not exist yet
2026-10-03 15:18:15 INFO  o.f.core.internal.command.DbValidate - Successfully validated 11 migrations (execution time 00:00.008s)
2026-10-03 15:18:15 INFO  o.f.c.i.s.JdbcTableSchemaHistory - Creating Schema History table "public"."flyway_schema_history" ...
2026-10-03 15:18:15 INFO  o.f.core.internal.command.DbMigrate - Current version of schema "public": << Empty Schema >>
2026-10-03 15:18:15 INFO  o.f.core.internal.command.DbMigrate - Migrating schema "public" to version "1 - esquema inicial"
2026-10-03 15:18:15 INFO  o.f.core.internal.command.DbMigrate - Migrating schema "public" to version "2 - datos de referencia"
2026-10-03 15:18:15 INFO  o.f.core.internal.command.DbMigrate - Migrating schema "public" to version "3 - montos calculados con todos los decimales"
2026-10-03 15:18:15 INFO  o.f.core.internal.command.DbMigrate - Migrating schema "public" to version "4 - estado inactivado por pagador"
2026-10-03 15:18:15 INFO  o.f.core.internal.command.DbMigrate - Migrating schema "public" to version "5 - lotes de dispersion"
2026-10-03 15:18:15 INFO  o.f.core.internal.command.DbMigrate - Migrating schema "public" to version "6 - alta de usuarios proveedor fuera de la carga"
2026-10-03 15:18:15 INFO  o.f.core.internal.command.DbMigrate - Migrating schema "public" to version "7 - eliminar niu de entidades"
2026-10-03 15:18:15 INFO  o.f.core.internal.command.DbMigrate - Migrating schema "public" to version "8 - eliminar rol operator"
2026-10-03 15:18:15 INFO  o.f.core.internal.command.DbMigrate - Migrating schema "public" to version "9 - recursos de carga"
2026-10-03 15:18:15 INFO  o.f.core.internal.command.DbMigrate - Migrating schema "public" to version "10 - manual de carga pdf"
2026-10-03 15:18:15 INFO  o.f.core.internal.command.DbMigrate - Migrating schema "public" to version "11 - bitacora de documentos operador"
2026-10-03 15:18:15 INFO  o.f.core.internal.command.DbMigrate - Successfully applied 11 migrations to schema "public", now at version v11 (execution time 00:00.086s)
2026-10-03 15:18:15 INFO  o.h.jpa.internal.util.LogHelper - HHH000204: Processing PersistenceUnitInfo [name: default]
2026-10-03 15:18:15 INFO  org.hibernate.Version - HHH000412: Hibernate ORM core version 6.5.2.Final
2026-10-03 15:18:15 INFO  o.h.c.i.RegionFactoryInitiator - HHH000026: Second-level cache disabled
2026-10-03 15:18:15 INFO  com.zaxxer.hikari.HikariDataSource - HikariPool-1 - Starting...
2026-10-03 15:18:15 INFO  com.zaxxer.hikari.pool.HikariPool - HikariPool-1 - Added connection org.postgresql.jdbc.PgConnection@e18d2a2
2026-10-03 15:18:15 INFO  com.zaxxer.hikari.HikariDataSource - HikariPool-1 - Start completed.
2026-10-03 15:18:15 WARN  org.hibernate.orm.deprecation - HHH90000025: PostgreSQLDialect does not need to be specified explicitly using 'hibernate.dialect' (remove the property setting and it will be selected by default)
2026-10-03 15:18:15 INFO  o.s.o.j.p.SpringPersistenceUnitInfo - No LoadTimeWeaver setup: ignoring JPA class transformer
2026-10-03 15:18:15 INFO  o.h.e.t.j.p.i.JtaPlatformInitiator - HHH000489: No JTA platform available (set 'hibernate.transaction.jta.platform' to enable JTA platform integration)
2026-10-03 15:18:15 INFO  o.s.o.j.LocalContainerEntityManagerFactoryBean - Initialized JPA EntityManagerFactory for persistence unit 'default'
2026-10-03 15:18:16 INFO  o.s.d.j.r.query.QueryEnhancerFactory - Hibernate is in classpath; If applicable, HQL parser will be used.
2026-10-03 15:18:16 INFO  c.d.f.r.DocumentDoubleFundingIndexTest - Started DocumentDoubleFundingIndexTest in 2.258 seconds (process running for 4.035)
2026-10-03 15:18:17 WARN  o.h.e.jdbc.spi.SqlExceptionHelper - SQL Error: 0, SQLState: 23505
2026-10-03 15:18:17 ERROR o.h.e.jdbc.spi.SqlExceptionHelper - ERROR: duplicate key value violates unique constraint "uq_documents_generation_code"
  Detail: Key (upper(generation_code::text))=(AB12CD34-0000-4000-8000-000000000001) already exists.
2026-10-03 15:18:17 WARN  o.h.e.jdbc.spi.SqlExceptionHelper - SQL Error: 0, SQLState: 23505
2026-10-03 15:18:17 ERROR o.h.e.jdbc.spi.SqlExceptionHelper - ERROR: duplicate key value violates unique constraint "uq_documents_received_stamp"
  Detail: Key (upper(received_stamp::text))=(AAAAAAAAAAAAAAAAAAAAAAAAAAAAAAAAAAAAAAAA) already exists.
2026-10-03 15:18:17 WARN  o.h.e.jdbc.spi.SqlExceptionHelper - SQL Error: 0, SQLState: 23505
2026-10-03 15:18:17 ERROR o.h.e.jdbc.spi.SqlExceptionHelper - ERROR: duplicate key value violates unique constraint "uq_documents_control_number"
  Detail: Key (upper(control_number::text))=(DTE-03-ABCD1234-000000000000001) already exists.
2026-10-03 15:18:17 WARN  o.h.e.jdbc.spi.SqlExceptionHelper - SQL Error: 0, SQLState: 23505
2026-10-03 15:18:17 ERROR o.h.e.jdbc.spi.SqlExceptionHelper - ERROR: duplicate key value violates unique constraint "uq_documents_paper_number_year"
  Detail: Key (master_agreement_id, document_number, EXTRACT(year FROM issue_date))=(18a752e4-2b44-4289-a3a4-a251db9d6ed4, F-100, 2026) already exists.
2026-10-03 15:18:17 INFO  tc.postgres:16.9 - Creating container for image: postgres:16.9
2026-10-03 15:18:17 INFO  tc.postgres:16.9 - Container postgres:16.9 is starting: ebaf78c53661273dd532cfeb8bdfd6c8ccc92a9c92facdc173ae2aa5eff88f47
2026-10-03 15:18:17 INFO  tc.postgres:16.9 - Container postgres:16.9 started in PT0.677448S
2026-10-03 15:18:17 INFO  tc.postgres:16.9 - Container is started (JDBC URL: jdbc:postgresql://localhost:62061/test?loggerLevel=OFF)
2026-10-03 15:18:18 INFO  org.flywaydb.core.FlywayExecutor - Database: jdbc:postgresql://localhost:62061/flyway_ref (PostgreSQL 16.9)
2026-10-03 15:18:18 INFO  o.f.c.i.s.JdbcTableSchemaHistory - Schema history table "public"."flyway_schema_history" does not exist yet
2026-10-03 15:18:18 INFO  o.f.core.internal.command.DbValidate - Successfully validated 11 migrations (execution time 00:00.004s)
2026-10-03 15:18:18 INFO  o.f.c.i.s.JdbcTableSchemaHistory - Creating Schema History table "public"."flyway_schema_history" ...
2026-10-03 15:18:18 INFO  o.f.core.internal.command.DbMigrate - Current version of schema "public": << Empty Schema >>
2026-10-03 15:18:18 INFO  o.f.core.internal.command.DbMigrate - Migrating schema "public" to version "1 - esquema inicial"
2026-10-03 15:18:18 INFO  o.f.core.internal.command.DbMigrate - Migrating schema "public" to version "2 - datos de referencia"
2026-10-03 15:18:18 INFO  o.f.core.internal.command.DbMigrate - Migrating schema "public" to version "3 - montos calculados con todos los decimales"
2026-10-03 15:18:18 INFO  o.f.core.internal.command.DbMigrate - Migrating schema "public" to version "4 - estado inactivado por pagador"
2026-10-03 15:18:18 INFO  o.f.core.internal.command.DbMigrate - Migrating schema "public" to version "5 - lotes de dispersion"
2026-10-03 15:18:18 INFO  o.f.core.internal.command.DbMigrate - Migrating schema "public" to version "6 - alta de usuarios proveedor fuera de la carga"
2026-10-03 15:18:18 INFO  o.f.core.internal.command.DbMigrate - Migrating schema "public" to version "7 - eliminar niu de entidades"
2026-10-03 15:18:18 INFO  o.f.core.internal.command.DbMigrate - Migrating schema "public" to version "8 - eliminar rol operator"
2026-10-03 15:18:18 INFO  o.f.core.internal.command.DbMigrate - Migrating schema "public" to version "9 - recursos de carga"
2026-10-03 15:18:18 INFO  o.f.core.internal.command.DbMigrate - Migrating schema "public" to version "10 - manual de carga pdf"
2026-10-03 15:18:18 INFO  o.f.core.internal.command.DbMigrate - Migrating schema "public" to version "11 - bitacora de documentos operador"
2026-10-03 15:18:18 INFO  o.f.core.internal.command.DbMigrate - Successfully applied 11 migrations to schema "public", now at version v11 (execution time 00:00.070s)
2026-10-03 15:18:18 INFO  org.flywaydb.core.FlywayExecutor - Database: jdbc:postgresql://localhost:62061/actualizacion (PostgreSQL 16.9)
2026-10-03 15:18:18 INFO  o.f.c.i.s.JdbcTableSchemaHistory - Schema history table "public"."flyway_schema_history" does not exist yet
2026-10-03 15:18:18 INFO  o.f.core.internal.command.DbValidate - Successfully validated 11 migrations (execution time 00:00.002s)
2026-10-03 15:18:18 INFO  o.f.c.i.s.JdbcTableSchemaHistory - Creating Schema History table "public"."flyway_schema_history" ...
2026-10-03 15:18:18 INFO  o.f.core.internal.command.DbMigrate - Current version of schema "public": << Empty Schema >>
2026-10-03 15:18:18 INFO  o.f.core.internal.command.DbMigrate - Migrating schema "public" to version "1 - esquema inicial"
2026-10-03 15:18:18 INFO  o.f.core.internal.command.DbMigrate - Migrating schema "public" to version "2 - datos de referencia"
2026-10-03 15:18:18 INFO  o.f.core.internal.command.DbMigrate - Migrating schema "public" to version "3 - montos calculados con todos los decimales"
2026-10-03 15:18:18 INFO  o.f.core.internal.command.DbMigrate - Migrating schema "public" to version "4 - estado inactivado por pagador"
2026-10-03 15:18:18 INFO  o.f.core.internal.command.DbMigrate - Migrating schema "public" to version "5 - lotes de dispersion"
2026-10-03 15:18:18 INFO  o.f.core.internal.command.DbMigrate - Migrating schema "public" to version "6 - alta de usuarios proveedor fuera de la carga"
2026-10-03 15:18:18 INFO  o.f.core.internal.command.DbMigrate - Migrating schema "public" to version "7 - eliminar niu de entidades"
2026-10-03 15:18:18 INFO  o.f.core.internal.command.DbMigrate - Migrating schema "public" to version "8 - eliminar rol operator"
2026-10-03 15:18:18 INFO  o.f.core.internal.command.DbMigrate - Successfully applied 8 migrations to schema "public", now at version v8 (execution time 00:00.063s)
2026-10-03 15:18:19 INFO  c.d.f.s.impl.DocumentServiceImpl - Cupo null liberado por inactivación de 1 documento(s): consumo $5000.00 -> $4000.00.
2026-10-03 15:18:19 INFO  c.d.f.s.impl.DocumentServiceImpl - Documento a1b1a690-2020-4da3-9420-e166f2218afd inactivado manualmente por el usuario 31b4fb72-d745-46fe-b1a5-754bb98b2981.
2026-10-03 15:18:19 INFO  c.d.f.s.impl.DocumentServiceImpl - Cupo null liberado por inactivación de 1 documento(s): consumo $5000.00 -> $4000.00.
2026-10-03 15:18:19 INFO  c.d.f.s.impl.DocumentServiceImpl - Documento 25e215da-49ca-4051-8f27-4168b45035c4 inactivado manualmente por el usuario 48c2e5f0-bf1d-45fb-8ce3-7c1302b1d416.
2026-10-03 15:18:19 INFO  c.d.f.s.impl.DocumentServiceImpl - Fetching financeable documents for master agreement ID: 7a52ba70-5116-4a9c-8827-c8b57fa209a1
2026-10-03 15:18:19 INFO  c.d.f.s.impl.DocumentServiceImpl - Cupo null liberado por inactivación de 1 documento(s): consumo $5000.00 -> $4000.00.
2026-10-03 15:18:19 INFO  c.d.f.s.impl.DocumentServiceImpl - 1 documento(s) del convenio 7a52ba70-5116-4a9c-8827-c8b57fa209a1 pasaron a cuarentena por no ser financiables.
2026-10-03 15:18:20 INFO  c.d.f.s.i.DispersionBatchServiceImpl - Lote de dispersión DSP-20261002-9F0EF2 creado: pagador 24cfe928-70e6-4762-992b-f7cfce1d0104, vencimiento 2026-09-20, 1 documento(s), total 100.00.
2026-10-03 15:18:20 INFO  c.d.f.s.i.DispersionBatchServiceImpl - Lote de dispersión DSP-20261002-ABC123 confirmado por el usuario 73202b05-fa9a-483f-8dc0-c1892cfa9306: 2 documento(s) dispersados.
2026-10-03 15:18:20 INFO  c.d.f.s.i.DispersionBatchServiceImpl - Lote de dispersión DSP-20261002-BF6771 creado: pagador 512ae05d-aadf-49b4-a193-2dcb9cda07e5, vencimiento 2026-10-05, 2 documento(s), total 17347.00.
2026-10-03 15:18:20 ERROR c.d.f.service.impl.FundingCalculator - División por cero evitada: la base no puede ser cero.
2026-10-03 15:18:20 INFO  c.d.f.service.impl.FundingCalculator - [CALCULO] Totales | nominal 3500.55 | monto a financiar 3440.491071731711441470 | interés 60.058928268288558530 | comisión con IVA 9.719387277642084823 | a desembolsar 3430.771684454069356647
2026-10-03 15:18:20 INFO  c.d.f.s.i.UploadResourceServiceImpl - Recurso de carga TEMPLATE reemplazado por el usuario null (3344 bytes)
2026-10-03 15:18:20 INFO  c.d.f.s.i.UploadResourceServiceImpl - Recurso de carga MANUAL reemplazado por el usuario null (813 bytes)
2026-10-03 15:18:20 INFO  c.d.f.s.i.UploadResourceServiceImpl - Recurso de carga TEMPLATE reemplazado por el usuario null (3327 bytes)
2026-10-03 15:18:20 INFO  c.d.f.service.impl.EntityServiceImpl - Registering payer with NIT 06140101901011
2026-10-03 15:18:20 INFO  c.d.f.service.impl.EntityServiceImpl - Payer null registered with credit facility null and pricing term null
2026-10-03 15:18:20 INFO  c.d.f.service.impl.EntityServiceImpl - Registering payer with NIT 06140101901011
2026-10-03 15:18:20 INFO  c.d.f.service.impl.EntityServiceImpl - Updating payer 6f95b75a-b7f0-4880-a8d2-205c0d5474ea
2026-10-03 15:18:20 INFO  c.d.f.service.impl.EntityServiceImpl - Updating payer f1f0eee7-1c99-47c8-a896-296a82a9d0f7
2026-10-03 15:18:20 INFO  c.d.f.service.impl.EntityServiceImpl - Payer f1f0eee7-1c99-47c8-a896-296a82a9d0f7 updated
2026-10-03 15:18:20 INFO  o.s.t.c.s.AnnotationConfigContextLoaderUtils - Could not detect default configuration classes for test class [com.davivienda.factoraje.infrastructure.config.SecurityConfigTest]: SecurityConfigTest does not declare any static, non-private, non-final, nested classes annotated with @Configuration.
2026-10-03 15:18:20 INFO  o.s.b.t.c.SpringBootTestContextBootstrapper - Found @SpringBootConfiguration com.davivienda.factoraje.FactorajeApplication for test class com.davivienda.factoraje.infrastructure.config.SecurityConfigTest
2026-10-03 15:18:20 INFO  o.s.b.d.r.RestartApplicationListener - Restart disabled due to context in which it is running
2026-10-03 15:18:20 WARN  o.s.b.t.j.DuplicateJsonObjectContextCustomizerFactory$DuplicateJsonObjectContextCustomizer - 

Found multiple occurrences of org.json.JSONObject on the class path:

	jar:file:/Users/ch/.m2/repository/org/json/json/20140107/json-20140107.jar!/org/json/JSONObject.class
	jar:file:/Users/ch/.m2/repository/com/vaadin/external/google/android-json/0.0.20131108.vaadin1/android-json-0.0.20131108.vaadin1.jar!/org/json/JSONObject.class

You may wish to exclude one of them to ensure predictable runtime behavior

2026-10-03 15:18:20 INFO  c.d.f.i.config.SecurityConfigTest - Starting SecurityConfigTest using Java 21.0.8 with PID 29768 (started by ch in /Users/ch/Documents/Desarrollo de sistemas/FinCXPXC/CXP_DAV_SERVER_REFACTOR)
2026-10-03 15:18:20 INFO  c.d.f.i.config.SecurityConfigTest - No active profile set, falling back to 1 default profile: "default"
2026-10-03 15:18:21 INFO  o.s.s.c.a.a.c.InitializeUserDetailsBeanManagerConfigurer$InitializeUserDetailsManagerConfigurer - Global AuthenticationManager configured with UserDetailsService bean with name inMemoryUserDetailsManager
2026-10-03 15:18:21 INFO  o.s.s.web.DefaultSecurityFilterChain - Will secure any request with [org.springframework.security.web.session.DisableEncodeUrlFilter@2ad24194, org.springframework.security.web.context.request.async.WebAsyncManagerIntegrationFilter@558eb96b, org.springframework.security.web.context.SecurityContextHolderFilter@3e3975da, org.springframework.security.web.header.HeaderWriterFilter@1ebb81df, org.springframework.web.filter.CorsFilter@1ed7bed0, org.springframework.security.web.authentication.logout.LogoutFilter@6e451bcb, com.davivienda.factoraje.infrastructure.security.JwtAuthenticationFilter@1de54132, org.springframework.security.web.savedrequest.RequestCacheAwareFilter@26a9560d, org.springframework.security.web.servletapi.SecurityContextHolderAwareRequestFilter@6a96d1, org.springframework.security.web.authentication.AnonymousAuthenticationFilter@2cb5fa10, org.springframework.security.web.session.SessionManagementFilter@17af85c3, org.springframework.security.web.access.ExceptionTranslationFilter@59210be9, org.springframework.security.web.access.intercept.AuthorizationFilter@7b90966b]
2026-10-03 15:18:21 INFO  o.s.b.t.m.w.SpringBootMockServletContext - Initializing Spring TestDispatcherServlet ''
2026-10-03 15:18:21 INFO  o.s.t.w.s.TestDispatcherServlet - Initializing Servlet ''
2026-10-03 15:18:21 INFO  o.s.t.w.s.TestDispatcherServlet - Completed initialization in 0 ms
2026-10-03 15:18:21 INFO  c.d.f.i.config.SecurityConfigTest - Started SecurityConfigTest in 0.488 seconds (process running for 8.594)
2026-10-03 15:18:21 INFO  o.s.o.j.LocalContainerEntityManagerFactoryBean - Closing JPA EntityManagerFactory for persistence unit 'default'
2026-10-03 15:18:21 INFO  com.zaxxer.hikari.HikariDataSource - HikariPool-1 - Shutdown initiated...
2026-10-03 15:18:21 INFO  com.zaxxer.hikari.HikariDataSource - HikariPool-1 - Shutdown completed.
2026-10-03 15:32:16 WARN  o.s.b.t.j.DuplicateJsonObjectContextCustomizerFactory$DuplicateJsonObjectContextCustomizer - 

Found multiple occurrences of org.json.JSONObject on the class path:

	jar:file:/Users/ch/.m2/repository/org/json/json/20140107/json-20140107.jar!/org/json/JSONObject.class
	jar:file:/Users/ch/.m2/repository/com/vaadin/external/google/android-json/0.0.20131108.vaadin1/android-json-0.0.20131108.vaadin1.jar!/org/json/JSONObject.class

You may wish to exclude one of them to ensure predictable runtime behavior

2026-10-03 15:32:16 INFO  c.d.f.r.DocumentDoubleFundingIndexTest - Starting DocumentDoubleFundingIndexTest using Java 21.0.8 with PID 42566 (started by ch in /Users/ch/Documents/Desarrollo de sistemas/FinCXPXC/CXP_DAV_SERVER_REFACTOR)
2026-10-03 15:32:16 INFO  c.d.f.r.DocumentDoubleFundingIndexTest - No active profile set, falling back to 1 default profile: "default"
2026-10-03 15:32:16 INFO  o.s.d.r.c.RepositoryConfigurationDelegate - Bootstrapping Spring Data JPA repositories in DEFAULT mode.
2026-10-03 15:32:17 INFO  o.s.d.r.c.RepositoryConfigurationDelegate - Finished Spring Data repository scanning in 50 ms. Found 27 JPA repository interfaces.
2026-10-03 15:32:17 INFO  org.flywaydb.core.FlywayExecutor - Database: jdbc:postgresql://localhost:62562/test (PostgreSQL 16.9)
2026-10-03 15:32:17 INFO  o.f.c.i.s.JdbcTableSchemaHistory - Schema history table "public"."flyway_schema_history" does not exist yet
2026-10-03 15:32:17 INFO  o.f.core.internal.command.DbValidate - Successfully validated 11 migrations (execution time 00:00.008s)
2026-10-03 15:32:17 INFO  o.f.c.i.s.JdbcTableSchemaHistory - Creating Schema History table "public"."flyway_schema_history" ...
2026-10-03 15:32:17 INFO  o.f.core.internal.command.DbMigrate - Current version of schema "public": << Empty Schema >>
2026-10-03 15:32:17 INFO  o.f.core.internal.command.DbMigrate - Migrating schema "public" to version "1 - esquema inicial"
2026-10-03 15:32:17 INFO  o.f.core.internal.command.DbMigrate - Migrating schema "public" to version "2 - datos de referencia"
2026-10-03 15:32:17 INFO  o.f.core.internal.command.DbMigrate - Migrating schema "public" to version "3 - montos calculados con todos los decimales"
2026-10-03 15:32:17 INFO  o.f.core.internal.command.DbMigrate - Migrating schema "public" to version "4 - estado inactivado por pagador"
2026-10-03 15:32:17 INFO  o.f.core.internal.command.DbMigrate - Migrating schema "public" to version "5 - lotes de dispersion"
2026-10-03 15:32:17 INFO  o.f.core.internal.command.DbMigrate - Migrating schema "public" to version "6 - alta de usuarios proveedor fuera de la carga"
2026-10-03 15:32:17 INFO  o.f.core.internal.command.DbMigrate - Migrating schema "public" to version "7 - eliminar niu de entidades"
2026-10-03 15:32:17 INFO  o.f.core.internal.command.DbMigrate - Migrating schema "public" to version "8 - eliminar rol operator"
2026-10-03 15:32:17 INFO  o.f.core.internal.command.DbMigrate - Migrating schema "public" to version "9 - recursos de carga"
2026-10-03 15:32:17 INFO  o.f.core.internal.command.DbMigrate - Migrating schema "public" to version "10 - manual de carga pdf"
2026-10-03 15:32:17 INFO  o.f.core.internal.command.DbMigrate - Migrating schema "public" to version "11 - bitacora de documentos operador"
2026-10-03 15:32:17 INFO  o.f.core.internal.command.DbMigrate - Successfully applied 11 migrations to schema "public", now at version v11 (execution time 00:00.091s)
2026-10-03 15:32:17 INFO  o.h.jpa.internal.util.LogHelper - HHH000204: Processing PersistenceUnitInfo [name: default]
2026-10-03 15:32:17 INFO  org.hibernate.Version - HHH000412: Hibernate ORM core version 6.5.2.Final
2026-10-03 15:32:17 INFO  o.h.c.i.RegionFactoryInitiator - HHH000026: Second-level cache disabled
2026-10-03 15:32:17 INFO  com.zaxxer.hikari.HikariDataSource - HikariPool-1 - Starting...
2026-10-03 15:32:17 INFO  com.zaxxer.hikari.pool.HikariPool - HikariPool-1 - Added connection org.postgresql.jdbc.PgConnection@e18d2a2
2026-10-03 15:32:17 INFO  com.zaxxer.hikari.HikariDataSource - HikariPool-1 - Start completed.
2026-10-03 15:32:17 WARN  org.hibernate.orm.deprecation - HHH90000025: PostgreSQLDialect does not need to be specified explicitly using 'hibernate.dialect' (remove the property setting and it will be selected by default)
2026-10-03 15:32:17 INFO  o.s.o.j.p.SpringPersistenceUnitInfo - No LoadTimeWeaver setup: ignoring JPA class transformer
2026-10-03 15:32:18 INFO  o.h.e.t.j.p.i.JtaPlatformInitiator - HHH000489: No JTA platform available (set 'hibernate.transaction.jta.platform' to enable JTA platform integration)
2026-10-03 15:32:18 INFO  o.s.o.j.LocalContainerEntityManagerFactoryBean - Initialized JPA EntityManagerFactory for persistence unit 'default'
2026-10-03 15:32:18 INFO  o.s.d.j.r.query.QueryEnhancerFactory - Hibernate is in classpath; If applicable, HQL parser will be used.
2026-10-03 15:32:18 INFO  c.d.f.r.DocumentDoubleFundingIndexTest - Started DocumentDoubleFundingIndexTest in 2.107 seconds (process running for 3.936)
2026-10-03 15:32:19 WARN  o.h.e.jdbc.spi.SqlExceptionHelper - SQL Error: 0, SQLState: 23505
2026-10-03 15:32:19 ERROR o.h.e.jdbc.spi.SqlExceptionHelper - ERROR: duplicate key value violates unique constraint "uq_documents_generation_code"
  Detail: Key (upper(generation_code::text))=(AB12CD34-0000-4000-8000-000000000001) already exists.
2026-10-03 15:32:19 WARN  o.h.e.jdbc.spi.SqlExceptionHelper - SQL Error: 0, SQLState: 23505
2026-10-03 15:32:19 ERROR o.h.e.jdbc.spi.SqlExceptionHelper - ERROR: duplicate key value violates unique constraint "uq_documents_received_stamp"
  Detail: Key (upper(received_stamp::text))=(AAAAAAAAAAAAAAAAAAAAAAAAAAAAAAAAAAAAAAAA) already exists.
2026-10-03 15:32:19 WARN  o.h.e.jdbc.spi.SqlExceptionHelper - SQL Error: 0, SQLState: 23505
2026-10-03 15:32:19 ERROR o.h.e.jdbc.spi.SqlExceptionHelper - ERROR: duplicate key value violates unique constraint "uq_documents_control_number"
  Detail: Key (upper(control_number::text))=(DTE-03-ABCD1234-000000000000001) already exists.
2026-10-03 15:32:19 WARN  o.h.e.jdbc.spi.SqlExceptionHelper - SQL Error: 0, SQLState: 23505
2026-10-03 15:32:19 ERROR o.h.e.jdbc.spi.SqlExceptionHelper - ERROR: duplicate key value violates unique constraint "uq_documents_paper_number_year"
  Detail: Key (master_agreement_id, document_number, EXTRACT(year FROM issue_date))=(860057db-2e91-4741-9453-6c5771b087da, F-100, 2026) already exists.
2026-10-03 15:32:19 INFO  tc.postgres:16.9 - Creating container for image: postgres:16.9
2026-10-03 15:32:19 INFO  tc.postgres:16.9 - Container postgres:16.9 is starting: 1affe1ebb6b06b7db032c8bfa2d4e4b4425291b463180e603efa6c6b4c23f384
2026-10-03 15:32:19 INFO  tc.postgres:16.9 - Container postgres:16.9 started in PT0.647342S
2026-10-03 15:32:19 INFO  tc.postgres:16.9 - Container is started (JDBC URL: jdbc:postgresql://localhost:62576/test?loggerLevel=OFF)
2026-10-03 15:32:20 INFO  org.flywaydb.core.FlywayExecutor - Database: jdbc:postgresql://localhost:62576/flyway_ref (PostgreSQL 16.9)
2026-10-03 15:32:20 INFO  o.f.c.i.s.JdbcTableSchemaHistory - Schema history table "public"."flyway_schema_history" does not exist yet
2026-10-03 15:32:20 INFO  o.f.core.internal.command.DbValidate - Successfully validated 11 migrations (execution time 00:00.005s)
2026-10-03 15:32:20 INFO  o.f.c.i.s.JdbcTableSchemaHistory - Creating Schema History table "public"."flyway_schema_history" ...
2026-10-03 15:32:20 INFO  o.f.core.internal.command.DbMigrate - Current version of schema "public": << Empty Schema >>
2026-10-03 15:32:20 INFO  o.f.core.internal.command.DbMigrate - Migrating schema "public" to version "1 - esquema inicial"
2026-10-03 15:32:20 INFO  o.f.core.internal.command.DbMigrate - Migrating schema "public" to version "2 - datos de referencia"
2026-10-03 15:32:20 INFO  o.f.core.internal.command.DbMigrate - Migrating schema "public" to version "3 - montos calculados con todos los decimales"
2026-10-03 15:32:20 INFO  o.f.core.internal.command.DbMigrate - Migrating schema "public" to version "4 - estado inactivado por pagador"
2026-10-03 15:32:20 INFO  o.f.core.internal.command.DbMigrate - Migrating schema "public" to version "5 - lotes de dispersion"
2026-10-03 15:32:20 INFO  o.f.core.internal.command.DbMigrate - Migrating schema "public" to version "6 - alta de usuarios proveedor fuera de la carga"
2026-10-03 15:32:20 INFO  o.f.core.internal.command.DbMigrate - Migrating schema "public" to version "7 - eliminar niu de entidades"
2026-10-03 15:32:20 INFO  o.f.core.internal.command.DbMigrate - Migrating schema "public" to version "8 - eliminar rol operator"
2026-10-03 15:32:20 INFO  o.f.core.internal.command.DbMigrate - Migrating schema "public" to version "9 - recursos de carga"
2026-10-03 15:32:20 INFO  o.f.core.internal.command.DbMigrate - Migrating schema "public" to version "10 - manual de carga pdf"
2026-10-03 15:32:20 INFO  o.f.core.internal.command.DbMigrate - Migrating schema "public" to version "11 - bitacora de documentos operador"
2026-10-03 15:32:20 INFO  o.f.core.internal.command.DbMigrate - Successfully applied 11 migrations to schema "public", now at version v11 (execution time 00:00.064s)
2026-10-03 15:32:20 INFO  org.flywaydb.core.FlywayExecutor - Database: jdbc:postgresql://localhost:62576/actualizacion (PostgreSQL 16.9)
2026-10-03 15:32:20 INFO  o.f.c.i.s.JdbcTableSchemaHistory - Schema history table "public"."flyway_schema_history" does not exist yet
2026-10-03 15:32:20 INFO  o.f.core.internal.command.DbValidate - Successfully validated 11 migrations (execution time 00:00.009s)
2026-10-03 15:32:20 INFO  o.f.c.i.s.JdbcTableSchemaHistory - Creating Schema History table "public"."flyway_schema_history" ...
2026-10-03 15:32:20 INFO  o.f.core.internal.command.DbMigrate - Current version of schema "public": << Empty Schema >>
2026-10-03 15:32:20 INFO  o.f.core.internal.command.DbMigrate - Migrating schema "public" to version "1 - esquema inicial"
2026-10-03 15:32:20 INFO  o.f.core.internal.command.DbMigrate - Migrating schema "public" to version "2 - datos de referencia"
2026-10-03 15:32:20 INFO  o.f.core.internal.command.DbMigrate - Migrating schema "public" to version "3 - montos calculados con todos los decimales"
2026-10-03 15:32:20 INFO  o.f.core.internal.command.DbMigrate - Migrating schema "public" to version "4 - estado inactivado por pagador"
2026-10-03 15:32:20 INFO  o.f.core.internal.command.DbMigrate - Migrating schema "public" to version "5 - lotes de dispersion"
2026-10-03 15:32:20 INFO  o.f.core.internal.command.DbMigrate - Migrating schema "public" to version "6 - alta de usuarios proveedor fuera de la carga"
2026-10-03 15:32:20 INFO  o.f.core.internal.command.DbMigrate - Migrating schema "public" to version "7 - eliminar niu de entidades"
2026-10-03 15:32:20 INFO  o.f.core.internal.command.DbMigrate - Migrating schema "public" to version "8 - eliminar rol operator"
2026-10-03 15:32:20 INFO  o.f.core.internal.command.DbMigrate - Successfully applied 8 migrations to schema "public", now at version v8 (execution time 00:00.061s)
2026-10-03 15:32:21 INFO  c.d.f.s.impl.DocumentServiceImpl - Cupo null liberado por inactivación de 1 documento(s): consumo $5000.00 -> $4000.00.
2026-10-03 15:32:21 INFO  c.d.f.s.impl.DocumentServiceImpl - Documento 65fd722d-5d9e-4915-86b6-e6dc39af78c3 inactivado manualmente por el usuario 343193cf-12f1-403e-a9cb-2f91ff76c92a.
2026-10-03 15:32:21 INFO  c.d.f.s.impl.DocumentServiceImpl - Cupo null liberado por inactivación de 1 documento(s): consumo $5000.00 -> $4000.00.
2026-10-03 15:32:21 INFO  c.d.f.s.impl.DocumentServiceImpl - Documento 38ec5b00-978e-4b48-bcdb-d75108007444 inactivado manualmente por el usuario 1424e718-0d86-4c54-91aa-0d6e1e6cfacf.
2026-10-03 15:32:21 INFO  c.d.f.s.impl.DocumentServiceImpl - Fetching financeable documents for master agreement ID: db0d85e4-36d4-4230-a5d3-0f922449f8af
2026-10-03 15:32:21 INFO  c.d.f.s.impl.DocumentServiceImpl - Cupo null liberado por inactivación de 1 documento(s): consumo $5000.00 -> $4000.00.
2026-10-03 15:32:21 INFO  c.d.f.s.impl.DocumentServiceImpl - 1 documento(s) del convenio db0d85e4-36d4-4230-a5d3-0f922449f8af pasaron a cuarentena por no ser financiables.
2026-10-03 15:32:21 INFO  c.d.f.s.i.DispersionBatchServiceImpl - Lote de dispersión DSP-20261002-6D7B65 creado: pagador 9c4dcab9-c206-48b7-b634-52af384b7d76, vencimiento 2026-09-20, 1 documento(s), total 100.00.
2026-10-03 15:32:21 INFO  c.d.f.s.i.DispersionBatchServiceImpl - Lote de dispersión DSP-20261002-ABC123 confirmado por el usuario 333d663f-093e-439c-8b6c-74429d811f8a: 2 documento(s) dispersados.
2026-10-03 15:32:21 INFO  c.d.f.s.i.DispersionBatchServiceImpl - Lote de dispersión DSP-20261002-573623 creado: pagador fbdc8fa4-f519-4fae-825f-bbb73bd5a69e, vencimiento 2026-10-05, 2 documento(s), total 17347.00.
2026-10-03 15:32:22 ERROR c.d.f.service.impl.FundingCalculator - División por cero evitada: la base no puede ser cero.
2026-10-03 15:32:22 INFO  c.d.f.service.impl.FundingCalculator - [CALCULO] Totales | nominal 3500.55 | monto a financiar 3440.491071731711441470 | interés 60.058928268288558530 | comisión con IVA 9.719387277642084823 | a desembolsar 3430.771684454069356647
2026-10-03 15:32:22 INFO  c.d.f.s.i.UploadResourceServiceImpl - Recurso de carga TEMPLATE reemplazado por el usuario null (3344 bytes)
2026-10-03 15:32:22 INFO  c.d.f.s.i.UploadResourceServiceImpl - Recurso de carga MANUAL reemplazado por el usuario null (813 bytes)
2026-10-03 15:32:22 INFO  c.d.f.s.i.UploadResourceServiceImpl - Recurso de carga TEMPLATE reemplazado por el usuario null (3327 bytes)
2026-10-03 15:32:22 INFO  c.d.f.service.impl.EntityServiceImpl - Registering payer with NIT 06140101901011
2026-10-03 15:32:22 INFO  c.d.f.service.impl.EntityServiceImpl - Payer null registered with credit facility null and pricing term null
2026-10-03 15:32:22 INFO  c.d.f.service.impl.EntityServiceImpl - Registering payer with NIT 06140101901011
2026-10-03 15:32:22 INFO  c.d.f.service.impl.EntityServiceImpl - Updating payer 3aa8a9c5-fbbb-4212-b75f-7a7a2f2d99c4
2026-10-03 15:32:22 INFO  c.d.f.service.impl.EntityServiceImpl - Updating payer 23cbb9e1-2b6c-43ec-9dc0-472fb77818fb
2026-10-03 15:32:22 INFO  c.d.f.service.impl.EntityServiceImpl - Payer 23cbb9e1-2b6c-43ec-9dc0-472fb77818fb updated
2026-10-03 15:32:22 INFO  o.s.t.c.s.AnnotationConfigContextLoaderUtils - Could not detect default configuration classes for test class [com.davivienda.factoraje.infrastructure.config.SecurityConfigTest]: SecurityConfigTest does not declare any static, non-private, non-final, nested classes annotated with @Configuration.
2026-10-03 15:32:22 INFO  o.s.b.t.c.SpringBootTestContextBootstrapper - Found @SpringBootConfiguration com.davivienda.factoraje.FactorajeApplication for test class com.davivienda.factoraje.infrastructure.config.SecurityConfigTest
2026-10-03 15:32:22 INFO  o.s.b.d.r.RestartApplicationListener - Restart disabled due to context in which it is running
2026-10-03 15:32:22 WARN  o.s.b.t.j.DuplicateJsonObjectContextCustomizerFactory$DuplicateJsonObjectContextCustomizer - 

Found multiple occurrences of org.json.JSONObject on the class path:

	jar:file:/Users/ch/.m2/repository/org/json/json/20140107/json-20140107.jar!/org/json/JSONObject.class
	jar:file:/Users/ch/.m2/repository/com/vaadin/external/google/android-json/0.0.20131108.vaadin1/android-json-0.0.20131108.vaadin1.jar!/org/json/JSONObject.class

You may wish to exclude one of them to ensure predictable runtime behavior

2026-10-03 15:32:22 INFO  c.d.f.i.config.SecurityConfigTest - Starting SecurityConfigTest using Java 21.0.8 with PID 42566 (started by ch in /Users/ch/Documents/Desarrollo de sistemas/FinCXPXC/CXP_DAV_SERVER_REFACTOR)
2026-10-03 15:32:22 INFO  c.d.f.i.config.SecurityConfigTest - No active profile set, falling back to 1 default profile: "default"
2026-10-03 15:32:23 INFO  o.s.s.c.a.a.c.InitializeUserDetailsBeanManagerConfigurer$InitializeUserDetailsManagerConfigurer - Global AuthenticationManager configured with UserDetailsService bean with name inMemoryUserDetailsManager
2026-10-03 15:32:23 INFO  o.s.s.web.DefaultSecurityFilterChain - Will secure any request with [org.springframework.security.web.session.DisableEncodeUrlFilter@14d27207, org.springframework.security.web.context.request.async.WebAsyncManagerIntegrationFilter@1e0c6c36, org.springframework.security.web.context.SecurityContextHolderFilter@7e086b5e, org.springframework.security.web.header.HeaderWriterFilter@5e88e2e7, org.springframework.web.filter.CorsFilter@198a10fa, org.springframework.security.web.authentication.logout.LogoutFilter@4337ecac, com.davivienda.factoraje.infrastructure.security.JwtAuthenticationFilter@6cf9d125, org.springframework.security.web.savedrequest.RequestCacheAwareFilter@4eed96ca, org.springframework.security.web.servletapi.SecurityContextHolderAwareRequestFilter@3b72a58, org.springframework.security.web.authentication.AnonymousAuthenticationFilter@2d766c77, org.springframework.security.web.session.SessionManagementFilter@357194d, org.springframework.security.web.access.ExceptionTranslationFilter@23942294, org.springframework.security.web.access.intercept.AuthorizationFilter@1453c0f3]
2026-10-03 15:32:23 INFO  o.s.b.t.m.w.SpringBootMockServletContext - Initializing Spring TestDispatcherServlet ''
2026-10-03 15:32:23 INFO  o.s.t.w.s.TestDispatcherServlet - Initializing Servlet ''
2026-10-03 15:32:23 INFO  o.s.t.w.s.TestDispatcherServlet - Completed initialization in 0 ms
2026-10-03 15:32:23 INFO  c.d.f.i.config.SecurityConfigTest - Started SecurityConfigTest in 0.515 seconds (process running for 8.428)
2026-10-03 15:32:23 INFO  o.s.o.j.LocalContainerEntityManagerFactoryBean - Closing JPA EntityManagerFactory for persistence unit 'default'
2026-10-03 15:32:23 INFO  com.zaxxer.hikari.HikariDataSource - HikariPool-1 - Shutdown initiated...
2026-10-03 15:32:23 INFO  com.zaxxer.hikari.HikariDataSource - HikariPool-1 - Shutdown completed.
2026-10-03 15:34:31 WARN  o.s.b.t.j.DuplicateJsonObjectContextCustomizerFactory$DuplicateJsonObjectContextCustomizer - 

Found multiple occurrences of org.json.JSONObject on the class path:

	jar:file:/Users/ch/.m2/repository/org/json/json/20140107/json-20140107.jar!/org/json/JSONObject.class
	jar:file:/Users/ch/.m2/repository/com/vaadin/external/google/android-json/0.0.20131108.vaadin1/android-json-0.0.20131108.vaadin1.jar!/org/json/JSONObject.class

You may wish to exclude one of them to ensure predictable runtime behavior

2026-10-03 15:34:31 INFO  c.d.f.r.DocumentDoubleFundingIndexTest - Starting DocumentDoubleFundingIndexTest using Java 21.0.8 with PID 44769 (started by ch in /Users/ch/Documents/Desarrollo de sistemas/FinCXPXC/CXP_DAV_SERVER_REFACTOR)
2026-10-03 15:34:31 INFO  c.d.f.r.DocumentDoubleFundingIndexTest - No active profile set, falling back to 1 default profile: "default"
2026-10-03 15:34:31 INFO  o.s.d.r.c.RepositoryConfigurationDelegate - Bootstrapping Spring Data JPA repositories in DEFAULT mode.
2026-10-03 15:34:31 INFO  o.s.d.r.c.RepositoryConfigurationDelegate - Finished Spring Data repository scanning in 52 ms. Found 27 JPA repository interfaces.
2026-10-03 15:34:31 INFO  org.flywaydb.core.FlywayExecutor - Database: jdbc:postgresql://localhost:62752/test (PostgreSQL 16.9)
2026-10-03 15:34:32 INFO  o.f.c.i.s.JdbcTableSchemaHistory - Schema history table "public"."flyway_schema_history" does not exist yet
2026-10-03 15:34:32 INFO  o.f.core.internal.command.DbValidate - Successfully validated 11 migrations (execution time 00:00.007s)
2026-10-03 15:34:32 INFO  o.f.c.i.s.JdbcTableSchemaHistory - Creating Schema History table "public"."flyway_schema_history" ...
2026-10-03 15:34:32 INFO  o.f.core.internal.command.DbMigrate - Current version of schema "public": << Empty Schema >>
2026-10-03 15:34:32 INFO  o.f.core.internal.command.DbMigrate - Migrating schema "public" to version "1 - esquema inicial"
2026-10-03 15:34:32 INFO  o.f.core.internal.command.DbMigrate - Migrating schema "public" to version "2 - datos de referencia"
2026-10-03 15:34:32 INFO  o.f.core.internal.command.DbMigrate - Migrating schema "public" to version "3 - montos calculados con todos los decimales"
2026-10-03 15:34:32 INFO  o.f.core.internal.command.DbMigrate - Migrating schema "public" to version "4 - estado inactivado por pagador"
2026-10-03 15:34:32 INFO  o.f.core.internal.command.DbMigrate - Migrating schema "public" to version "5 - lotes de dispersion"
2026-10-03 15:34:32 INFO  o.f.core.internal.command.DbMigrate - Migrating schema "public" to version "6 - alta de usuarios proveedor fuera de la carga"
2026-10-03 15:34:32 INFO  o.f.core.internal.command.DbMigrate - Migrating schema "public" to version "7 - eliminar niu de entidades"
2026-10-03 15:34:32 INFO  o.f.core.internal.command.DbMigrate - Migrating schema "public" to version "8 - eliminar rol operator"
2026-10-03 15:34:32 INFO  o.f.core.internal.command.DbMigrate - Migrating schema "public" to version "9 - recursos de carga"
2026-10-03 15:34:32 INFO  o.f.core.internal.command.DbMigrate - Migrating schema "public" to version "10 - manual de carga pdf"
2026-10-03 15:34:32 INFO  o.f.core.internal.command.DbMigrate - Migrating schema "public" to version "11 - bitacora de documentos operador"
2026-10-03 15:34:32 INFO  o.f.core.internal.command.DbMigrate - Successfully applied 11 migrations to schema "public", now at version v11 (execution time 00:00.095s)
2026-10-03 15:34:32 INFO  o.h.jpa.internal.util.LogHelper - HHH000204: Processing PersistenceUnitInfo [name: default]
2026-10-03 15:34:32 INFO  org.hibernate.Version - HHH000412: Hibernate ORM core version 6.5.2.Final
2026-10-03 15:34:32 INFO  o.h.c.i.RegionFactoryInitiator - HHH000026: Second-level cache disabled
2026-10-03 15:34:32 INFO  com.zaxxer.hikari.HikariDataSource - HikariPool-1 - Starting...
2026-10-03 15:34:32 INFO  com.zaxxer.hikari.pool.HikariPool - HikariPool-1 - Added connection org.postgresql.jdbc.PgConnection@1ab28416
2026-10-03 15:34:32 INFO  com.zaxxer.hikari.HikariDataSource - HikariPool-1 - Start completed.
2026-10-03 15:34:32 WARN  org.hibernate.orm.deprecation - HHH90000025: PostgreSQLDialect does not need to be specified explicitly using 'hibernate.dialect' (remove the property setting and it will be selected by default)
2026-10-03 15:34:32 INFO  o.s.o.j.p.SpringPersistenceUnitInfo - No LoadTimeWeaver setup: ignoring JPA class transformer
2026-10-03 15:34:32 INFO  o.h.e.t.j.p.i.JtaPlatformInitiator - HHH000489: No JTA platform available (set 'hibernate.transaction.jta.platform' to enable JTA platform integration)
2026-10-03 15:34:32 INFO  o.s.o.j.LocalContainerEntityManagerFactoryBean - Initialized JPA EntityManagerFactory for persistence unit 'default'
2026-10-03 15:34:32 INFO  o.s.d.j.r.query.QueryEnhancerFactory - Hibernate is in classpath; If applicable, HQL parser will be used.
2026-10-03 15:34:33 INFO  c.d.f.r.DocumentDoubleFundingIndexTest - Started DocumentDoubleFundingIndexTest in 2.107 seconds (process running for 4.026)
2026-10-03 15:34:33 WARN  o.h.e.jdbc.spi.SqlExceptionHelper - SQL Error: 0, SQLState: 23505
2026-10-03 15:34:33 ERROR o.h.e.jdbc.spi.SqlExceptionHelper - ERROR: duplicate key value violates unique constraint "uq_documents_generation_code"
  Detail: Key (upper(generation_code::text))=(AB12CD34-0000-4000-8000-000000000001) already exists.
2026-10-03 15:34:33 WARN  o.h.e.jdbc.spi.SqlExceptionHelper - SQL Error: 0, SQLState: 23505
2026-10-03 15:34:33 ERROR o.h.e.jdbc.spi.SqlExceptionHelper - ERROR: duplicate key value violates unique constraint "uq_documents_received_stamp"
  Detail: Key (upper(received_stamp::text))=(AAAAAAAAAAAAAAAAAAAAAAAAAAAAAAAAAAAAAAAA) already exists.
2026-10-03 15:34:33 WARN  o.h.e.jdbc.spi.SqlExceptionHelper - SQL Error: 0, SQLState: 23505
2026-10-03 15:34:33 ERROR o.h.e.jdbc.spi.SqlExceptionHelper - ERROR: duplicate key value violates unique constraint "uq_documents_control_number"
  Detail: Key (upper(control_number::text))=(DTE-03-ABCD1234-000000000000001) already exists.
2026-10-03 15:34:33 WARN  o.h.e.jdbc.spi.SqlExceptionHelper - SQL Error: 0, SQLState: 23505
2026-10-03 15:34:33 ERROR o.h.e.jdbc.spi.SqlExceptionHelper - ERROR: duplicate key value violates unique constraint "uq_documents_paper_number_year"
  Detail: Key (master_agreement_id, document_number, EXTRACT(year FROM issue_date))=(da964527-ba18-4850-8bae-834eeba2612e, F-100, 2026) already exists.
2026-10-03 15:34:34 INFO  tc.postgres:16.9 - Creating container for image: postgres:16.9
2026-10-03 15:34:34 INFO  tc.postgres:16.9 - Container postgres:16.9 is starting: 1a9d2534a03a6682032d1427594580d2d42ce4f5ed179b176c89a6b5ed841d55
2026-10-03 15:34:34 INFO  tc.postgres:16.9 - Container postgres:16.9 started in PT0.661622S
2026-10-03 15:34:34 INFO  tc.postgres:16.9 - Container is started (JDBC URL: jdbc:postgresql://localhost:62766/test?loggerLevel=OFF)
2026-10-03 15:34:34 INFO  org.flywaydb.core.FlywayExecutor - Database: jdbc:postgresql://localhost:62766/flyway_ref (PostgreSQL 16.9)
2026-10-03 15:34:34 INFO  o.f.c.i.s.JdbcTableSchemaHistory - Schema history table "public"."flyway_schema_history" does not exist yet
2026-10-03 15:34:34 INFO  o.f.core.internal.command.DbValidate - Successfully validated 11 migrations (execution time 00:00.004s)
2026-10-03 15:34:34 INFO  o.f.c.i.s.JdbcTableSchemaHistory - Creating Schema History table "public"."flyway_schema_history" ...
2026-10-03 15:34:34 INFO  o.f.core.internal.command.DbMigrate - Current version of schema "public": << Empty Schema >>
2026-10-03 15:34:34 INFO  o.f.core.internal.command.DbMigrate - Migrating schema "public" to version "1 - esquema inicial"
2026-10-03 15:34:34 INFO  o.f.core.internal.command.DbMigrate - Migrating schema "public" to version "2 - datos de referencia"
2026-10-03 15:34:34 INFO  o.f.core.internal.command.DbMigrate - Migrating schema "public" to version "3 - montos calculados con todos los decimales"
2026-10-03 15:34:34 INFO  o.f.core.internal.command.DbMigrate - Migrating schema "public" to version "4 - estado inactivado por pagador"
2026-10-03 15:34:34 INFO  o.f.core.internal.command.DbMigrate - Migrating schema "public" to version "5 - lotes de dispersion"
2026-10-03 15:34:34 INFO  o.f.core.internal.command.DbMigrate - Migrating schema "public" to version "6 - alta de usuarios proveedor fuera de la carga"
2026-10-03 15:34:34 INFO  o.f.core.internal.command.DbMigrate - Migrating schema "public" to version "7 - eliminar niu de entidades"
2026-10-03 15:34:34 INFO  o.f.core.internal.command.DbMigrate - Migrating schema "public" to version "8 - eliminar rol operator"
2026-10-03 15:34:34 INFO  o.f.core.internal.command.DbMigrate - Migrating schema "public" to version "9 - recursos de carga"
2026-10-03 15:34:34 INFO  o.f.core.internal.command.DbMigrate - Migrating schema "public" to version "10 - manual de carga pdf"
2026-10-03 15:34:34 INFO  o.f.core.internal.command.DbMigrate - Migrating schema "public" to version "11 - bitacora de documentos operador"
2026-10-03 15:34:34 INFO  o.f.core.internal.command.DbMigrate - Successfully applied 11 migrations to schema "public", now at version v11 (execution time 00:00.071s)
2026-10-03 15:34:35 INFO  org.flywaydb.core.FlywayExecutor - Database: jdbc:postgresql://localhost:62766/actualizacion (PostgreSQL 16.9)
2026-10-03 15:34:35 INFO  o.f.c.i.s.JdbcTableSchemaHistory - Schema history table "public"."flyway_schema_history" does not exist yet
2026-10-03 15:34:35 INFO  o.f.core.internal.command.DbValidate - Successfully validated 11 migrations (execution time 00:00.002s)
2026-10-03 15:34:35 INFO  o.f.c.i.s.JdbcTableSchemaHistory - Creating Schema History table "public"."flyway_schema_history" ...
2026-10-03 15:34:35 INFO  o.f.core.internal.command.DbMigrate - Current version of schema "public": << Empty Schema >>
2026-10-03 15:34:35 INFO  o.f.core.internal.command.DbMigrate - Migrating schema "public" to version "1 - esquema inicial"
2026-10-03 15:34:35 INFO  o.f.core.internal.command.DbMigrate - Migrating schema "public" to version "2 - datos de referencia"
2026-10-03 15:34:35 INFO  o.f.core.internal.command.DbMigrate - Migrating schema "public" to version "3 - montos calculados con todos los decimales"
2026-10-03 15:34:35 INFO  o.f.core.internal.command.DbMigrate - Migrating schema "public" to version "4 - estado inactivado por pagador"
2026-10-03 15:34:35 INFO  o.f.core.internal.command.DbMigrate - Migrating schema "public" to version "5 - lotes de dispersion"
2026-10-03 15:34:35 INFO  o.f.core.internal.command.DbMigrate - Migrating schema "public" to version "6 - alta de usuarios proveedor fuera de la carga"
2026-10-03 15:34:35 INFO  o.f.core.internal.command.DbMigrate - Migrating schema "public" to version "7 - eliminar niu de entidades"
2026-10-03 15:34:35 INFO  o.f.core.internal.command.DbMigrate - Migrating schema "public" to version "8 - eliminar rol operator"
2026-10-03 15:34:35 INFO  o.f.core.internal.command.DbMigrate - Successfully applied 8 migrations to schema "public", now at version v8 (execution time 00:00.062s)
2026-10-03 15:34:36 INFO  c.d.f.s.impl.DocumentServiceImpl - Cupo null liberado por inactivación de 1 documento(s): consumo $5000.00 -> $4000.00.
2026-10-03 15:34:36 INFO  c.d.f.s.impl.DocumentServiceImpl - Documento 60942364-6ff9-4ef2-88e1-f4b4dcb824a1 inactivado manualmente por el usuario 0636634f-cdf3-4e42-a9d1-6d8b0bf29005.
2026-10-03 15:34:36 INFO  c.d.f.s.impl.DocumentServiceImpl - Cupo null liberado por inactivación de 1 documento(s): consumo $5000.00 -> $4000.00.
2026-10-03 15:34:36 INFO  c.d.f.s.impl.DocumentServiceImpl - Documento feb38f51-06eb-458a-af54-1ce58aa46359 inactivado manualmente por el usuario 9a38e28e-f2fd-4784-9a28-f43ad5cd8163.
2026-10-03 15:34:36 INFO  c.d.f.s.impl.DocumentServiceImpl - Fetching financeable documents for master agreement ID: 4d2ef9ce-8877-44a1-b039-fae61c64154b
2026-10-03 15:34:36 INFO  c.d.f.s.impl.DocumentServiceImpl - Cupo null liberado por inactivación de 1 documento(s): consumo $5000.00 -> $4000.00.
2026-10-03 15:34:36 INFO  c.d.f.s.impl.DocumentServiceImpl - 1 documento(s) del convenio 4d2ef9ce-8877-44a1-b039-fae61c64154b pasaron a cuarentena por no ser financiables.
2026-10-03 15:34:36 INFO  c.d.f.s.i.DispersionBatchServiceImpl - Lote de dispersión DSP-20261002-9079A7 creado: pagador 7f88be64-2d7c-4c59-b189-2a1092ca6ab7, vencimiento 2026-09-20, 1 documento(s), total 100.00.
2026-10-03 15:34:36 INFO  c.d.f.s.i.DispersionBatchServiceImpl - Lote de dispersión DSP-20261002-ABC123 confirmado por el usuario f4bd5a51-2fe9-4cd5-b5ad-be6f734d2b38: 2 documento(s) dispersados.
2026-10-03 15:34:36 INFO  c.d.f.s.i.DispersionBatchServiceImpl - Lote de dispersión DSP-20261002-B1C1B6 creado: pagador 76b9a513-3219-45f7-b070-f274588d3f3b, vencimiento 2026-10-05, 2 documento(s), total 17347.00.
2026-10-03 15:34:37 ERROR c.d.f.service.impl.FundingCalculator - División por cero evitada: la base no puede ser cero.
2026-10-03 15:34:37 INFO  c.d.f.service.impl.FundingCalculator - [CALCULO] Totales | nominal 3500.55 | monto a financiar 3440.491071731711441470 | interés 60.058928268288558530 | comisión con IVA 9.719387277642084823 | a desembolsar 3430.771684454069356647
2026-10-03 15:34:37 INFO  c.d.f.s.i.UploadResourceServiceImpl - Recurso de carga TEMPLATE reemplazado por el usuario null (3345 bytes)
2026-10-03 15:34:37 INFO  c.d.f.s.i.UploadResourceServiceImpl - Recurso de carga MANUAL reemplazado por el usuario null (813 bytes)
2026-10-03 15:34:37 INFO  c.d.f.s.i.UploadResourceServiceImpl - Recurso de carga TEMPLATE reemplazado por el usuario null (3328 bytes)
2026-10-03 15:34:37 INFO  c.d.f.service.impl.EntityServiceImpl - Registering payer with NIT 06140101901011
2026-10-03 15:34:37 INFO  c.d.f.service.impl.EntityServiceImpl - Payer null registered with credit facility null and pricing term null
2026-10-03 15:34:37 INFO  c.d.f.service.impl.EntityServiceImpl - Registering payer with NIT 06140101901011
2026-10-03 15:34:37 INFO  c.d.f.service.impl.EntityServiceImpl - Updating payer ad9a5308-75ef-45b0-a957-ed1d8a10b2e1
2026-10-03 15:34:37 INFO  c.d.f.service.impl.EntityServiceImpl - Updating payer 950e412a-e256-49b6-b573-9ed2c0ac9b76
2026-10-03 15:34:37 INFO  c.d.f.service.impl.EntityServiceImpl - Payer 950e412a-e256-49b6-b573-9ed2c0ac9b76 updated
2026-10-03 15:34:37 INFO  o.s.t.c.s.AnnotationConfigContextLoaderUtils - Could not detect default configuration classes for test class [com.davivienda.factoraje.infrastructure.config.SecurityConfigTest]: SecurityConfigTest does not declare any static, non-private, non-final, nested classes annotated with @Configuration.
2026-10-03 15:34:37 INFO  o.s.b.t.c.SpringBootTestContextBootstrapper - Found @SpringBootConfiguration com.davivienda.factoraje.FactorajeApplication for test class com.davivienda.factoraje.infrastructure.config.SecurityConfigTest
2026-10-03 15:34:37 INFO  o.s.b.d.r.RestartApplicationListener - Restart disabled due to context in which it is running
2026-10-03 15:34:37 WARN  o.s.b.t.j.DuplicateJsonObjectContextCustomizerFactory$DuplicateJsonObjectContextCustomizer - 

Found multiple occurrences of org.json.JSONObject on the class path:

	jar:file:/Users/ch/.m2/repository/org/json/json/20140107/json-20140107.jar!/org/json/JSONObject.class
	jar:file:/Users/ch/.m2/repository/com/vaadin/external/google/android-json/0.0.20131108.vaadin1/android-json-0.0.20131108.vaadin1.jar!/org/json/JSONObject.class

You may wish to exclude one of them to ensure predictable runtime behavior

2026-10-03 15:34:37 INFO  c.d.f.i.config.SecurityConfigTest - Starting SecurityConfigTest using Java 21.0.8 with PID 44769 (started by ch in /Users/ch/Documents/Desarrollo de sistemas/FinCXPXC/CXP_DAV_SERVER_REFACTOR)
2026-10-03 15:34:37 INFO  c.d.f.i.config.SecurityConfigTest - No active profile set, falling back to 1 default profile: "default"
2026-10-03 15:34:38 INFO  o.s.s.c.a.a.c.InitializeUserDetailsBeanManagerConfigurer$InitializeUserDetailsManagerConfigurer - Global AuthenticationManager configured with UserDetailsService bean with name inMemoryUserDetailsManager
2026-10-03 15:34:38 INFO  o.s.s.web.DefaultSecurityFilterChain - Will secure any request with [org.springframework.security.web.session.DisableEncodeUrlFilter@3245ecb6, org.springframework.security.web.context.request.async.WebAsyncManagerIntegrationFilter@5117aeea, org.springframework.security.web.context.SecurityContextHolderFilter@228cd3bd, org.springframework.security.web.header.HeaderWriterFilter@e549c60, org.springframework.web.filter.CorsFilter@27955a53, org.springframework.security.web.authentication.logout.LogoutFilter@7862d0bd, com.davivienda.factoraje.infrastructure.security.JwtAuthenticationFilter@bf725ab, org.springframework.security.web.savedrequest.RequestCacheAwareFilter@1c505d76, org.springframework.security.web.servletapi.SecurityContextHolderAwareRequestFilter@77a2873c, org.springframework.security.web.authentication.AnonymousAuthenticationFilter@678f564a, org.springframework.security.web.session.SessionManagementFilter@19cab9ee, org.springframework.security.web.access.ExceptionTranslationFilter@1cf6b01c, org.springframework.security.web.access.intercept.AuthorizationFilter@345aed71]
2026-10-03 15:34:38 INFO  o.s.b.t.m.w.SpringBootMockServletContext - Initializing Spring TestDispatcherServlet ''
2026-10-03 15:34:38 INFO  o.s.t.w.s.TestDispatcherServlet - Initializing Servlet ''
2026-10-03 15:34:38 INFO  o.s.t.w.s.TestDispatcherServlet - Completed initialization in 0 ms
2026-10-03 15:34:38 INFO  c.d.f.i.config.SecurityConfigTest - Started SecurityConfigTest in 0.507 seconds (process running for 8.677)
2026-10-03 15:34:38 INFO  o.s.o.j.LocalContainerEntityManagerFactoryBean - Closing JPA EntityManagerFactory for persistence unit 'default'
2026-10-03 15:34:38 INFO  com.zaxxer.hikari.HikariDataSource - HikariPool-1 - Shutdown initiated...
2026-10-03 15:34:38 INFO  com.zaxxer.hikari.HikariDataSource - HikariPool-1 - Shutdown completed.
2026-10-03 15:34:49 WARN  o.s.b.t.j.DuplicateJsonObjectContextCustomizerFactory$DuplicateJsonObjectContextCustomizer - 

Found multiple occurrences of org.json.JSONObject on the class path:

	jar:file:/Users/ch/.m2/repository/org/json/json/20140107/json-20140107.jar!/org/json/JSONObject.class
	jar:file:/Users/ch/.m2/repository/com/vaadin/external/google/android-json/0.0.20131108.vaadin1/android-json-0.0.20131108.vaadin1.jar!/org/json/JSONObject.class

You may wish to exclude one of them to ensure predictable runtime behavior

2026-10-03 15:34:49 INFO  c.d.f.r.DocumentDoubleFundingIndexTest - Starting DocumentDoubleFundingIndexTest using Java 21.0.8 with PID 45116 (started by ch in /Users/ch/Documents/Desarrollo de sistemas/FinCXPXC/CXP_DAV_SERVER_REFACTOR)
2026-10-03 15:34:49 INFO  c.d.f.r.DocumentDoubleFundingIndexTest - No active profile set, falling back to 1 default profile: "default"
2026-10-03 15:34:49 INFO  o.s.d.r.c.RepositoryConfigurationDelegate - Bootstrapping Spring Data JPA repositories in DEFAULT mode.
2026-10-03 15:34:50 INFO  o.s.d.r.c.RepositoryConfigurationDelegate - Finished Spring Data repository scanning in 44 ms. Found 27 JPA repository interfaces.
2026-10-03 15:34:50 INFO  org.flywaydb.core.FlywayExecutor - Database: jdbc:postgresql://localhost:62864/test (PostgreSQL 16.9)
2026-10-03 15:34:50 INFO  o.f.c.i.s.JdbcTableSchemaHistory - Schema history table "public"."flyway_schema_history" does not exist yet
2026-10-03 15:34:50 INFO  o.f.core.internal.command.DbValidate - Successfully validated 11 migrations (execution time 00:00.007s)
2026-10-03 15:34:50 INFO  o.f.c.i.s.JdbcTableSchemaHistory - Creating Schema History table "public"."flyway_schema_history" ...
2026-10-03 15:34:50 INFO  o.f.core.internal.command.DbMigrate - Current version of schema "public": << Empty Schema >>
2026-10-03 15:34:50 INFO  o.f.core.internal.command.DbMigrate - Migrating schema "public" to version "1 - esquema inicial"
2026-10-03 15:34:50 INFO  o.f.core.internal.command.DbMigrate - Migrating schema "public" to version "2 - datos de referencia"
2026-10-03 15:34:50 INFO  o.f.core.internal.command.DbMigrate - Migrating schema "public" to version "3 - montos calculados con todos los decimales"
2026-10-03 15:34:50 INFO  o.f.core.internal.command.DbMigrate - Migrating schema "public" to version "4 - estado inactivado por pagador"
2026-10-03 15:34:50 INFO  o.f.core.internal.command.DbMigrate - Migrating schema "public" to version "5 - lotes de dispersion"
2026-10-03 15:34:50 INFO  o.f.core.internal.command.DbMigrate - Migrating schema "public" to version "6 - alta de usuarios proveedor fuera de la carga"
2026-10-03 15:34:50 INFO  o.f.core.internal.command.DbMigrate - Migrating schema "public" to version "7 - eliminar niu de entidades"
2026-10-03 15:34:50 INFO  o.f.core.internal.command.DbMigrate - Migrating schema "public" to version "8 - eliminar rol operator"
2026-10-03 15:34:50 INFO  o.f.core.internal.command.DbMigrate - Migrating schema "public" to version "9 - recursos de carga"
2026-10-03 15:34:50 INFO  o.f.core.internal.command.DbMigrate - Migrating schema "public" to version "10 - manual de carga pdf"
2026-10-03 15:34:50 INFO  o.f.core.internal.command.DbMigrate - Migrating schema "public" to version "11 - bitacora de documentos operador"
2026-10-03 15:34:50 INFO  o.f.core.internal.command.DbMigrate - Successfully applied 11 migrations to schema "public", now at version v11 (execution time 00:00.091s)
2026-10-03 15:34:50 INFO  o.h.jpa.internal.util.LogHelper - HHH000204: Processing PersistenceUnitInfo [name: default]
2026-10-03 15:34:50 INFO  org.hibernate.Version - HHH000412: Hibernate ORM core version 6.5.2.Final
2026-10-03 15:34:50 INFO  o.h.c.i.RegionFactoryInitiator - HHH000026: Second-level cache disabled
2026-10-03 15:34:50 INFO  com.zaxxer.hikari.HikariDataSource - HikariPool-1 - Starting...
2026-10-03 15:34:50 INFO  com.zaxxer.hikari.pool.HikariPool - HikariPool-1 - Added connection org.postgresql.jdbc.PgConnection@1ab28416
2026-10-03 15:34:50 INFO  com.zaxxer.hikari.HikariDataSource - HikariPool-1 - Start completed.
2026-10-03 15:34:50 WARN  org.hibernate.orm.deprecation - HHH90000025: PostgreSQLDialect does not need to be specified explicitly using 'hibernate.dialect' (remove the property setting and it will be selected by default)
2026-10-03 15:34:50 INFO  o.s.o.j.p.SpringPersistenceUnitInfo - No LoadTimeWeaver setup: ignoring JPA class transformer
2026-10-03 15:34:51 INFO  o.h.e.t.j.p.i.JtaPlatformInitiator - HHH000489: No JTA platform available (set 'hibernate.transaction.jta.platform' to enable JTA platform integration)
2026-10-03 15:34:51 INFO  o.s.o.j.LocalContainerEntityManagerFactoryBean - Initialized JPA EntityManagerFactory for persistence unit 'default'
2026-10-03 15:34:51 INFO  o.s.d.j.r.query.QueryEnhancerFactory - Hibernate is in classpath; If applicable, HQL parser will be used.
2026-10-03 15:34:51 INFO  c.d.f.r.DocumentDoubleFundingIndexTest - Started DocumentDoubleFundingIndexTest in 2.049 seconds (process running for 3.802)
2026-10-03 15:34:52 WARN  o.h.e.jdbc.spi.SqlExceptionHelper - SQL Error: 0, SQLState: 23505
2026-10-03 15:34:52 ERROR o.h.e.jdbc.spi.SqlExceptionHelper - ERROR: duplicate key value violates unique constraint "uq_documents_generation_code"
  Detail: Key (upper(generation_code::text))=(AB12CD34-0000-4000-8000-000000000001) already exists.
2026-10-03 15:34:52 WARN  o.h.e.jdbc.spi.SqlExceptionHelper - SQL Error: 0, SQLState: 23505
2026-10-03 15:34:52 ERROR o.h.e.jdbc.spi.SqlExceptionHelper - ERROR: duplicate key value violates unique constraint "uq_documents_received_stamp"
  Detail: Key (upper(received_stamp::text))=(AAAAAAAAAAAAAAAAAAAAAAAAAAAAAAAAAAAAAAAA) already exists.
2026-10-03 15:34:52 WARN  o.h.e.jdbc.spi.SqlExceptionHelper - SQL Error: 0, SQLState: 23505
2026-10-03 15:34:52 ERROR o.h.e.jdbc.spi.SqlExceptionHelper - ERROR: duplicate key value violates unique constraint "uq_documents_control_number"
  Detail: Key (upper(control_number::text))=(DTE-03-ABCD1234-000000000000001) already exists.
2026-10-03 15:34:52 WARN  o.h.e.jdbc.spi.SqlExceptionHelper - SQL Error: 0, SQLState: 23505
2026-10-03 15:34:52 ERROR o.h.e.jdbc.spi.SqlExceptionHelper - ERROR: duplicate key value violates unique constraint "uq_documents_paper_number_year"
  Detail: Key (master_agreement_id, document_number, EXTRACT(year FROM issue_date))=(f235f3e4-9335-44a5-9969-10d85ca1c1c5, F-100, 2026) already exists.
2026-10-03 15:34:52 INFO  tc.postgres:16.9 - Creating container for image: postgres:16.9
2026-10-03 15:34:52 INFO  tc.postgres:16.9 - Container postgres:16.9 is starting: bf0b1f07e9521aad94beb5dd1e24af78cf91f68c8159fbf0d16f4896ed637d29
2026-10-03 15:34:52 INFO  tc.postgres:16.9 - Container postgres:16.9 started in PT0.640749S
2026-10-03 15:34:52 INFO  tc.postgres:16.9 - Container is started (JDBC URL: jdbc:postgresql://localhost:62878/test?loggerLevel=OFF)
2026-10-03 15:34:52 INFO  org.flywaydb.core.FlywayExecutor - Database: jdbc:postgresql://localhost:62878/flyway_ref (PostgreSQL 16.9)
2026-10-03 15:34:52 INFO  o.f.c.i.s.JdbcTableSchemaHistory - Schema history table "public"."flyway_schema_history" does not exist yet
2026-10-03 15:34:52 INFO  o.f.core.internal.command.DbValidate - Successfully validated 11 migrations (execution time 00:00.004s)
2026-10-03 15:34:53 INFO  o.f.c.i.s.JdbcTableSchemaHistory - Creating Schema History table "public"."flyway_schema_history" ...
2026-10-03 15:34:53 INFO  o.f.core.internal.command.DbMigrate - Current version of schema "public": << Empty Schema >>
2026-10-03 15:34:53 INFO  o.f.core.internal.command.DbMigrate - Migrating schema "public" to version "1 - esquema inicial"
2026-10-03 15:34:53 INFO  o.f.core.internal.command.DbMigrate - Migrating schema "public" to version "2 - datos de referencia"
2026-10-03 15:34:53 INFO  o.f.core.internal.command.DbMigrate - Migrating schema "public" to version "3 - montos calculados con todos los decimales"
2026-10-03 15:34:53 INFO  o.f.core.internal.command.DbMigrate - Migrating schema "public" to version "4 - estado inactivado por pagador"
2026-10-03 15:34:53 INFO  o.f.core.internal.command.DbMigrate - Migrating schema "public" to version "5 - lotes de dispersion"
2026-10-03 15:34:53 INFO  o.f.core.internal.command.DbMigrate - Migrating schema "public" to version "6 - alta de usuarios proveedor fuera de la carga"
2026-10-03 15:34:53 INFO  o.f.core.internal.command.DbMigrate - Migrating schema "public" to version "7 - eliminar niu de entidades"
2026-10-03 15:34:53 INFO  o.f.core.internal.command.DbMigrate - Migrating schema "public" to version "8 - eliminar rol operator"
2026-10-03 15:34:53 INFO  o.f.core.internal.command.DbMigrate - Migrating schema "public" to version "9 - recursos de carga"
2026-10-03 15:34:53 INFO  o.f.core.internal.command.DbMigrate - Migrating schema "public" to version "10 - manual de carga pdf"
2026-10-03 15:34:53 INFO  o.f.core.internal.command.DbMigrate - Migrating schema "public" to version "11 - bitacora de documentos operador"
2026-10-03 15:34:53 INFO  o.f.core.internal.command.DbMigrate - Successfully applied 11 migrations to schema "public", now at version v11 (execution time 00:00.069s)
2026-10-03 15:34:53 INFO  org.flywaydb.core.FlywayExecutor - Database: jdbc:postgresql://localhost:62878/actualizacion (PostgreSQL 16.9)
2026-10-03 15:34:53 INFO  o.f.c.i.s.JdbcTableSchemaHistory - Schema history table "public"."flyway_schema_history" does not exist yet
2026-10-03 15:34:53 INFO  o.f.core.internal.command.DbValidate - Successfully validated 11 migrations (execution time 00:00.002s)
2026-10-03 15:34:53 INFO  o.f.c.i.s.JdbcTableSchemaHistory - Creating Schema History table "public"."flyway_schema_history" ...
2026-10-03 15:34:53 INFO  o.f.core.internal.command.DbMigrate - Current version of schema "public": << Empty Schema >>
2026-10-03 15:34:53 INFO  o.f.core.internal.command.DbMigrate - Migrating schema "public" to version "1 - esquema inicial"
2026-10-03 15:34:53 INFO  o.f.core.internal.command.DbMigrate - Migrating schema "public" to version "2 - datos de referencia"
2026-10-03 15:34:53 INFO  o.f.core.internal.command.DbMigrate - Migrating schema "public" to version "3 - montos calculados con todos los decimales"
2026-10-03 15:34:53 INFO  o.f.core.internal.command.DbMigrate - Migrating schema "public" to version "4 - estado inactivado por pagador"
2026-10-03 15:34:53 INFO  o.f.core.internal.command.DbMigrate - Migrating schema "public" to version "5 - lotes de dispersion"
2026-10-03 15:34:53 INFO  o.f.core.internal.command.DbMigrate - Migrating schema "public" to version "6 - alta de usuarios proveedor fuera de la carga"
2026-10-03 15:34:53 INFO  o.f.core.internal.command.DbMigrate - Migrating schema "public" to version "7 - eliminar niu de entidades"
2026-10-03 15:34:53 INFO  o.f.core.internal.command.DbMigrate - Migrating schema "public" to version "8 - eliminar rol operator"
2026-10-03 15:34:53 INFO  o.f.core.internal.command.DbMigrate - Successfully applied 8 migrations to schema "public", now at version v8 (execution time 00:00.065s)
2026-10-03 15:34:54 INFO  c.d.f.s.impl.DocumentServiceImpl - Cupo null liberado por inactivación de 1 documento(s): consumo $5000.00 -> $4000.00.
2026-10-03 15:34:54 INFO  c.d.f.s.impl.DocumentServiceImpl - Documento 0a630e32-7b4e-4852-a961-df643eb03ebd inactivado manualmente por el usuario a1950c43-3576-4cb8-898f-b9f8c83167f0.
2026-10-03 15:34:54 INFO  c.d.f.s.impl.DocumentServiceImpl - Cupo null liberado por inactivación de 1 documento(s): consumo $5000.00 -> $4000.00.
2026-10-03 15:34:54 INFO  c.d.f.s.impl.DocumentServiceImpl - Documento 7421f253-5bf6-432a-9faa-795b06f3927e inactivado manualmente por el usuario 722d6d20-9bc9-483f-8fb3-cf9049164a41.
2026-10-03 15:34:54 INFO  c.d.f.s.impl.DocumentServiceImpl - Fetching financeable documents for master agreement ID: 91fecc20-953f-4c68-a78e-b92d5b74fb79
2026-10-03 15:34:54 INFO  c.d.f.s.impl.DocumentServiceImpl - Cupo null liberado por inactivación de 1 documento(s): consumo $5000.00 -> $4000.00.
2026-10-03 15:34:54 INFO  c.d.f.s.impl.DocumentServiceImpl - 1 documento(s) del convenio 91fecc20-953f-4c68-a78e-b92d5b74fb79 pasaron a cuarentena por no ser financiables.
2026-10-03 15:34:54 INFO  c.d.f.s.i.DispersionBatchServiceImpl - Lote de dispersión DSP-20261002-9161C7 creado: pagador 34198308-fea7-4ab2-8c92-2b4ab83d5817, vencimiento 2026-09-20, 1 documento(s), total 100.00.
2026-10-03 15:34:54 INFO  c.d.f.s.i.DispersionBatchServiceImpl - Lote de dispersión DSP-20261002-ABC123 confirmado por el usuario 07c3ce1f-6eb0-4baf-be60-a85e3d8c6955: 2 documento(s) dispersados.
2026-10-03 15:34:54 INFO  c.d.f.s.i.DispersionBatchServiceImpl - Lote de dispersión DSP-20261002-635560 creado: pagador 24df3c78-17c2-4ec7-9483-4c0f726ebb48, vencimiento 2026-10-05, 2 documento(s), total 17347.00.
2026-10-03 15:34:55 ERROR c.d.f.service.impl.FundingCalculator - División por cero evitada: la base no puede ser cero.
2026-10-03 15:34:55 INFO  c.d.f.service.impl.FundingCalculator - [CALCULO] Totales | nominal 3500.55 | monto a financiar 3440.491071731711441470 | interés 60.058928268288558530 | comisión con IVA 9.719387277642084823 | a desembolsar 3430.771684454069356647
2026-10-03 15:34:55 INFO  c.d.f.s.i.UploadResourceServiceImpl - Recurso de carga TEMPLATE reemplazado por el usuario null (3345 bytes)
2026-10-03 15:34:55 INFO  c.d.f.s.i.UploadResourceServiceImpl - Recurso de carga MANUAL reemplazado por el usuario null (813 bytes)
2026-10-03 15:34:55 INFO  c.d.f.s.i.UploadResourceServiceImpl - Recurso de carga TEMPLATE reemplazado por el usuario null (3328 bytes)
2026-10-03 15:34:55 INFO  c.d.f.service.impl.EntityServiceImpl - Registering payer with NIT 06140101901011
2026-10-03 15:34:55 INFO  c.d.f.service.impl.EntityServiceImpl - Payer null registered with credit facility null and pricing term null
2026-10-03 15:34:55 INFO  c.d.f.service.impl.EntityServiceImpl - Registering payer with NIT 06140101901011
2026-10-03 15:34:55 INFO  c.d.f.service.impl.EntityServiceImpl - Updating payer 28672f05-4eaa-4dc1-ac1a-2e3c09cb7758
2026-10-03 15:34:55 INFO  c.d.f.service.impl.EntityServiceImpl - Updating payer 9ea110cf-2eab-4392-8bab-425cdc1eaebc
2026-10-03 15:34:55 INFO  c.d.f.service.impl.EntityServiceImpl - Payer 9ea110cf-2eab-4392-8bab-425cdc1eaebc updated
2026-10-03 15:34:55 INFO  o.s.t.c.s.AnnotationConfigContextLoaderUtils - Could not detect default configuration classes for test class [com.davivienda.factoraje.infrastructure.config.SecurityConfigTest]: SecurityConfigTest does not declare any static, non-private, non-final, nested classes annotated with @Configuration.
2026-10-03 15:34:55 INFO  o.s.b.t.c.SpringBootTestContextBootstrapper - Found @SpringBootConfiguration com.davivienda.factoraje.FactorajeApplication for test class com.davivienda.factoraje.infrastructure.config.SecurityConfigTest
2026-10-03 15:34:55 INFO  o.s.b.d.r.RestartApplicationListener - Restart disabled due to context in which it is running
2026-10-03 15:34:55 WARN  o.s.b.t.j.DuplicateJsonObjectContextCustomizerFactory$DuplicateJsonObjectContextCustomizer - 

Found multiple occurrences of org.json.JSONObject on the class path:

	jar:file:/Users/ch/.m2/repository/org/json/json/20140107/json-20140107.jar!/org/json/JSONObject.class
	jar:file:/Users/ch/.m2/repository/com/vaadin/external/google/android-json/0.0.20131108.vaadin1/android-json-0.0.20131108.vaadin1.jar!/org/json/JSONObject.class

You may wish to exclude one of them to ensure predictable runtime behavior

2026-10-03 15:34:55 INFO  c.d.f.i.config.SecurityConfigTest - Starting SecurityConfigTest using Java 21.0.8 with PID 45116 (started by ch in /Users/ch/Documents/Desarrollo de sistemas/FinCXPXC/CXP_DAV_SERVER_REFACTOR)
2026-10-03 15:34:55 INFO  c.d.f.i.config.SecurityConfigTest - No active profile set, falling back to 1 default profile: "default"
2026-10-03 15:34:56 INFO  o.s.s.c.a.a.c.InitializeUserDetailsBeanManagerConfigurer$InitializeUserDetailsManagerConfigurer - Global AuthenticationManager configured with UserDetailsService bean with name inMemoryUserDetailsManager
2026-10-03 15:34:56 INFO  o.s.s.web.DefaultSecurityFilterChain - Will secure any request with [org.springframework.security.web.session.DisableEncodeUrlFilter@345aed71, org.springframework.security.web.context.request.async.WebAsyncManagerIntegrationFilter@76601281, org.springframework.security.web.context.SecurityContextHolderFilter@19cab9ee, org.springframework.security.web.header.HeaderWriterFilter@6d448dcd, org.springframework.web.filter.CorsFilter@1c8b8a29, org.springframework.security.web.authentication.logout.LogoutFilter@1c4934a7, com.davivienda.factoraje.infrastructure.security.JwtAuthenticationFilter@304ee321, org.springframework.security.web.savedrequest.RequestCacheAwareFilter@22419f6a, org.springframework.security.web.servletapi.SecurityContextHolderAwareRequestFilter@3d64f938, org.springframework.security.web.authentication.AnonymousAuthenticationFilter@3245ecb6, org.springframework.security.web.session.SessionManagementFilter@5b83698f, org.springframework.security.web.access.ExceptionTranslationFilter@2e262f1d, org.springframework.security.web.access.intercept.AuthorizationFilter@58f3416a]
2026-10-03 15:34:56 INFO  o.s.b.t.m.w.SpringBootMockServletContext - Initializing Spring TestDispatcherServlet ''
2026-10-03 15:34:56 INFO  o.s.t.w.s.TestDispatcherServlet - Initializing Servlet ''
2026-10-03 15:34:56 INFO  o.s.t.w.s.TestDispatcherServlet - Completed initialization in 0 ms
2026-10-03 15:34:56 INFO  c.d.f.i.config.SecurityConfigTest - Started SecurityConfigTest in 0.617 seconds (process running for 8.318)
2026-10-03 15:34:56 INFO  o.s.o.j.LocalContainerEntityManagerFactoryBean - Closing JPA EntityManagerFactory for persistence unit 'default'
2026-10-03 15:34:56 INFO  com.zaxxer.hikari.HikariDataSource - HikariPool-1 - Shutdown initiated...
2026-10-03 15:34:56 INFO  com.zaxxer.hikari.HikariDataSource - HikariPool-1 - Shutdown completed.
2026-10-03 15:35:30 WARN  o.s.b.t.j.DuplicateJsonObjectContextCustomizerFactory$DuplicateJsonObjectContextCustomizer - 

Found multiple occurrences of org.json.JSONObject on the class path:

	jar:file:/Users/ch/.m2/repository/org/json/json/20140107/json-20140107.jar!/org/json/JSONObject.class
	jar:file:/Users/ch/.m2/repository/com/vaadin/external/google/android-json/0.0.20131108.vaadin1/android-json-0.0.20131108.vaadin1.jar!/org/json/JSONObject.class

You may wish to exclude one of them to ensure predictable runtime behavior

2026-10-03 15:35:30 INFO  c.d.f.r.DocumentDoubleFundingIndexTest - Starting DocumentDoubleFundingIndexTest using Java 21.0.8 with PID 45780 (started by ch in /Users/ch/Documents/Desarrollo de sistemas/FinCXPXC/CXP_DAV_SERVER_REFACTOR)
2026-10-03 15:35:30 INFO  c.d.f.r.DocumentDoubleFundingIndexTest - No active profile set, falling back to 1 default profile: "default"
2026-10-03 15:35:30 INFO  o.s.d.r.c.RepositoryConfigurationDelegate - Bootstrapping Spring Data JPA repositories in DEFAULT mode.
2026-10-03 15:35:30 INFO  o.s.d.r.c.RepositoryConfigurationDelegate - Finished Spring Data repository scanning in 45 ms. Found 27 JPA repository interfaces.
2026-10-03 15:35:30 INFO  org.flywaydb.core.FlywayExecutor - Database: jdbc:postgresql://localhost:63007/test (PostgreSQL 16.9)
2026-10-03 15:35:30 INFO  o.f.c.i.s.JdbcTableSchemaHistory - Schema history table "public"."flyway_schema_history" does not exist yet
2026-10-03 15:35:30 INFO  o.f.core.internal.command.DbValidate - Successfully validated 11 migrations (execution time 00:00.008s)
2026-10-03 15:35:30 INFO  o.f.c.i.s.JdbcTableSchemaHistory - Creating Schema History table "public"."flyway_schema_history" ...
2026-10-03 15:35:30 INFO  o.f.core.internal.command.DbMigrate - Current version of schema "public": << Empty Schema >>
2026-10-03 15:35:30 INFO  o.f.core.internal.command.DbMigrate - Migrating schema "public" to version "1 - esquema inicial"
2026-10-03 15:35:30 INFO  o.f.core.internal.command.DbMigrate - Migrating schema "public" to version "2 - datos de referencia"
2026-10-03 15:35:30 INFO  o.f.core.internal.command.DbMigrate - Migrating schema "public" to version "3 - montos calculados con todos los decimales"
2026-10-03 15:35:30 INFO  o.f.core.internal.command.DbMigrate - Migrating schema "public" to version "4 - estado inactivado por pagador"
2026-10-03 15:35:30 INFO  o.f.core.internal.command.DbMigrate - Migrating schema "public" to version "5 - lotes de dispersion"
2026-10-03 15:35:30 INFO  o.f.core.internal.command.DbMigrate - Migrating schema "public" to version "6 - alta de usuarios proveedor fuera de la carga"
2026-10-03 15:35:30 INFO  o.f.core.internal.command.DbMigrate - Migrating schema "public" to version "7 - eliminar niu de entidades"
2026-10-03 15:35:30 INFO  o.f.core.internal.command.DbMigrate - Migrating schema "public" to version "8 - eliminar rol operator"
2026-10-03 15:35:30 INFO  o.f.core.internal.command.DbMigrate - Migrating schema "public" to version "9 - recursos de carga"
2026-10-03 15:35:30 INFO  o.f.core.internal.command.DbMigrate - Migrating schema "public" to version "10 - manual de carga pdf"
2026-10-03 15:35:30 INFO  o.f.core.internal.command.DbMigrate - Migrating schema "public" to version "11 - bitacora de documentos operador"
2026-10-03 15:35:30 INFO  o.f.core.internal.command.DbMigrate - Successfully applied 11 migrations to schema "public", now at version v11 (execution time 00:00.089s)
2026-10-03 15:35:30 INFO  o.h.jpa.internal.util.LogHelper - HHH000204: Processing PersistenceUnitInfo [name: default]
2026-10-03 15:35:30 INFO  org.hibernate.Version - HHH000412: Hibernate ORM core version 6.5.2.Final
2026-10-03 15:35:30 INFO  o.h.c.i.RegionFactoryInitiator - HHH000026: Second-level cache disabled
2026-10-03 15:35:30 INFO  com.zaxxer.hikari.HikariDataSource - HikariPool-1 - Starting...
2026-10-03 15:35:30 INFO  com.zaxxer.hikari.pool.HikariPool - HikariPool-1 - Added connection org.postgresql.jdbc.PgConnection@e18d2a2
2026-10-03 15:35:30 INFO  com.zaxxer.hikari.HikariDataSource - HikariPool-1 - Start completed.
2026-10-03 15:35:30 WARN  org.hibernate.orm.deprecation - HHH90000025: PostgreSQLDialect does not need to be specified explicitly using 'hibernate.dialect' (remove the property setting and it will be selected by default)
2026-10-03 15:35:30 INFO  o.s.o.j.p.SpringPersistenceUnitInfo - No LoadTimeWeaver setup: ignoring JPA class transformer
2026-10-03 15:35:31 INFO  o.h.e.t.j.p.i.JtaPlatformInitiator - HHH000489: No JTA platform available (set 'hibernate.transaction.jta.platform' to enable JTA platform integration)
2026-10-03 15:35:31 INFO  o.s.o.j.LocalContainerEntityManagerFactoryBean - Initialized JPA EntityManagerFactory for persistence unit 'default'
2026-10-03 15:35:31 INFO  o.s.d.j.r.query.QueryEnhancerFactory - Hibernate is in classpath; If applicable, HQL parser will be used.
2026-10-03 15:35:32 INFO  c.d.f.r.DocumentDoubleFundingIndexTest - Started DocumentDoubleFundingIndexTest in 2.161 seconds (process running for 3.9)
2026-10-03 15:35:32 WARN  o.h.e.jdbc.spi.SqlExceptionHelper - SQL Error: 0, SQLState: 23505
2026-10-03 15:35:32 ERROR o.h.e.jdbc.spi.SqlExceptionHelper - ERROR: duplicate key value violates unique constraint "uq_documents_generation_code"
  Detail: Key (upper(generation_code::text))=(AB12CD34-0000-4000-8000-000000000001) already exists.
2026-10-03 15:35:32 WARN  o.h.e.jdbc.spi.SqlExceptionHelper - SQL Error: 0, SQLState: 23505
2026-10-03 15:35:32 ERROR o.h.e.jdbc.spi.SqlExceptionHelper - ERROR: duplicate key value violates unique constraint "uq_documents_received_stamp"
  Detail: Key (upper(received_stamp::text))=(AAAAAAAAAAAAAAAAAAAAAAAAAAAAAAAAAAAAAAAA) already exists.
2026-10-03 15:35:32 WARN  o.h.e.jdbc.spi.SqlExceptionHelper - SQL Error: 0, SQLState: 23505
2026-10-03 15:35:32 ERROR o.h.e.jdbc.spi.SqlExceptionHelper - ERROR: duplicate key value violates unique constraint "uq_documents_control_number"
  Detail: Key (upper(control_number::text))=(DTE-03-ABCD1234-000000000000001) already exists.
2026-10-03 15:35:32 WARN  o.h.e.jdbc.spi.SqlExceptionHelper - SQL Error: 0, SQLState: 23505
2026-10-03 15:35:32 ERROR o.h.e.jdbc.spi.SqlExceptionHelper - ERROR: duplicate key value violates unique constraint "uq_documents_paper_number_year"
  Detail: Key (master_agreement_id, document_number, EXTRACT(year FROM issue_date))=(7dfe53f7-1f6a-44fe-b8c0-7bf2a2380001, F-100, 2026) already exists.
2026-10-03 15:35:32 INFO  tc.postgres:16.9 - Creating container for image: postgres:16.9
2026-10-03 15:35:32 INFO  tc.postgres:16.9 - Container postgres:16.9 is starting: e55b857c86e5d0eefbf19682b0df02d14f80b64fc9295a03201da2831250467c
2026-10-03 15:35:33 INFO  tc.postgres:16.9 - Container postgres:16.9 started in PT0.650168S
2026-10-03 15:35:33 INFO  tc.postgres:16.9 - Container is started (JDBC URL: jdbc:postgresql://localhost:63021/test?loggerLevel=OFF)
2026-10-03 15:35:33 INFO  org.flywaydb.core.FlywayExecutor - Database: jdbc:postgresql://localhost:63021/flyway_ref (PostgreSQL 16.9)
2026-10-03 15:35:33 INFO  o.f.c.i.s.JdbcTableSchemaHistory - Schema history table "public"."flyway_schema_history" does not exist yet
2026-10-03 15:35:33 INFO  o.f.core.internal.command.DbValidate - Successfully validated 11 migrations (execution time 00:00.004s)
2026-10-03 15:35:33 INFO  o.f.c.i.s.JdbcTableSchemaHistory - Creating Schema History table "public"."flyway_schema_history" ...
2026-10-03 15:35:33 INFO  o.f.core.internal.command.DbMigrate - Current version of schema "public": << Empty Schema >>
2026-10-03 15:35:33 INFO  o.f.core.internal.command.DbMigrate - Migrating schema "public" to version "1 - esquema inicial"
2026-10-03 15:35:33 INFO  o.f.core.internal.command.DbMigrate - Migrating schema "public" to version "2 - datos de referencia"
2026-10-03 15:35:33 INFO  o.f.core.internal.command.DbMigrate - Migrating schema "public" to version "3 - montos calculados con todos los decimales"
2026-10-03 15:35:33 INFO  o.f.core.internal.command.DbMigrate - Migrating schema "public" to version "4 - estado inactivado por pagador"
2026-10-03 15:35:33 INFO  o.f.core.internal.command.DbMigrate - Migrating schema "public" to version "5 - lotes de dispersion"
2026-10-03 15:35:33 INFO  o.f.core.internal.command.DbMigrate - Migrating schema "public" to version "6 - alta de usuarios proveedor fuera de la carga"
2026-10-03 15:35:33 INFO  o.f.core.internal.command.DbMigrate - Migrating schema "public" to version "7 - eliminar niu de entidades"
2026-10-03 15:35:33 INFO  o.f.core.internal.command.DbMigrate - Migrating schema "public" to version "8 - eliminar rol operator"
2026-10-03 15:35:33 INFO  o.f.core.internal.command.DbMigrate - Migrating schema "public" to version "9 - recursos de carga"
2026-10-03 15:35:33 INFO  o.f.core.internal.command.DbMigrate - Migrating schema "public" to version "10 - manual de carga pdf"
2026-10-03 15:35:33 INFO  o.f.core.internal.command.DbMigrate - Migrating schema "public" to version "11 - bitacora de documentos operador"
2026-10-03 15:35:33 INFO  o.f.core.internal.command.DbMigrate - Successfully applied 11 migrations to schema "public", now at version v11 (execution time 00:00.069s)
2026-10-03 15:35:33 INFO  org.flywaydb.core.FlywayExecutor - Database: jdbc:postgresql://localhost:63021/actualizacion (PostgreSQL 16.9)
2026-10-03 15:35:33 INFO  o.f.c.i.s.JdbcTableSchemaHistory - Schema history table "public"."flyway_schema_history" does not exist yet
2026-10-03 15:35:33 INFO  o.f.core.internal.command.DbValidate - Successfully validated 11 migrations (execution time 00:00.002s)
2026-10-03 15:35:33 INFO  o.f.c.i.s.JdbcTableSchemaHistory - Creating Schema History table "public"."flyway_schema_history" ...
2026-10-03 15:35:33 INFO  o.f.core.internal.command.DbMigrate - Current version of schema "public": << Empty Schema >>
2026-10-03 15:35:33 INFO  o.f.core.internal.command.DbMigrate - Migrating schema "public" to version "1 - esquema inicial"
2026-10-03 15:35:33 INFO  o.f.core.internal.command.DbMigrate - Migrating schema "public" to version "2 - datos de referencia"
2026-10-03 15:35:33 INFO  o.f.core.internal.command.DbMigrate - Migrating schema "public" to version "3 - montos calculados con todos los decimales"
2026-10-03 15:35:33 INFO  o.f.core.internal.command.DbMigrate - Migrating schema "public" to version "4 - estado inactivado por pagador"
2026-10-03 15:35:33 INFO  o.f.core.internal.command.DbMigrate - Migrating schema "public" to version "5 - lotes de dispersion"
2026-10-03 15:35:33 INFO  o.f.core.internal.command.DbMigrate - Migrating schema "public" to version "6 - alta de usuarios proveedor fuera de la carga"
2026-10-03 15:35:33 INFO  o.f.core.internal.command.DbMigrate - Migrating schema "public" to version "7 - eliminar niu de entidades"
2026-10-03 15:35:33 INFO  o.f.core.internal.command.DbMigrate - Migrating schema "public" to version "8 - eliminar rol operator"
2026-10-03 15:35:33 INFO  o.f.core.internal.command.DbMigrate - Successfully applied 8 migrations to schema "public", now at version v8 (execution time 00:00.068s)
2026-10-03 15:35:34 INFO  c.d.f.s.impl.DocumentServiceImpl - Cupo null liberado por inactivación de 1 documento(s): consumo $5000.00 -> $4000.00.
2026-10-03 15:35:34 INFO  c.d.f.s.impl.DocumentServiceImpl - Documento 84f20cd9-f5dc-47bf-b433-aa73abe0a71e inactivado manualmente por el usuario bfca617d-6c7a-4cf0-aa23-880a8cac8088.
2026-10-03 15:35:34 INFO  c.d.f.s.impl.DocumentServiceImpl - Cupo null liberado por inactivación de 1 documento(s): consumo $5000.00 -> $4000.00.
2026-10-03 15:35:34 INFO  c.d.f.s.impl.DocumentServiceImpl - Documento d3d4156d-61bf-408e-b6ad-1f7e94facd01 inactivado manualmente por el usuario 54e578cf-80df-41ea-9968-bf5894474827.
2026-10-03 15:35:34 INFO  c.d.f.s.impl.DocumentServiceImpl - Fetching financeable documents for master agreement ID: 0a8954ac-20d5-489d-b891-59990dc50514
2026-10-03 15:35:34 INFO  c.d.f.s.impl.DocumentServiceImpl - Cupo null liberado por inactivación de 1 documento(s): consumo $5000.00 -> $4000.00.
2026-10-03 15:35:34 INFO  c.d.f.s.impl.DocumentServiceImpl - 1 documento(s) del convenio 0a8954ac-20d5-489d-b891-59990dc50514 pasaron a cuarentena por no ser financiables.
2026-10-03 15:35:35 INFO  c.d.f.s.i.DispersionBatchServiceImpl - Lote de dispersión DSP-20261002-0134F2 creado: pagador abb0e159-7f0f-4868-bf05-64f4fc1c0e18, vencimiento 2026-09-20, 1 documento(s), total 100.00.
2026-10-03 15:35:35 INFO  c.d.f.s.i.DispersionBatchServiceImpl - Lote de dispersión DSP-20261002-ABC123 confirmado por el usuario d19a10f7-1af6-4378-acde-09dd8f982309: 2 documento(s) dispersados.
2026-10-03 15:35:35 INFO  c.d.f.s.i.DispersionBatchServiceImpl - Lote de dispersión DSP-20261002-B9E4D5 creado: pagador 767d30aa-4dde-442e-af10-664e2d84a78d, vencimiento 2026-10-05, 2 documento(s), total 17347.00.
2026-10-03 15:35:35 ERROR c.d.f.service.impl.FundingCalculator - División por cero evitada: la base no puede ser cero.
2026-10-03 15:35:35 INFO  c.d.f.service.impl.FundingCalculator - [CALCULO] Totales | nominal 3500.55 | monto a financiar 3440.491071731711441470 | interés 60.058928268288558530 | comisión con IVA 9.719387277642084823 | a desembolsar 3430.771684454069356647
2026-10-03 15:35:35 INFO  c.d.f.s.i.UploadResourceServiceImpl - Recurso de carga TEMPLATE reemplazado por el usuario null (3345 bytes)
2026-10-03 15:35:35 INFO  c.d.f.s.i.UploadResourceServiceImpl - Recurso de carga MANUAL reemplazado por el usuario null (813 bytes)
2026-10-03 15:35:35 INFO  c.d.f.s.i.UploadResourceServiceImpl - Recurso de carga TEMPLATE reemplazado por el usuario null (3328 bytes)
2026-10-03 15:35:35 INFO  c.d.f.service.impl.EntityServiceImpl - Registering payer with NIT 06140101901011
2026-10-03 15:35:35 INFO  c.d.f.service.impl.EntityServiceImpl - Payer null registered with credit facility null and pricing term null
2026-10-03 15:35:35 INFO  c.d.f.service.impl.EntityServiceImpl - Registering payer with NIT 06140101901011
2026-10-03 15:35:35 INFO  c.d.f.service.impl.EntityServiceImpl - Updating payer 160a5bf4-ad40-47a9-b2d7-22b72f4b8eee
2026-10-03 15:35:35 INFO  c.d.f.service.impl.EntityServiceImpl - Updating payer 8dcb3042-393b-42f4-b2b4-3e0c629c7feb
2026-10-03 15:35:35 INFO  c.d.f.service.impl.EntityServiceImpl - Payer 8dcb3042-393b-42f4-b2b4-3e0c629c7feb updated
2026-10-03 15:35:35 INFO  o.s.t.c.s.AnnotationConfigContextLoaderUtils - Could not detect default configuration classes for test class [com.davivienda.factoraje.infrastructure.config.SecurityConfigTest]: SecurityConfigTest does not declare any static, non-private, non-final, nested classes annotated with @Configuration.
2026-10-03 15:35:35 INFO  o.s.b.t.c.SpringBootTestContextBootstrapper - Found @SpringBootConfiguration com.davivienda.factoraje.FactorajeApplication for test class com.davivienda.factoraje.infrastructure.config.SecurityConfigTest
2026-10-03 15:35:35 INFO  o.s.b.d.r.RestartApplicationListener - Restart disabled due to context in which it is running
2026-10-03 15:35:35 WARN  o.s.b.t.j.DuplicateJsonObjectContextCustomizerFactory$DuplicateJsonObjectContextCustomizer - 

Found multiple occurrences of org.json.JSONObject on the class path:

	jar:file:/Users/ch/.m2/repository/org/json/json/20140107/json-20140107.jar!/org/json/JSONObject.class
	jar:file:/Users/ch/.m2/repository/com/vaadin/external/google/android-json/0.0.20131108.vaadin1/android-json-0.0.20131108.vaadin1.jar!/org/json/JSONObject.class

You may wish to exclude one of them to ensure predictable runtime behavior

2026-10-03 15:35:35 INFO  c.d.f.i.config.SecurityConfigTest - Starting SecurityConfigTest using Java 21.0.8 with PID 45780 (started by ch in /Users/ch/Documents/Desarrollo de sistemas/FinCXPXC/CXP_DAV_SERVER_REFACTOR)
2026-10-03 15:35:35 INFO  c.d.f.i.config.SecurityConfigTest - No active profile set, falling back to 1 default profile: "default"
2026-10-03 15:35:36 INFO  o.s.s.c.a.a.c.InitializeUserDetailsBeanManagerConfigurer$InitializeUserDetailsManagerConfigurer - Global AuthenticationManager configured with UserDetailsService bean with name inMemoryUserDetailsManager
2026-10-03 15:35:36 INFO  o.s.s.web.DefaultSecurityFilterChain - Will secure any request with [org.springframework.security.web.session.DisableEncodeUrlFilter@3061811d, org.springframework.security.web.context.request.async.WebAsyncManagerIntegrationFilter@44b6dbe4, org.springframework.security.web.context.SecurityContextHolderFilter@6d05feac, org.springframework.security.web.header.HeaderWriterFilter@214de096, org.springframework.web.filter.CorsFilter@21814915, org.springframework.security.web.authentication.logout.LogoutFilter@2d766c77, com.davivienda.factoraje.infrastructure.security.JwtAuthenticationFilter@3ff1b819, org.springframework.security.web.savedrequest.RequestCacheAwareFilter@61868078, org.springframework.security.web.servletapi.SecurityContextHolderAwareRequestFilter@59c57449, org.springframework.security.web.authentication.AnonymousAuthenticationFilter@3ddfe20d, org.springframework.security.web.session.SessionManagementFilter@3f4b138, org.springframework.security.web.access.ExceptionTranslationFilter@357194d, org.springframework.security.web.access.intercept.AuthorizationFilter@2d5b3f1a]
2026-10-03 15:35:36 INFO  o.s.b.t.m.w.SpringBootMockServletContext - Initializing Spring TestDispatcherServlet ''
2026-10-03 15:35:36 INFO  o.s.t.w.s.TestDispatcherServlet - Initializing Servlet ''
2026-10-03 15:35:36 INFO  o.s.t.w.s.TestDispatcherServlet - Completed initialization in 0 ms
2026-10-03 15:35:36 INFO  c.d.f.i.config.SecurityConfigTest - Started SecurityConfigTest in 0.526 seconds (process running for 8.357)
2026-10-03 15:35:36 INFO  o.s.o.j.LocalContainerEntityManagerFactoryBean - Closing JPA EntityManagerFactory for persistence unit 'default'
2026-10-03 15:35:36 INFO  com.zaxxer.hikari.HikariDataSource - HikariPool-1 - Shutdown initiated...
2026-10-03 15:35:36 INFO  com.zaxxer.hikari.HikariDataSource - HikariPool-1 - Shutdown completed.
